info: Bootstrap[0]
      Hard-reset of database 'HospitalERP' completed (dropped if present).
info: Bootstrap[0]
      Applying migrations...
warn: Microsoft.EntityFrameworkCore.Model.Validation[10622]
      Entity 'Employee' has a global query filter defined and is the required end of a relationship with the entity 'AttendanceRecord'. This may lead to unexpected results when the required entity is filtered out. Either configure the navigation as optional, or define matching query filters for both entities in the navigation. See https://go.microsoft.com/fwlink/?linkid=2131316 for more information.
warn: Microsoft.EntityFrameworkCore.Model.Validation[10622]
      Entity 'Patient' has a global query filter defined and is the required end of a relationship with the entity 'BloodRequest'. This may lead to unexpected results when the required entity is filtered out. Either configure the navigation as optional, or define matching query filters for both entities in the navigation. See https://go.microsoft.com/fwlink/?linkid=2131316 for more information.
warn: Microsoft.EntityFrameworkCore.Model.Validation[10622]
      Entity 'Employee' has a global query filter defined and is the required end of a relationship with the entity 'EmployeeLeaveBalance'. This may lead to unexpected results when the required entity is filtered out. Either configure the navigation as optional, or define matching query filters for both entities in the navigation. See https://go.microsoft.com/fwlink/?linkid=2131316 for more information.
warn: Microsoft.EntityFrameworkCore.Model.Validation[10622]
      Entity 'Employee' has a global query filter defined and is the required end of a relationship with the entity 'EmployeeRoster'. This may lead to unexpected results when the required entity is filtered out. Either configure the navigation as optional, or define matching query filters for both entities in the navigation. See https://go.microsoft.com/fwlink/?linkid=2131316 for more information.
warn: Microsoft.EntityFrameworkCore.Model.Validation[10622]
      Entity 'Patient' has a global query filter defined and is the required end of a relationship with the entity 'ExternalReferral'. This may lead to unexpected results when the required entity is filtered out. Either configure the navigation as optional, or define matching query filters for both entities in the navigation. See https://go.microsoft.com/fwlink/?linkid=2131316 for more information.
warn: Microsoft.EntityFrameworkCore.Model.Validation[10622]
      Entity 'Invoice' has a global query filter defined and is the required end of a relationship with the entity 'InvoiceItem'. This may lead to unexpected results when the required entity is filtered out. Either configure the navigation as optional, or define matching query filters for both entities in the navigation. See https://go.microsoft.com/fwlink/?linkid=2131316 for more information.
warn: Microsoft.EntityFrameworkCore.Model.Validation[10622]
      Entity 'Account' has a global query filter defined and is the required end of a relationship with the entity 'JournalEntryLine'. This may lead to unexpected results when the required entity is filtered out. Either configure the navigation as optional, or define matching query filters for both entities in the navigation. See https://go.microsoft.com/fwlink/?linkid=2131316 for more information.
warn: Microsoft.EntityFrameworkCore.Model.Validation[10622]
      Entity 'Employee' has a global query filter defined and is the required end of a relationship with the entity 'LeaveRequest'. This may lead to unexpected results when the required entity is filtered out. Either configure the navigation as optional, or define matching query filters for both entities in the navigation. See https://go.microsoft.com/fwlink/?linkid=2131316 for more information.
warn: Microsoft.EntityFrameworkCore.Model.Validation[10622]
      Entity 'Item' has a global query filter defined and is the required end of a relationship with the entity 'MedicineInteraction'. This may lead to unexpected results when the required entity is filtered out. Either configure the navigation as optional, or define matching query filters for both entities in the navigation. See https://go.microsoft.com/fwlink/?linkid=2131316 for more information.
warn: Microsoft.EntityFrameworkCore.Model.Validation[10622]
      Entity 'PrescriptionItem' has a global query filter defined and is the required end of a relationship with the entity 'MedicineReturn'. This may lead to unexpected results when the required entity is filtered out. Either configure the navigation as optional, or define matching query filters for both entities in the navigation. See https://go.microsoft.com/fwlink/?linkid=2131316 for more information.
warn: Microsoft.EntityFrameworkCore.Model.Validation[10622]
      Entity 'Patient' has a global query filter defined and is the required end of a relationship with the entity 'NeonatalRecord'. This may lead to unexpected results when the required entity is filtered out. Either configure the navigation as optional, or define matching query filters for both entities in the navigation. See https://go.microsoft.com/fwlink/?linkid=2131316 for more information.
warn: Microsoft.EntityFrameworkCore.Model.Validation[10622]
      Entity 'Employee' has a global query filter defined and is the required end of a relationship with the entity 'Payroll'. This may lead to unexpected results when the required entity is filtered out. Either configure the navigation as optional, or define matching query filters for both entities in the navigation. See https://go.microsoft.com/fwlink/?linkid=2131316 for more information.
warn: Microsoft.EntityFrameworkCore.Model.Validation[10622]
      Entity 'Patient' has a global query filter defined and is the required end of a relationship with the entity 'PregnancyRecord'. This may lead to unexpected results when the required entity is filtered out. Either configure the navigation as optional, or define matching query filters for both entities in the navigation. See https://go.microsoft.com/fwlink/?linkid=2131316 for more information.
warn: Microsoft.EntityFrameworkCore.Model.Validation[10622]
      Entity 'Item' has a global query filter defined and is the required end of a relationship with the entity 'PurchaseInvoiceItem'. This may lead to unexpected results when the required entity is filtered out. Either configure the navigation as optional, or define matching query filters for both entities in the navigation. See https://go.microsoft.com/fwlink/?linkid=2131316 for more information.
warn: Microsoft.EntityFrameworkCore.Model.Validation[10622]
      Entity 'Supplier' has a global query filter defined and is the required end of a relationship with the entity 'PurchaseOrder'. This may lead to unexpected results when the required entity is filtered out. Either configure the navigation as optional, or define matching query filters for both entities in the navigation. See https://go.microsoft.com/fwlink/?linkid=2131316 for more information.
warn: Microsoft.EntityFrameworkCore.Model.Validation[10622]
      Entity 'Item' has a global query filter defined and is the required end of a relationship with the entity 'PurchaseOrderItem'. This may lead to unexpected results when the required entity is filtered out. Either configure the navigation as optional, or define matching query filters for both entities in the navigation. See https://go.microsoft.com/fwlink/?linkid=2131316 for more information.
warn: Microsoft.EntityFrameworkCore.Model.Validation[10622]
      Entity 'Item' has a global query filter defined and is the required end of a relationship with the entity 'SalesInvoiceItem'. This may lead to unexpected results when the required entity is filtered out. Either configure the navigation as optional, or define matching query filters for both entities in the navigation. See https://go.microsoft.com/fwlink/?linkid=2131316 for more information.
warn: Microsoft.EntityFrameworkCore.Model.Validation[10622]
      Entity 'Item' has a global query filter defined and is the required end of a relationship with the entity 'StockTransaction'. This may lead to unexpected results when the required entity is filtered out. Either configure the navigation as optional, or define matching query filters for both entities in the navigation. See https://go.microsoft.com/fwlink/?linkid=2131316 for more information.
warn: Microsoft.EntityFrameworkCore.Model.Validation[10622]
      Entity 'ScheduledSurgery' has a global query filter defined and is the required end of a relationship with the entity 'SurgeryChecklist'. This may lead to unexpected results when the required entity is filtered out. Either configure the navigation as optional, or define matching query filters for both entities in the navigation. See https://go.microsoft.com/fwlink/?linkid=2131316 for more information.
warn: Microsoft.EntityFrameworkCore.Model.Validation[10622]
      Entity 'Item' has a global query filter defined and is the required end of a relationship with the entity 'WardStockDispensation'. This may lead to unexpected results when the required entity is filtered out. Either configure the navigation as optional, or define matching query filters for both entities in the navigation. See https://go.microsoft.com/fwlink/?linkid=2131316 for more information.
warn: Microsoft.EntityFrameworkCore.Model.Validation[10622]
      Entity 'Item' has a global query filter defined and is the required end of a relationship with the entity 'WarehouseStock'. This may lead to unexpected results when the required entity is filtered out. Either configure the navigation as optional, or define matching query filters for both entities in the navigation. See https://go.microsoft.com/fwlink/?linkid=2131316 for more information.
warn: Microsoft.EntityFrameworkCore.Model.Validation[10622]
      Entity 'Employee' has a global query filter defined and is the required end of a relationship with the entity 'AttendanceRecord'. This may lead to unexpected results when the required entity is filtered out. Either configure the navigation as optional, or define matching query filters for both entities in the navigation. See https://go.microsoft.com/fwlink/?linkid=2131316 for more information.
warn: Microsoft.EntityFrameworkCore.Model.Validation[10622]
      Entity 'Patient' has a global query filter defined and is the required end of a relationship with the entity 'BloodRequest'. This may lead to unexpected results when the required entity is filtered out. Either configure the navigation as optional, or define matching query filters for both entities in the navigation. See https://go.microsoft.com/fwlink/?linkid=2131316 for more information.
warn: Microsoft.EntityFrameworkCore.Model.Validation[10622]
      Entity 'Employee' has a global query filter defined and is the required end of a relationship with the entity 'EmployeeLeaveBalance'. This may lead to unexpected results when the required entity is filtered out. Either configure the navigation as optional, or define matching query filters for both entities in the navigation. See https://go.microsoft.com/fwlink/?linkid=2131316 for more information.
warn: Microsoft.EntityFrameworkCore.Model.Validation[10622]
      Entity 'Employee' has a global query filter defined and is the required end of a relationship with the entity 'EmployeeRoster'. This may lead to unexpected results when the required entity is filtered out. Either configure the navigation as optional, or define matching query filters for both entities in the navigation. See https://go.microsoft.com/fwlink/?linkid=2131316 for more information.
warn: Microsoft.EntityFrameworkCore.Model.Validation[10622]
      Entity 'Patient' has a global query filter defined and is the required end of a relationship with the entity 'ExternalReferral'. This may lead to unexpected results when the required entity is filtered out. Either configure the navigation as optional, or define matching query filters for both entities in the navigation. See https://go.microsoft.com/fwlink/?linkid=2131316 for more information.
warn: Microsoft.EntityFrameworkCore.Model.Validation[10622]
      Entity 'Invoice' has a global query filter defined and is the required end of a relationship with the entity 'InvoiceItem'. This may lead to unexpected results when the required entity is filtered out. Either configure the navigation as optional, or define matching query filters for both entities in the navigation. See https://go.microsoft.com/fwlink/?linkid=2131316 for more information.
warn: Microsoft.EntityFrameworkCore.Model.Validation[10622]
      Entity 'Account' has a global query filter defined and is the required end of a relationship with the entity 'JournalEntryLine'. This may lead to unexpected results when the required entity is filtered out. Either configure the navigation as optional, or define matching query filters for both entities in the navigation. See https://go.microsoft.com/fwlink/?linkid=2131316 for more information.
warn: Microsoft.EntityFrameworkCore.Model.Validation[10622]
      Entity 'Employee' has a global query filter defined and is the required end of a relationship with the entity 'LeaveRequest'. This may lead to unexpected results when the required entity is filtered out. Either configure the navigation as optional, or define matching query filters for both entities in the navigation. See https://go.microsoft.com/fwlink/?linkid=2131316 for more information.
warn: Microsoft.EntityFrameworkCore.Model.Validation[10622]
      Entity 'Item' has a global query filter defined and is the required end of a relationship with the entity 'MedicineInteraction'. This may lead to unexpected results when the required entity is filtered out. Either configure the navigation as optional, or define matching query filters for both entities in the navigation. See https://go.microsoft.com/fwlink/?linkid=2131316 for more information.
warn: Microsoft.EntityFrameworkCore.Model.Validation[10622]
      Entity 'PrescriptionItem' has a global query filter defined and is the required end of a relationship with the entity 'MedicineReturn'. This may lead to unexpected results when the required entity is filtered out. Either configure the navigation as optional, or define matching query filters for both entities in the navigation. See https://go.microsoft.com/fwlink/?linkid=2131316 for more information.
warn: Microsoft.EntityFrameworkCore.Model.Validation[10622]
      Entity 'Patient' has a global query filter defined and is the required end of a relationship with the entity 'NeonatalRecord'. This may lead to unexpected results when the required entity is filtered out. Either configure the navigation as optional, or define matching query filters for both entities in the navigation. See https://go.microsoft.com/fwlink/?linkid=2131316 for more information.
warn: Microsoft.EntityFrameworkCore.Model.Validation[10622]
      Entity 'Employee' has a global query filter defined and is the required end of a relationship with the entity 'Payroll'. This may lead to unexpected results when the required entity is filtered out. Either configure the navigation as optional, or define matching query filters for both entities in the navigation. See https://go.microsoft.com/fwlink/?linkid=2131316 for more information.
warn: Microsoft.EntityFrameworkCore.Model.Validation[10622]
      Entity 'Patient' has a global query filter defined and is the required end of a relationship with the entity 'PregnancyRecord'. This may lead to unexpected results when the required entity is filtered out. Either configure the navigation as optional, or define matching query filters for both entities in the navigation. See https://go.microsoft.com/fwlink/?linkid=2131316 for more information.
warn: Microsoft.EntityFrameworkCore.Model.Validation[10622]
      Entity 'Item' has a global query filter defined and is the required end of a relationship with the entity 'PurchaseInvoiceItem'. This may lead to unexpected results when the required entity is filtered out. Either configure the navigation as optional, or define matching query filters for both entities in the navigation. See https://go.microsoft.com/fwlink/?linkid=2131316 for more information.
warn: Microsoft.EntityFrameworkCore.Model.Validation[10622]
      Entity 'Supplier' has a global query filter defined and is the required end of a relationship with the entity 'PurchaseOrder'. This may lead to unexpected results when the required entity is filtered out. Either configure the navigation as optional, or define matching query filters for both entities in the navigation. See https://go.microsoft.com/fwlink/?linkid=2131316 for more information.
warn: Microsoft.EntityFrameworkCore.Model.Validation[10622]
      Entity 'Item' has a global query filter defined and is the required end of a relationship with the entity 'PurchaseOrderItem'. This may lead to unexpected results when the required entity is filtered out. Either configure the navigation as optional, or define matching query filters for both entities in the navigation. See https://go.microsoft.com/fwlink/?linkid=2131316 for more information.
warn: Microsoft.EntityFrameworkCore.Model.Validation[10622]
      Entity 'Item' has a global query filter defined and is the required end of a relationship with the entity 'SalesInvoiceItem'. This may lead to unexpected results when the required entity is filtered out. Either configure the navigation as optional, or define matching query filters for both entities in the navigation. See https://go.microsoft.com/fwlink/?linkid=2131316 for more information.
warn: Microsoft.EntityFrameworkCore.Model.Validation[10622]
      Entity 'Item' has a global query filter defined and is the required end of a relationship with the entity 'StockTransaction'. This may lead to unexpected results when the required entity is filtered out. Either configure the navigation as optional, or define matching query filters for both entities in the navigation. See https://go.microsoft.com/fwlink/?linkid=2131316 for more information.
warn: Microsoft.EntityFrameworkCore.Model.Validation[10622]
      Entity 'ScheduledSurgery' has a global query filter defined and is the required end of a relationship with the entity 'SurgeryChecklist'. This may lead to unexpected results when the required entity is filtered out. Either configure the navigation as optional, or define matching query filters for both entities in the navigation. See https://go.microsoft.com/fwlink/?linkid=2131316 for more information.
warn: Microsoft.EntityFrameworkCore.Model.Validation[10622]
      Entity 'Item' has a global query filter defined and is the required end of a relationship with the entity 'WardStockDispensation'. This may lead to unexpected results when the required entity is filtered out. Either configure the navigation as optional, or define matching query filters for both entities in the navigation. See https://go.microsoft.com/fwlink/?linkid=2131316 for more information.
warn: Microsoft.EntityFrameworkCore.Model.Validation[10622]
      Entity 'Item' has a global query filter defined and is the required end of a relationship with the entity 'WarehouseStock'. This may lead to unexpected results when the required entity is filtered out. Either configure the navigation as optional, or define matching query filters for both entities in the navigation. See https://go.microsoft.com/fwlink/?linkid=2131316 for more information.
info: Microsoft.EntityFrameworkCore.Database.Command[20101]
      Executed DbCommand (178ms) [Parameters=[], CommandType='Text', CommandTimeout='60']
      CREATE DATABASE [HospitalERP];
info: Microsoft.EntityFrameworkCore.Database.Command[20101]
      Executed DbCommand (59ms) [Parameters=[], CommandType='Text', CommandTimeout='60']
      IF SERVERPROPERTY('EngineEdition') <> 5
      BEGIN
          ALTER DATABASE [HospitalERP] SET READ_COMMITTED_SNAPSHOT ON;
      END;
info: Microsoft.EntityFrameworkCore.Database.Command[20101]
      Executed DbCommand (3ms) [Parameters=[], CommandType='Text', CommandTimeout='30']
      SELECT 1
info: Microsoft.EntityFrameworkCore.Database.Command[20101]
      Executed DbCommand (5ms) [Parameters=[], CommandType='Text', CommandTimeout='30']
      CREATE TABLE [__EFMigrationsHistory] (
          [MigrationId] nvarchar(150) NOT NULL,
          [ProductVersion] nvarchar(32) NOT NULL,
          CONSTRAINT [PK___EFMigrationsHistory] PRIMARY KEY ([MigrationId])
      );
info: Microsoft.EntityFrameworkCore.Database.Command[20101]
      Executed DbCommand (1ms) [Parameters=[], CommandType='Text', CommandTimeout='30']
      SELECT 1
info: Microsoft.EntityFrameworkCore.Database.Command[20101]
      Executed DbCommand (6ms) [Parameters=[], CommandType='Text', CommandTimeout='30']
      SELECT OBJECT_ID(N'[__EFMigrationsHistory]');
info: Microsoft.EntityFrameworkCore.Database.Command[20101]
      Executed DbCommand (2ms) [Parameters=[], CommandType='Text', CommandTimeout='30']
      SELECT [MigrationId], [ProductVersion]
      FROM [__EFMigrationsHistory]
      ORDER BY [MigrationId];
info: Microsoft.EntityFrameworkCore.Migrations[20402]
      Applying migration '20260904233545_InitialCreate'.
info: Microsoft.EntityFrameworkCore.Database.Command[20101]
      Executed DbCommand (2ms) [Parameters=[], CommandType='Text', CommandTimeout='30']
      CREATE TABLE [Accounts] (
          [Id] int NOT NULL IDENTITY,
          [AccountCode] nvarchar(450) NOT NULL,
          [AccountName] nvarchar(max) NOT NULL,
          [AccountNameAr] nvarchar(max) NOT NULL,
          [AccountType] int NOT NULL,
          [ParentAccountId] int NULL,
          [Balance] decimal(18,2) NOT NULL,
          [IsActive] bit NOT NULL,
          [Description] nvarchar(max) NULL,
          [CreatedDate] datetime2 NOT NULL,
          [CreatedBy] nvarchar(max) NOT NULL,
          [UpdatedDate] datetime2 NULL,
          [UpdatedBy] nvarchar(max) NULL,
          [IsDeleted] bit NOT NULL,
          CONSTRAINT [PK_Accounts] PRIMARY KEY ([Id]),
          CONSTRAINT [FK_Accounts_Accounts_ParentAccountId] FOREIGN KEY ([ParentAccountId]) REFERENCES [Accounts] ([Id]) ON DELETE NO ACTION
      );
info: Microsoft.EntityFrameworkCore.Database.Command[20101]
      Executed DbCommand (2ms) [Parameters=[], CommandType='Text', CommandTimeout='30']
      CREATE TABLE [Assets] (
          [Id] int NOT NULL IDENTITY,
          [AssetCode] nvarchar(max) NOT NULL,
          [AssetName] nvarchar(max) NOT NULL,
          [Manufacturer] nvarchar(max) NULL,
          [ModelNumber] nvarchar(max) NULL,
          [SerialNumber] nvarchar(max) NULL,
          [Category] nvarchar(max) NOT NULL,
          [PurchaseCost] decimal(18,2) NOT NULL,
          [PurchaseDate] datetime2 NOT NULL,
          [WarrantyExpiryDate] datetime2 NULL,
          [DepreciationRate] decimal(18,2) NOT NULL,
          [CurrentValue] decimal(18,2) NOT NULL,
          [Location] nvarchar(max) NULL,
          [Status] nvarchar(max) NOT NULL,
          [IsBioMedical] bit NOT NULL,
          [MaintenanceIntervalDays] int NULL,
          [LastMaintenanceDate] datetime2 NULL,
          [NextMaintenanceDate] datetime2 NULL,
          [Notes] nvarchar(max) NULL,
          [CreatedDate] datetime2 NOT NULL,
          [CreatedBy] nvarchar(max) NOT NULL,
          [UpdatedDate] datetime2 NULL,
          [UpdatedBy] nvarchar(max) NULL,
          [IsDeleted] bit NOT NULL,
          CONSTRAINT [PK_Assets] PRIMARY KEY ([Id])
      );
info: Microsoft.EntityFrameworkCore.Database.Command[20101]
      Executed DbCommand (1ms) [Parameters=[], CommandType='Text', CommandTimeout='30']
      CREATE TABLE [AuditLogs] (
          [Id] int NOT NULL IDENTITY,
          [UserId] nvarchar(max) NOT NULL,
          [Username] nvarchar(max) NOT NULL,
          [Action] nvarchar(max) NOT NULL,
          [EntityName] nvarchar(max) NOT NULL,
          [EntityId] int NOT NULL,
          [Changes] nvarchar(max) NOT NULL,
          [Timestamp] datetime2 NOT NULL,
          [CreatedDate] datetime2 NOT NULL,
          [CreatedBy] nvarchar(max) NOT NULL,
          [UpdatedDate] datetime2 NULL,
          [UpdatedBy] nvarchar(max) NULL,
          [IsDeleted] bit NOT NULL,
          CONSTRAINT [PK_AuditLogs] PRIMARY KEY ([Id])
      );
info: Microsoft.EntityFrameworkCore.Database.Command[20101]
      Executed DbCommand (1ms) [Parameters=[], CommandType='Text', CommandTimeout='30']
      CREATE TABLE [BloodDonors] (
          [Id] int NOT NULL IDENTITY,
          [FullName] nvarchar(max) NOT NULL,
          [DonorCode] nvarchar(max) NOT NULL,
          [BloodGroup] nvarchar(max) NOT NULL,
          [RhFactor] nvarchar(max) NOT NULL,
          [DateOfBirth] datetime2 NOT NULL,
          [Gender] nvarchar(max) NOT NULL,
          [PhoneNumber] nvarchar(max) NOT NULL,
          [Email] nvarchar(max) NULL,
          [Address] nvarchar(max) NULL,
          [LastDonationDate] datetime2 NULL,
          [IsEligible] bit NOT NULL,
          [EligibilityNotes] nvarchar(max) NULL,
          [CreatedDate] datetime2 NOT NULL,
          [CreatedBy] nvarchar(max) NOT NULL,
          [UpdatedDate] datetime2 NULL,
          [UpdatedBy] nvarchar(max) NULL,
          [IsDeleted] bit NOT NULL,
          CONSTRAINT [PK_BloodDonors] PRIMARY KEY ([Id])
      );
info: Microsoft.EntityFrameworkCore.Database.Command[20101]
      Executed DbCommand (1ms) [Parameters=[], CommandType='Text', CommandTimeout='30']
      CREATE TABLE [Customers] (
          [Id] int NOT NULL IDENTITY,
          [CustomerCode] nvarchar(max) NOT NULL,
          [CustomerName] nvarchar(max) NOT NULL,
          [ContactPerson] nvarchar(max) NULL,
          [PhoneNumber] nvarchar(max) NULL,
          [Email] nvarchar(max) NULL,
          [Address] nvarchar(max) NULL,
          [TaxNumber] nvarchar(max) NULL,
          [Balance] decimal(18,2) NOT NULL,
          [IsActive] bit NOT NULL,
          [CreatedDate] datetime2 NOT NULL,
          [CreatedBy] nvarchar(max) NOT NULL,
          [UpdatedDate] datetime2 NULL,
          [UpdatedBy] nvarchar(max) NULL,
          [IsDeleted] bit NOT NULL,
          CONSTRAINT [PK_Customers] PRIMARY KEY ([Id])
      );
info: Microsoft.EntityFrameworkCore.Database.Command[20101]
      Executed DbCommand (1ms) [Parameters=[], CommandType='Text', CommandTimeout='30']
      CREATE TABLE [Employees] (
          [Id] int NOT NULL IDENTITY,
          [EmployeeCode] nvarchar(max) NOT NULL,
          [FullName] nvarchar(max) NOT NULL,
          [NationalId] nvarchar(max) NULL,
          [Department] nvarchar(max) NOT NULL,
          [Position] nvarchar(max) NOT NULL,
          [HireDate] datetime2 NOT NULL,
          [BasicSalary] decimal(18,2) NOT NULL,
          [Allowances] decimal(18,2) NOT NULL,
          [Deductions] decimal(18,2) NOT NULL,
          [PhoneNumber] nvarchar(max) NULL,
          [Email] nvarchar(max) NULL,
          [IsActive] bit NOT NULL,
          [CreatedDate] datetime2 NOT NULL,
          [CreatedBy] nvarchar(max) NOT NULL,
          [UpdatedDate] datetime2 NULL,
          [UpdatedBy] nvarchar(max) NULL,
          [IsDeleted] bit NOT NULL,
          CONSTRAINT [PK_Employees] PRIMARY KEY ([Id])
      );
info: Microsoft.EntityFrameworkCore.Database.Command[20101]
      Executed DbCommand (1ms) [Parameters=[], CommandType='Text', CommandTimeout='30']
      CREATE TABLE [ERTriageVitals] (
          [Id] int NOT NULL IDENTITY,
          [EmergencyAdmissionId] int NOT NULL,
          [Temperature] float NOT NULL,
          [BloodPressure] nvarchar(max) NOT NULL,
          [HeartRate] int NOT NULL,
          [RespiratoryRate] int NOT NULL,
          [SpO2] int NOT NULL,
          [PainScale] nvarchar(max) NOT NULL,
          [RecordedAt] datetime2 NOT NULL,
          [CreatedDate] datetime2 NOT NULL,
          [CreatedBy] nvarchar(max) NOT NULL,
          [UpdatedDate] datetime2 NULL,
          [UpdatedBy] nvarchar(max) NULL,
          [IsDeleted] bit NOT NULL,
          CONSTRAINT [PK_ERTriageVitals] PRIMARY KEY ([Id])
      );
info: Microsoft.EntityFrameworkCore.Database.Command[20101]
      Executed DbCommand (1ms) [Parameters=[], CommandType='Text', CommandTimeout='30']
      CREATE TABLE [Expenses] (
          [Id] int NOT NULL IDENTITY,
          [ExpenseNumber] nvarchar(max) NOT NULL,
          [Description] nvarchar(max) NOT NULL,
          [Category] nvarchar(max) NOT NULL,
          [Amount] decimal(18,2) NOT NULL,
          [ExpenseDate] datetime2 NOT NULL,
          [Vendor] nvarchar(max) NULL,
          [Receipt] nvarchar(max) NULL,
          [IsApproved] bit NOT NULL,
          [Notes] nvarchar(max) NULL,
          [CreatedDate] datetime2 NOT NULL,
          [CreatedBy] nvarchar(max) NOT NULL,
          [UpdatedDate] datetime2 NULL,
          [UpdatedBy] nvarchar(max) NULL,
          [IsDeleted] bit NOT NULL,
          CONSTRAINT [PK_Expenses] PRIMARY KEY ([Id])
      );
info: Microsoft.EntityFrameworkCore.Database.Command[20101]
      Executed DbCommand (2ms) [Parameters=[], CommandType='Text', CommandTimeout='30']
      CREATE TABLE [InsuranceProviders] (
          [Id] int NOT NULL IDENTITY,
          [Name] nvarchar(max) NOT NULL,
          [ContactPerson] nvarchar(max) NULL,
          [Email] nvarchar(max) NULL,
          [PhoneNumber] nvarchar(max) NULL,
          [Address] nvarchar(max) NULL,
          [TPA] nvarchar(max) NULL,
          [IsActive] bit NOT NULL,
          [CreatedDate] datetime2 NOT NULL,
          [CreatedBy] nvarchar(max) NOT NULL,
          [UpdatedDate] datetime2 NULL,
          [UpdatedBy] nvarchar(max) NULL,
          [IsDeleted] bit NOT NULL,
          CONSTRAINT [PK_InsuranceProviders] PRIMARY KEY ([Id])
      );
info: Microsoft.EntityFrameworkCore.Database.Command[20101]
      Executed DbCommand (1ms) [Parameters=[], CommandType='Text', CommandTimeout='30']
      CREATE TABLE [Items] (
          [Id] int NOT NULL IDENTITY,
          [ItemCode] nvarchar(max) NOT NULL,
          [ItemName] nvarchar(max) NOT NULL,
          [ItemNameAr] nvarchar(max) NOT NULL,
          [Category] nvarchar(max) NULL,
          [Unit] nvarchar(max) NULL,
          [SalePrice] decimal(18,2) NOT NULL,
          [PurchasePrice] decimal(18,2) NOT NULL,
          [TaxRate] decimal(18,2) NOT NULL,
          [Barcode] nvarchar(max) NULL,
          [Description] nvarchar(max) NULL,
          [IsActive] bit NOT NULL,
          [TrackBatches] bit NOT NULL,
          [GenericName] nvarchar(max) NULL,
          [Strength] nvarchar(max) NULL,
          [DosageForm] nvarchar(max) NULL,
          [IsNarcotic] bit NOT NULL,
          [RequiresRefrigeration] bit NOT NULL,
          [CreatedDate] datetime2 NOT NULL,
          [CreatedBy] nvarchar(max) NOT NULL,
          [UpdatedDate] datetime2 NULL,
          [UpdatedBy] nvarchar(max) NULL,
          [IsDeleted] bit NOT NULL,
          CONSTRAINT [PK_Items] PRIMARY KEY ([Id])
      );
info: Microsoft.EntityFrameworkCore.Database.Command[20101]
      Executed DbCommand (1ms) [Parameters=[], CommandType='Text', CommandTimeout='30']
      CREATE TABLE [JournalEntries] (
          [Id] int NOT NULL IDENTITY,
          [EntryNumber] nvarchar(max) NOT NULL,
          [EntryDate] datetime2 NOT NULL,
          [Description] nvarchar(max) NOT NULL,
          [Reference] nvarchar(max) NULL,
          [Status] int NOT NULL,
          [TotalDebit] decimal(18,2) NOT NULL,
          [TotalCredit] decimal(18,2) NOT NULL,
          [CreatedDate] datetime2 NOT NULL,
          [CreatedBy] nvarchar(max) NOT NULL,
          [UpdatedDate] datetime2 NULL,
          [UpdatedBy] nvarchar(max) NULL,
          [IsDeleted] bit NOT NULL,
          CONSTRAINT [PK_JournalEntries] PRIMARY KEY ([Id])
      );
info: Microsoft.EntityFrameworkCore.Database.Command[20101]
      Executed DbCommand (1ms) [Parameters=[], CommandType='Text', CommandTimeout='30']
      CREATE TABLE [KitchenStocks] (
          [Id] int NOT NULL IDENTITY,
          [IngredientName] nvarchar(max) NOT NULL,
          [CurrentQuantity] decimal(18,2) NOT NULL,
          [Unit] nvarchar(max) NOT NULL,
          [ReorderLevel] decimal(18,2) NOT NULL,
          [CreatedDate] datetime2 NOT NULL,
          [CreatedBy] nvarchar(max) NOT NULL,
          [UpdatedDate] datetime2 NULL,
          [UpdatedBy] nvarchar(max) NULL,
          [IsDeleted] bit NOT NULL,
          CONSTRAINT [PK_KitchenStocks] PRIMARY KEY ([Id])
      );
info: Microsoft.EntityFrameworkCore.Database.Command[20101]
      Executed DbCommand (1ms) [Parameters=[], CommandType='Text', CommandTimeout='30']
      CREATE TABLE [LabTests] (
          [Id] int NOT NULL IDENTITY,
          [TestCode] nvarchar(450) NOT NULL,
          [Name] nvarchar(max) NOT NULL,
          [NameAr] nvarchar(max) NOT NULL,
          [Category] nvarchar(max) NOT NULL,
          [NormalRange] nvarchar(max) NOT NULL,
          [Unit] nvarchar(max) NOT NULL,
          [Price] decimal(18,2) NOT NULL,
          [IsActive] bit NOT NULL,
          [CreatedDate] datetime2 NOT NULL,
          [CreatedBy] nvarchar(max) NOT NULL,
          [UpdatedDate] datetime2 NULL,
          [UpdatedBy] nvarchar(max) NULL,
          [IsDeleted] bit NOT NULL,
          CONSTRAINT [PK_LabTests] PRIMARY KEY ([Id])
      );
info: Microsoft.EntityFrameworkCore.Database.Command[20101]
      Executed DbCommand (1ms) [Parameters=[], CommandType='Text', CommandTimeout='30']
      CREATE TABLE [LaundryRecords] (
          [Id] int NOT NULL IDENTITY,
          [ItemType] nvarchar(max) NOT NULL,
          [Quantity] int NOT NULL,
          [Status] nvarchar(max) NOT NULL,
          [SourceWard] nvarchar(max) NULL,
          [DestinationWard] nvarchar(max) NULL,
          [ExpectedReturnDate] datetime2 NULL,
          [CreatedDate] datetime2 NOT NULL,
          [CreatedBy] nvarchar(max) NOT NULL,
          [UpdatedDate] datetime2 NULL,
          [UpdatedBy] nvarchar(max) NULL,
          [IsDeleted] bit NOT NULL,
          CONSTRAINT [PK_LaundryRecords] PRIMARY KEY ([Id])
      );
info: Microsoft.EntityFrameworkCore.Database.Command[20101]
      Executed DbCommand (1ms) [Parameters=[], CommandType='Text', CommandTimeout='30']
      CREATE TABLE [OperatingTheaters] (
          [Id] int NOT NULL IDENTITY,
          [Name] nvarchar(max) NOT NULL,
          [Location] nvarchar(max) NULL,
          [Status] nvarchar(max) NOT NULL,
          [CreatedDate] datetime2 NOT NULL,
          [CreatedBy] nvarchar(max) NOT NULL,
          [UpdatedDate] datetime2 NULL,
          [UpdatedBy] nvarchar(max) NULL,
          [IsDeleted] bit NOT NULL,
          CONSTRAINT [PK_OperatingTheaters] PRIMARY KEY ([Id])
      );
info: Microsoft.EntityFrameworkCore.Database.Command[20101]
      Executed DbCommand (1ms) [Parameters=[], CommandType='Text', CommandTimeout='30']
      CREATE TABLE [RadiologyTemplates] (
          [Id] int NOT NULL IDENTITY,
          [Name] nvarchar(max) NOT NULL,
          [Category] nvarchar(max) NOT NULL,
          [EnglishTemplate] nvarchar(max) NOT NULL,
          [ArabicTemplate] nvarchar(max) NOT NULL,
          [IsActive] bit NOT NULL,
          [CreatedDate] datetime2 NOT NULL,
          [CreatedBy] nvarchar(max) NOT NULL,
          [UpdatedDate] datetime2 NULL,
          [UpdatedBy] nvarchar(max) NULL,
          [IsDeleted] bit NOT NULL,
          CONSTRAINT [PK_RadiologyTemplates] PRIMARY KEY ([Id])
      );
info: Microsoft.EntityFrameworkCore.Database.Command[20101]
      Executed DbCommand (1ms) [Parameters=[], CommandType='Text', CommandTimeout='30']
      CREATE TABLE [RadiologyTests] (
          [Id] int NOT NULL IDENTITY,
          [TestCode] nvarchar(450) NOT NULL,
          [Name] nvarchar(max) NOT NULL,
          [NameAr] nvarchar(max) NOT NULL,
          [Category] nvarchar(max) NOT NULL,
          [PreparationInstructions] nvarchar(max) NULL,
          [PreparationInstructionsAr] nvarchar(max) NULL,
          [Price] decimal(18,2) NOT NULL,
          [IsActive] bit NOT NULL,
          [CreatedDate] datetime2 NOT NULL,
          [CreatedBy] nvarchar(max) NOT NULL,
          [UpdatedDate] datetime2 NULL,
          [UpdatedBy] nvarchar(max) NULL,
          [IsDeleted] bit NOT NULL,
          CONSTRAINT [PK_RadiologyTests] PRIMARY KEY ([Id])
      );
info: Microsoft.EntityFrameworkCore.Database.Command[20101]
      Executed DbCommand (1ms) [Parameters=[], CommandType='Text', CommandTimeout='30']
      CREATE TABLE [ReferralFacilities] (
          [Id] int NOT NULL IDENTITY,
          [Name] nvarchar(max) NOT NULL,
          [Type] nvarchar(max) NULL,
          [ContactPerson] nvarchar(max) NULL,
          [Email] nvarchar(max) NULL,
          [Phone] nvarchar(max) NULL,
          [Address] nvarchar(max) NULL,
          [HieEndpoint] nvarchar(max) NULL,
          [IsActive] bit NOT NULL,
          [CreatedDate] datetime2 NOT NULL,
          [CreatedBy] nvarchar(max) NOT NULL,
          [UpdatedDate] datetime2 NULL,
          [UpdatedBy] nvarchar(max) NULL,
          [IsDeleted] bit NOT NULL,
          CONSTRAINT [PK_ReferralFacilities] PRIMARY KEY ([Id])
      );
info: Microsoft.EntityFrameworkCore.Database.Command[20101]
      Executed DbCommand (1ms) [Parameters=[], CommandType='Text', CommandTimeout='30']
      CREATE TABLE [RehabEquipments] (
          [Id] int NOT NULL IDENTITY,
          [EquipmentName] nvarchar(max) NOT NULL,
          [SerialNumber] nvarchar(max) NULL,
          [Status] nvarchar(max) NOT NULL,
          [CreatedDate] datetime2 NOT NULL,
          [CreatedBy] nvarchar(max) NOT NULL,
          [UpdatedDate] datetime2 NULL,
          [UpdatedBy] nvarchar(max) NULL,
          [IsDeleted] bit NOT NULL,
          CONSTRAINT [PK_RehabEquipments] PRIMARY KEY ([Id])
      );
info: Microsoft.EntityFrameworkCore.Database.Command[20101]
      Executed DbCommand (1ms) [Parameters=[], CommandType='Text', CommandTimeout='30']
      CREATE TABLE [Roles] (
          [Id] int NOT NULL IDENTITY,
          [Name] nvarchar(max) NOT NULL,
          [Description] nvarchar(max) NULL,
          [CreatedDate] datetime2 NOT NULL,
          [CreatedBy] nvarchar(max) NOT NULL,
          [UpdatedDate] datetime2 NULL,
          [UpdatedBy] nvarchar(max) NULL,
          [IsDeleted] bit NOT NULL,
          CONSTRAINT [PK_Roles] PRIMARY KEY ([Id])
      );
info: Microsoft.EntityFrameworkCore.Database.Command[20101]
      Executed DbCommand (1ms) [Parameters=[], CommandType='Text', CommandTimeout='30']
      CREATE TABLE [SterilizationBatches] (
          [Id] int NOT NULL IDENTITY,
          [BatchNumber] nvarchar(max) NOT NULL,
          [EquipmentName] nvarchar(max) NOT NULL,
          [CycleStartTime] datetime2 NOT NULL,
          [CycleEndTime] datetime2 NULL,
          [TemperatureC] float NOT NULL,
          [PressureBar] float NOT NULL,
          [Status] nvarchar(max) NOT NULL,
          [OperatorName] nvarchar(max) NOT NULL,
          [CreatedDate] datetime2 NOT NULL,
          [CreatedBy] nvarchar(max) NOT NULL,
          [UpdatedDate] datetime2 NULL,
          [UpdatedBy] nvarchar(max) NULL,
          [IsDeleted] bit NOT NULL,
          CONSTRAINT [PK_SterilizationBatches] PRIMARY KEY ([Id])
      );
info: Microsoft.EntityFrameworkCore.Database.Command[20101]
      Executed DbCommand (1ms) [Parameters=[], CommandType='Text', CommandTimeout='30']
      CREATE TABLE [Suppliers] (
          [Id] int NOT NULL IDENTITY,
          [SupplierCode] nvarchar(max) NOT NULL,
          [SupplierName] nvarchar(max) NOT NULL,
          [ContactPerson] nvarchar(max) NULL,
          [PhoneNumber] nvarchar(max) NULL,
          [Email] nvarchar(max) NULL,
          [Address] nvarchar(max) NULL,
          [TaxNumber] nvarchar(max) NULL,
          [Balance] decimal(18,2) NOT NULL,
          [IsActive] bit NOT NULL,
          [CreatedDate] datetime2 NOT NULL,
          [CreatedBy] nvarchar(max) NOT NULL,
          [UpdatedDate] datetime2 NULL,
          [UpdatedBy] nvarchar(max) NULL,
          [IsDeleted] bit NOT NULL,
          CONSTRAINT [PK_Suppliers] PRIMARY KEY ([Id])
      );
info: Microsoft.EntityFrameworkCore.Database.Command[20101]
      Executed DbCommand (1ms) [Parameters=[], CommandType='Text', CommandTimeout='30']
      CREATE TABLE [Wards] (
          [Id] int NOT NULL IDENTITY,
          [WardCode] nvarchar(450) NOT NULL,
          [WardName] nvarchar(max) NOT NULL,
          [WardNameAr] nvarchar(max) NOT NULL,
          [WardType] nvarchar(max) NOT NULL,
          [FloorNumber] int NOT NULL,
          [Description] nvarchar(max) NULL,
          [IsActive] bit NOT NULL,
          [CreatedDate] datetime2 NOT NULL,
          [CreatedBy] nvarchar(max) NOT NULL,
          [UpdatedDate] datetime2 NULL,
          [UpdatedBy] nvarchar(max) NULL,
          [IsDeleted] bit NOT NULL,
          CONSTRAINT [PK_Wards] PRIMARY KEY ([Id])
      );
info: Microsoft.EntityFrameworkCore.Database.Command[20101]
      Executed DbCommand (1ms) [Parameters=[], CommandType='Text', CommandTimeout='30']
      CREATE TABLE [Warehouses] (
          [Id] int NOT NULL IDENTITY,
          [WarehouseCode] nvarchar(max) NOT NULL,
          [WarehouseName] nvarchar(max) NOT NULL,
          [Location] nvarchar(max) NULL,
          [IsActive] bit NOT NULL,
          [CreatedDate] datetime2 NOT NULL,
          [CreatedBy] nvarchar(max) NOT NULL,
          [UpdatedDate] datetime2 NULL,
          [UpdatedBy] nvarchar(max) NULL,
          [IsDeleted] bit NOT NULL,
          CONSTRAINT [PK_Warehouses] PRIMARY KEY ([Id])
      );
info: Microsoft.EntityFrameworkCore.Database.Command[20101]
      Executed DbCommand (1ms) [Parameters=[], CommandType='Text', CommandTimeout='30']
      CREATE TABLE [WorkShifts] (
          [Id] int NOT NULL IDENTITY,
          [ShiftName] nvarchar(max) NOT NULL,
          [StartTime] time NOT NULL,
          [EndTime] time NOT NULL,
          [ColorCode] nvarchar(max) NOT NULL,
          [IsActive] bit NOT NULL,
          [CreatedDate] datetime2 NOT NULL,
          [CreatedBy] nvarchar(max) NOT NULL,
          [UpdatedDate] datetime2 NULL,
          [UpdatedBy] nvarchar(max) NULL,
          [IsDeleted] bit NOT NULL,
          CONSTRAINT [PK_WorkShifts] PRIMARY KEY ([Id])
      );
info: Microsoft.EntityFrameworkCore.Database.Command[20101]
      Executed DbCommand (1ms) [Parameters=[], CommandType='Text', CommandTimeout='30']
      CREATE TABLE [MaintenanceTickets] (
          [Id] int NOT NULL IDENTITY,
          [AssetId] int NOT NULL,
          [TicketNumber] nvarchar(max) NOT NULL,
          [Type] nvarchar(max) NOT NULL,
          [Priority] nvarchar(max) NOT NULL,
          [Description] nvarchar(max) NOT NULL,
          [Status] nvarchar(max) NOT NULL,
          [ReportedDate] datetime2 NOT NULL,
          [CompletedDate] datetime2 NULL,
          [ReportedBy] nvarchar(max) NULL,
          [TechnicianName] nvarchar(max) NULL,
          [Cost] decimal(18,2) NULL,
          [Resolution] nvarchar(max) NULL,
          [Notes] nvarchar(max) NULL,
          [CreatedDate] datetime2 NOT NULL,
          [CreatedBy] nvarchar(max) NOT NULL,
          [UpdatedDate] datetime2 NULL,
          [UpdatedBy] nvarchar(max) NULL,
          [IsDeleted] bit NOT NULL,
          CONSTRAINT [PK_MaintenanceTickets] PRIMARY KEY ([Id]),
          CONSTRAINT [FK_MaintenanceTickets_Assets_AssetId] FOREIGN KEY ([AssetId]) REFERENCES [Assets] ([Id]) ON DELETE CASCADE
      );
info: Microsoft.EntityFrameworkCore.Database.Command[20101]
      Executed DbCommand (1ms) [Parameters=[], CommandType='Text', CommandTimeout='30']
      CREATE TABLE [SalesInvoices] (
          [Id] int NOT NULL IDENTITY,
          [InvoiceNumber] nvarchar(max) NOT NULL,
          [CustomerId] int NOT NULL,
          [InvoiceDate] datetime2 NOT NULL,
          [DueDate] datetime2 NULL,
          [Status] nvarchar(max) NOT NULL,
          [SubTotal] decimal(18,2) NOT NULL,
          [TaxAmount] decimal(18,2) NOT NULL,
          [DiscountAmount] decimal(18,2) NOT NULL,
          [TotalAmount] decimal(18,2) NOT NULL,
          [PaidAmount] decimal(18,2) NOT NULL,
          [Notes] nvarchar(max) NULL,
          [CreatedDate] datetime2 NOT NULL,
          [CreatedBy] nvarchar(max) NOT NULL,
          [UpdatedDate] datetime2 NULL,
          [UpdatedBy] nvarchar(max) NULL,
          [IsDeleted] bit NOT NULL,
          CONSTRAINT [PK_SalesInvoices] PRIMARY KEY ([Id]),
          CONSTRAINT [FK_SalesInvoices_Customers_CustomerId] FOREIGN KEY ([CustomerId]) REFERENCES [Customers] ([Id]) ON DELETE CASCADE
      );
info: Microsoft.EntityFrameworkCore.Database.Command[20101]
      Executed DbCommand (1ms) [Parameters=[], CommandType='Text', CommandTimeout='30']
      CREATE TABLE [Ambulances] (
          [Id] int NOT NULL IDENTITY,
          [VehicleNumber] nvarchar(max) NOT NULL,
          [Model] nvarchar(max) NOT NULL,
          [Type] nvarchar(max) NOT NULL,
          [Status] nvarchar(max) NOT NULL,
          [CurrentLocation] nvarchar(max) NULL,
          [PrimaryDriverId] int NULL,
          [LastOdometerReading] float NOT NULL,
          [CreatedDate] datetime2 NOT NULL,
          [CreatedBy] nvarchar(max) NOT NULL,
          [UpdatedDate] datetime2 NULL,
          [UpdatedBy] nvarchar(max) NULL,
          [IsDeleted] bit NOT NULL,
          CONSTRAINT [PK_Ambulances] PRIMARY KEY ([Id]),
          CONSTRAINT [FK_Ambulances_Employees_PrimaryDriverId] FOREIGN KEY ([PrimaryDriverId]) REFERENCES [Employees] ([Id])
      );
info: Microsoft.EntityFrameworkCore.Database.Command[20101]
      Executed DbCommand (1ms) [Parameters=[], CommandType='Text', CommandTimeout='30']
      CREATE TABLE [AttendanceRecords] (
          [Id] int NOT NULL IDENTITY,
          [EmployeeId] int NOT NULL,
          [Date] datetime2 NOT NULL,
          [ClockIn] datetime2 NULL,
          [ClockOut] datetime2 NULL,
          [Status] nvarchar(max) NOT NULL,
          [Notes] nvarchar(max) NULL,
          [CreatedDate] datetime2 NOT NULL,
          [CreatedBy] nvarchar(max) NOT NULL,
          [UpdatedDate] datetime2 NULL,
          [UpdatedBy] nvarchar(max) NULL,
          [IsDeleted] bit NOT NULL,
          CONSTRAINT [PK_AttendanceRecords] PRIMARY KEY ([Id]),
          CONSTRAINT [FK_AttendanceRecords_Employees_EmployeeId] FOREIGN KEY ([EmployeeId]) REFERENCES [Employees] ([Id]) ON DELETE CASCADE
      );
info: Microsoft.EntityFrameworkCore.Database.Command[20101]
      Executed DbCommand (1ms) [Parameters=[], CommandType='Text', CommandTimeout='30']
      CREATE TABLE [Doctors] (
          [Id] int NOT NULL IDENTITY,
          [DoctorCode] nvarchar(450) NOT NULL,
          [FullName] nvarchar(max) NOT NULL,
          [Specialization] nvarchar(max) NOT NULL,
          [SubSpecialization] nvarchar(max) NULL,
          [PhoneNumber] nvarchar(max) NULL,
          [Email] nvarchar(max) NULL,
          [LicenseNumber] nvarchar(max) NULL,
          [ConsultationFee] decimal(18,2) NOT NULL,
          [WorkingDays] nvarchar(max) NULL,
          [WorkingHours] nvarchar(max) NULL,
          [IsActive] bit NOT NULL,
          [EmployeeId] int NULL,
          [CreatedDate] datetime2 NOT NULL,
          [CreatedBy] nvarchar(max) NOT NULL,
          [UpdatedDate] datetime2 NULL,
          [UpdatedBy] nvarchar(max) NULL,
          [IsDeleted] bit NOT NULL,
          CONSTRAINT [PK_Doctors] PRIMARY KEY ([Id]),
          CONSTRAINT [FK_Doctors_Employees_EmployeeId] FOREIGN KEY ([EmployeeId]) REFERENCES [Employees] ([Id]) ON DELETE SET NULL
      );
info: Microsoft.EntityFrameworkCore.Database.Command[20101]
      Executed DbCommand (2ms) [Parameters=[], CommandType='Text', CommandTimeout='30']
      CREATE TABLE [EmployeeLeaveBalances] (
          [Id] int NOT NULL IDENTITY,
          [EmployeeId] int NOT NULL,
          [Year] int NOT NULL,
          [LeaveType] nvarchar(max) NOT NULL,
          [TotalEntitled] int NOT NULL,
          [Used] int NOT NULL,
          [CreatedDate] datetime2 NOT NULL,
          [CreatedBy] nvarchar(max) NOT NULL,
          [UpdatedDate] datetime2 NULL,
          [UpdatedBy] nvarchar(max) NULL,
          [IsDeleted] bit NOT NULL,
          CONSTRAINT [PK_EmployeeLeaveBalances] PRIMARY KEY ([Id]),
          CONSTRAINT [FK_EmployeeLeaveBalances_Employees_EmployeeId] FOREIGN KEY ([EmployeeId]) REFERENCES [Employees] ([Id]) ON DELETE CASCADE
      );
info: Microsoft.EntityFrameworkCore.Database.Command[20101]
      Executed DbCommand (1ms) [Parameters=[], CommandType='Text', CommandTimeout='30']
      CREATE TABLE [LeaveRequests] (
          [Id] int NOT NULL IDENTITY,
          [EmployeeId] int NOT NULL,
          [LeaveType] nvarchar(max) NOT NULL,
          [StartDate] datetime2 NOT NULL,
          [EndDate] datetime2 NOT NULL,
          [TotalDays] int NOT NULL,
          [Reason] nvarchar(max) NOT NULL,
          [Status] nvarchar(max) NOT NULL,
          [ApprovedBy] nvarchar(max) NULL,
          [ActionDate] datetime2 NULL,
          [Comments] nvarchar(max) NULL,
          [CreatedDate] datetime2 NOT NULL,
          [CreatedBy] nvarchar(max) NOT NULL,
          [UpdatedDate] datetime2 NULL,
          [UpdatedBy] nvarchar(max) NULL,
          [IsDeleted] bit NOT NULL,
          CONSTRAINT [PK_LeaveRequests] PRIMARY KEY ([Id]),
          CONSTRAINT [FK_LeaveRequests_Employees_EmployeeId] FOREIGN KEY ([EmployeeId]) REFERENCES [Employees] ([Id]) ON DELETE CASCADE
      );
info: Microsoft.EntityFrameworkCore.Database.Command[20101]
      Executed DbCommand (1ms) [Parameters=[], CommandType='Text', CommandTimeout='30']
      CREATE TABLE [Payrolls] (
          [Id] int NOT NULL IDENTITY,
          [EmployeeId] int NOT NULL,
          [Month] int NOT NULL,
          [Year] int NOT NULL,
          [BasicSalary] decimal(18,2) NOT NULL,
          [Allowances] decimal(18,2) NOT NULL,
          [Bonuses] decimal(18,2) NOT NULL,
          [Deductions] decimal(18,2) NOT NULL,
          [NetSalary] decimal(18,2) NOT NULL,
          [Status] nvarchar(max) NOT NULL,
          [PaidDate] datetime2 NULL,
          [Notes] nvarchar(max) NULL,
          [CreatedDate] datetime2 NOT NULL,
          [CreatedBy] nvarchar(max) NOT NULL,
          [UpdatedDate] datetime2 NULL,
          [UpdatedBy] nvarchar(max) NULL,
          [IsDeleted] bit NOT NULL,
          CONSTRAINT [PK_Payrolls] PRIMARY KEY ([Id]),
          CONSTRAINT [FK_Payrolls_Employees_EmployeeId] FOREIGN KEY ([EmployeeId]) REFERENCES [Employees] ([Id]) ON DELETE NO ACTION
      );
info: Microsoft.EntityFrameworkCore.Database.Command[20101]
      Executed DbCommand (1ms) [Parameters=[], CommandType='Text', CommandTimeout='30']
      CREATE TABLE [InsurancePlans] (
          [Id] int NOT NULL IDENTITY,
          [InsuranceProviderId] int NOT NULL,
          [PlanName] nvarchar(max) NOT NULL,
          [PlanCode] nvarchar(max) NOT NULL,
          [CoveragePercentage] decimal(18,2) NOT NULL,
          [CoPayAmount] decimal(18,2) NOT NULL,
          [MaxLimit] decimal(18,2) NOT NULL,
          [Exclusions] nvarchar(max) NULL,
          [RequiresPreAuth] bit NOT NULL,
          [IsActive] bit NOT NULL,
          [CreatedDate] datetime2 NOT NULL,
          [CreatedBy] nvarchar(max) NOT NULL,
          [UpdatedDate] datetime2 NULL,
          [UpdatedBy] nvarchar(max) NULL,
          [IsDeleted] bit NOT NULL,
          CONSTRAINT [PK_InsurancePlans] PRIMARY KEY ([Id]),
          CONSTRAINT [FK_InsurancePlans_InsuranceProviders_InsuranceProviderId] FOREIGN KEY ([InsuranceProviderId]) REFERENCES [InsuranceProviders] ([Id]) ON DELETE CASCADE
      );
info: Microsoft.EntityFrameworkCore.Database.Command[20101]
      Executed DbCommand (1ms) [Parameters=[], CommandType='Text', CommandTimeout='30']
      CREATE TABLE [ItemPackagingUnits] (
          [Id] int NOT NULL IDENTITY,
          [ItemId] int NOT NULL,
          [UnitName] nvarchar(max) NOT NULL,
          [UnitNameAr] nvarchar(max) NOT NULL,
          [Barcode] nvarchar(450) NOT NULL,
          [UnitsPerPackage] decimal(18,2) NOT NULL,
          [BaseUnitQty] decimal(18,2) NOT NULL,
          [SortOrder] int NOT NULL,
          [IsBaseUnit] bit NOT NULL,
          [SalePrice] decimal(18,2) NOT NULL,
          [PurchasePrice] decimal(18,2) NOT NULL,
          [CreatedDate] datetime2 NOT NULL,
          [CreatedBy] nvarchar(max) NOT NULL,
          [UpdatedDate] datetime2 NULL,
          [UpdatedBy] nvarchar(max) NULL,
          [IsDeleted] bit NOT NULL,
          CONSTRAINT [PK_ItemPackagingUnits] PRIMARY KEY ([Id]),
          CONSTRAINT [FK_ItemPackagingUnits_Items_ItemId] FOREIGN KEY ([ItemId]) REFERENCES [Items] ([Id]) ON DELETE CASCADE
      );
info: Microsoft.EntityFrameworkCore.Database.Command[20101]
      Executed DbCommand (1ms) [Parameters=[], CommandType='Text', CommandTimeout='30']
      CREATE TABLE [MedicineInteractions] (
          [Id] int NOT NULL IDENTITY,
          [ItemAId] int NOT NULL,
          [ItemBId] int NOT NULL,
          [Severity] nvarchar(max) NOT NULL,
          [InteractionDescription] nvarchar(max) NULL,
          [Recommendation] nvarchar(max) NULL,
          [CreatedDate] datetime2 NOT NULL,
          [CreatedBy] nvarchar(max) NOT NULL,
          [UpdatedDate] datetime2 NULL,
          [UpdatedBy] nvarchar(max) NULL,
          [IsDeleted] bit NOT NULL,
          CONSTRAINT [PK_MedicineInteractions] PRIMARY KEY ([Id]),
          CONSTRAINT [FK_MedicineInteractions_Items_ItemAId] FOREIGN KEY ([ItemAId]) REFERENCES [Items] ([Id]) ON DELETE NO ACTION,
          CONSTRAINT [FK_MedicineInteractions_Items_ItemBId] FOREIGN KEY ([ItemBId]) REFERENCES [Items] ([Id]) ON DELETE NO ACTION
      );
info: Microsoft.EntityFrameworkCore.Database.Command[20101]
      Executed DbCommand (2ms) [Parameters=[], CommandType='Text', CommandTimeout='30']
      CREATE TABLE [JournalEntryLines] (
          [Id] int NOT NULL IDENTITY,
          [JournalEntryId] int NOT NULL,
          [AccountId] int NOT NULL,
          [DebitAmount] decimal(18,2) NOT NULL,
          [CreditAmount] decimal(18,2) NOT NULL,
          [Description] nvarchar(max) NULL,
          [CreatedDate] datetime2 NOT NULL,
          [CreatedBy] nvarchar(max) NOT NULL,
          [UpdatedDate] datetime2 NULL,
          [UpdatedBy] nvarchar(max) NULL,
          [IsDeleted] bit NOT NULL,
          CONSTRAINT [PK_JournalEntryLines] PRIMARY KEY ([Id]),
          CONSTRAINT [FK_JournalEntryLines_Accounts_AccountId] FOREIGN KEY ([AccountId]) REFERENCES [Accounts] ([Id]) ON DELETE NO ACTION,
          CONSTRAINT [FK_JournalEntryLines_JournalEntries_JournalEntryId] FOREIGN KEY ([JournalEntryId]) REFERENCES [JournalEntries] ([Id]) ON DELETE CASCADE
      );
info: Microsoft.EntityFrameworkCore.Database.Command[20101]
      Executed DbCommand (1ms) [Parameters=[], CommandType='Text', CommandTimeout='30']
      CREATE TABLE [LabTestReferenceRanges] (
          [Id] int NOT NULL IDENTITY,
          [LabTestId] int NOT NULL,
          [Gender] nvarchar(max) NOT NULL,
          [MinAge] int NULL,
          [MaxAge] int NULL,
          [MinValue] decimal(18,2) NULL,
          [MaxValue] decimal(18,2) NULL,
          [CriticalLow] decimal(18,2) NULL,
          [CriticalHigh] decimal(18,2) NULL,
          [Description] nvarchar(max) NULL,
          [CreatedDate] datetime2 NOT NULL,
          [CreatedBy] nvarchar(max) NOT NULL,
          [UpdatedDate] datetime2 NULL,
          [UpdatedBy] nvarchar(max) NULL,
          [IsDeleted] bit NOT NULL,
          CONSTRAINT [PK_LabTestReferenceRanges] PRIMARY KEY ([Id]),
          CONSTRAINT [FK_LabTestReferenceRanges_LabTests_LabTestId] FOREIGN KEY ([LabTestId]) REFERENCES [LabTests] ([Id]) ON DELETE CASCADE
      );
info: Microsoft.EntityFrameworkCore.Database.Command[20101]
      Executed DbCommand (1ms) [Parameters=[], CommandType='Text', CommandTimeout='30']
      CREATE TABLE [Users] (
          [Id] int NOT NULL IDENTITY,
          [Username] nvarchar(450) NOT NULL,
          [Email] nvarchar(450) NOT NULL,
          [PasswordHash] nvarchar(max) NOT NULL,
          [FullName] nvarchar(max) NOT NULL,
          [PhoneNumber] nvarchar(max) NULL,
          [IsActive] bit NOT NULL,
          [RefreshToken] nvarchar(max) NULL,
          [RefreshTokenExpiry] datetime2 NULL,
          [RoleId] int NOT NULL,
          [CreatedDate] datetime2 NOT NULL,
          [CreatedBy] nvarchar(max) NOT NULL,
          [UpdatedDate] datetime2 NULL,
          [UpdatedBy] nvarchar(max) NULL,
          [IsDeleted] bit NOT NULL,
          CONSTRAINT [PK_Users] PRIMARY KEY ([Id]),
          CONSTRAINT [FK_Users_Roles_RoleId] FOREIGN KEY ([RoleId]) REFERENCES [Roles] ([Id]) ON DELETE NO ACTION
      );
info: Microsoft.EntityFrameworkCore.Database.Command[20101]
      Executed DbCommand (1ms) [Parameters=[], CommandType='Text', CommandTimeout='30']
      CREATE TABLE [SterilizedItems] (
          [Id] int NOT NULL IDENTITY,
          [SterilizationBatchId] int NOT NULL,
          [ItemName] nvarchar(max) NOT NULL,
          [ContainerId] nvarchar(max) NOT NULL,
          [ExpiryDate] datetime2 NOT NULL,
          [IsBiologicalIndicatorPassed] bit NOT NULL,
          [CreatedDate] datetime2 NOT NULL,
          [CreatedBy] nvarchar(max) NOT NULL,
          [UpdatedDate] datetime2 NULL,
          [UpdatedBy] nvarchar(max) NULL,
          [IsDeleted] bit NOT NULL,
          CONSTRAINT [PK_SterilizedItems] PRIMARY KEY ([Id]),
          CONSTRAINT [FK_SterilizedItems_SterilizationBatches_SterilizationBatchId] FOREIGN KEY ([SterilizationBatchId]) REFERENCES [SterilizationBatches] ([Id]) ON DELETE CASCADE
      );
info: Microsoft.EntityFrameworkCore.Database.Command[20101]
      Executed DbCommand (1ms) [Parameters=[], CommandType='Text', CommandTimeout='30']
      CREATE TABLE [PurchaseInvoices] (
          [Id] int NOT NULL IDENTITY,
          [InvoiceNumber] nvarchar(max) NOT NULL,
          [SupplierId] int NOT NULL,
          [InvoiceDate] datetime2 NOT NULL,
          [DueDate] datetime2 NULL,
          [Status] nvarchar(max) NOT NULL,
          [SubTotal] decimal(18,2) NOT NULL,
          [TaxAmount] decimal(18,2) NOT NULL,
          [DiscountAmount] decimal(18,2) NOT NULL,
          [TotalAmount] decimal(18,2) NOT NULL,
          [PaidAmount] decimal(18,2) NOT NULL,
          [Notes] nvarchar(max) NULL,
          [CreatedDate] datetime2 NOT NULL,
          [CreatedBy] nvarchar(max) NOT NULL,
          [UpdatedDate] datetime2 NULL,
          [UpdatedBy] nvarchar(max) NULL,
          [IsDeleted] bit NOT NULL,
          CONSTRAINT [PK_PurchaseInvoices] PRIMARY KEY ([Id]),
          CONSTRAINT [FK_PurchaseInvoices_Suppliers_SupplierId] FOREIGN KEY ([SupplierId]) REFERENCES [Suppliers] ([Id]) ON DELETE CASCADE
      );
info: Microsoft.EntityFrameworkCore.Database.Command[20101]
      Executed DbCommand (1ms) [Parameters=[], CommandType='Text', CommandTimeout='30']
      CREATE TABLE [PurchaseOrders] (
          [Id] int NOT NULL IDENTITY,
          [PoNumber] nvarchar(max) NOT NULL,
          [SupplierId] int NOT NULL,
          [OrderDate] datetime2 NOT NULL,
          [ExpectedDeliveryDate] datetime2 NULL,
          [Status] nvarchar(max) NOT NULL,
          [TotalAmount] decimal(18,2) NOT NULL,
          [Currency] nvarchar(max) NOT NULL,
          [ExchangeRate] decimal(18,2) NOT NULL,
          [Notes] nvarchar(max) NULL,
          [CreatedDate] datetime2 NOT NULL,
          [CreatedBy] nvarchar(max) NOT NULL,
          [UpdatedDate] datetime2 NULL,
          [UpdatedBy] nvarchar(max) NULL,
          [IsDeleted] bit NOT NULL,
          CONSTRAINT [PK_PurchaseOrders] PRIMARY KEY ([Id]),
          CONSTRAINT [FK_PurchaseOrders_Suppliers_SupplierId] FOREIGN KEY ([SupplierId]) REFERENCES [Suppliers] ([Id]) ON DELETE CASCADE
      );
info: Microsoft.EntityFrameworkCore.Database.Command[20101]
      Executed DbCommand (1ms) [Parameters=[], CommandType='Text', CommandTimeout='30']
      CREATE TABLE [Rooms] (
          [Id] int NOT NULL IDENTITY,
          [WardId] int NOT NULL,
          [RoomNumber] nvarchar(450) NOT NULL,
          [RoomType] nvarchar(max) NOT NULL,
          [Capacity] int NOT NULL,
          [IsActive] bit NOT NULL,
          [Notes] nvarchar(max) NULL,
          [CreatedDate] datetime2 NOT NULL,
          [CreatedBy] nvarchar(max) NOT NULL,
          [UpdatedDate] datetime2 NULL,
          [UpdatedBy] nvarchar(max) NULL,
          [IsDeleted] bit NOT NULL,
          CONSTRAINT [PK_Rooms] PRIMARY KEY ([Id]),
          CONSTRAINT [FK_Rooms_Wards_WardId] FOREIGN KEY ([WardId]) REFERENCES [Wards] ([Id]) ON DELETE NO ACTION
      );
info: Microsoft.EntityFrameworkCore.Database.Command[20101]
      Executed DbCommand (2ms) [Parameters=[], CommandType='Text', CommandTimeout='30']
      CREATE TABLE [WardStockDispensations] (
          [Id] int NOT NULL IDENTITY,
          [WardId] int NOT NULL,
          [ItemId] int NOT NULL,
          [QuantityDispensed] decimal(18,2) NOT NULL,
          [DispensedDate] datetime2 NOT NULL,
          [RequestedBy] nvarchar(max) NULL,
          [Status] nvarchar(max) NOT NULL,
          [CreatedDate] datetime2 NOT NULL,
          [CreatedBy] nvarchar(max) NOT NULL,
          [UpdatedDate] datetime2 NULL,
          [UpdatedBy] nvarchar(max) NULL,
          [IsDeleted] bit NOT NULL,
          CONSTRAINT [PK_WardStockDispensations] PRIMARY KEY ([Id]),
          CONSTRAINT [FK_WardStockDispensations_Items_ItemId] FOREIGN KEY ([ItemId]) REFERENCES [Items] ([Id]) ON DELETE CASCADE,
          CONSTRAINT [FK_WardStockDispensations_Wards_WardId] FOREIGN KEY ([WardId]) REFERENCES [Wards] ([Id]) ON DELETE CASCADE
      );
info: Microsoft.EntityFrameworkCore.Database.Command[20101]
      Executed DbCommand (2ms) [Parameters=[], CommandType='Text', CommandTimeout='30']
      CREATE TABLE [ItemBatches] (
          [Id] int NOT NULL IDENTITY,
          [ItemId] int NOT NULL,
          [SupplierId] int NULL,
          [WarehouseId] int NULL,
          [BatchNumber] nvarchar(450) NOT NULL,
          [Barcode] nvarchar(450) NOT NULL,
          [ManufactureDate] datetime2 NOT NULL,
          [ExpiryDate] datetime2 NOT NULL,
          [QuantityReceived] decimal(18,2) NOT NULL,
          [QuantityRemaining] decimal(18,2) NOT NULL,
          [UnitCost] decimal(18,2) NOT NULL,
          [Status] nvarchar(max) NOT NULL,
          [LotNumber] nvarchar(max) NULL,
          [Notes] nvarchar(max) NULL,
          [ReceivedDate] datetime2 NOT NULL,
          [CreatedDate] datetime2 NOT NULL,
          [CreatedBy] nvarchar(max) NOT NULL,
          [UpdatedDate] datetime2 NULL,
          [UpdatedBy] nvarchar(max) NULL,
          [IsDeleted] bit NOT NULL,
          CONSTRAINT [PK_ItemBatches] PRIMARY KEY ([Id]),
          CONSTRAINT [FK_ItemBatches_Items_ItemId] FOREIGN KEY ([ItemId]) REFERENCES [Items] ([Id]) ON DELETE NO ACTION,
          CONSTRAINT [FK_ItemBatches_Suppliers_SupplierId] FOREIGN KEY ([SupplierId]) REFERENCES [Suppliers] ([Id]) ON DELETE SET NULL,
          CONSTRAINT [FK_ItemBatches_Warehouses_WarehouseId] FOREIGN KEY ([WarehouseId]) REFERENCES [Warehouses] ([Id]) ON DELETE NO ACTION
      );
info: Microsoft.EntityFrameworkCore.Database.Command[20101]
      Executed DbCommand (1ms) [Parameters=[], CommandType='Text', CommandTimeout='30']
      CREATE TABLE [WarehouseStocks] (
          [Id] int NOT NULL IDENTITY,
          [WarehouseId] int NOT NULL,
          [ItemId] int NOT NULL,
          [Quantity] decimal(18,2) NOT NULL,
          [ReorderLevel] decimal(18,2) NOT NULL,
          [MaxLevel] decimal(18,2) NOT NULL,
          [CreatedDate] datetime2 NOT NULL,
          [CreatedBy] nvarchar(max) NOT NULL,
          [UpdatedDate] datetime2 NULL,
          [UpdatedBy] nvarchar(max) NULL,
          [IsDeleted] bit NOT NULL,
          CONSTRAINT [PK_WarehouseStocks] PRIMARY KEY ([Id]),
          CONSTRAINT [FK_WarehouseStocks_Items_ItemId] FOREIGN KEY ([ItemId]) REFERENCES [Items] ([Id]) ON DELETE NO ACTION,
          CONSTRAINT [FK_WarehouseStocks_Warehouses_WarehouseId] FOREIGN KEY ([WarehouseId]) REFERENCES [Warehouses] ([Id]) ON DELETE NO ACTION
      );
info: Microsoft.EntityFrameworkCore.Database.Command[20101]
      Executed DbCommand (1ms) [Parameters=[], CommandType='Text', CommandTimeout='30']
      CREATE TABLE [EmployeeRosters] (
          [Id] int NOT NULL IDENTITY,
          [EmployeeId] int NOT NULL,
          [WorkShiftId] int NOT NULL,
          [Date] datetime2 NOT NULL,
          [Notes] nvarchar(max) NULL,
          [IsHoliday] bit NOT NULL,
          [Status] nvarchar(max) NOT NULL,
          [CreatedDate] datetime2 NOT NULL,
          [CreatedBy] nvarchar(max) NOT NULL,
          [UpdatedDate] datetime2 NULL,
          [UpdatedBy] nvarchar(max) NULL,
          [IsDeleted] bit NOT NULL,
          CONSTRAINT [PK_EmployeeRosters] PRIMARY KEY ([Id]),
          CONSTRAINT [FK_EmployeeRosters_Employees_EmployeeId] FOREIGN KEY ([EmployeeId]) REFERENCES [Employees] ([Id]) ON DELETE CASCADE,
          CONSTRAINT [FK_EmployeeRosters_WorkShifts_WorkShiftId] FOREIGN KEY ([WorkShiftId]) REFERENCES [WorkShifts] ([Id]) ON DELETE CASCADE
      );
info: Microsoft.EntityFrameworkCore.Database.Command[20101]
      Executed DbCommand (1ms) [Parameters=[], CommandType='Text', CommandTimeout='30']
      CREATE TABLE [SalesInvoiceItems] (
          [Id] int NOT NULL IDENTITY,
          [SalesInvoiceId] int NOT NULL,
          [ItemId] int NOT NULL,
          [WarehouseId] int NOT NULL,
          [Quantity] decimal(18,2) NOT NULL,
          [UnitPrice] decimal(18,2) NOT NULL,
          [TaxRate] decimal(18,2) NOT NULL,
          [Discount] decimal(18,2) NOT NULL,
          [Total] decimal(18,2) NOT NULL,
          [CreatedDate] datetime2 NOT NULL,
          [CreatedBy] nvarchar(max) NOT NULL,
          [UpdatedDate] datetime2 NULL,
          [UpdatedBy] nvarchar(max) NULL,
          [IsDeleted] bit NOT NULL,
          CONSTRAINT [PK_SalesInvoiceItems] PRIMARY KEY ([Id]),
          CONSTRAINT [FK_SalesInvoiceItems_Items_ItemId] FOREIGN KEY ([ItemId]) REFERENCES [Items] ([Id]) ON DELETE CASCADE,
          CONSTRAINT [FK_SalesInvoiceItems_SalesInvoices_SalesInvoiceId] FOREIGN KEY ([SalesInvoiceId]) REFERENCES [SalesInvoices] ([Id]) ON DELETE CASCADE,
          CONSTRAINT [FK_SalesInvoiceItems_Warehouses_WarehouseId] FOREIGN KEY ([WarehouseId]) REFERENCES [Warehouses] ([Id]) ON DELETE CASCADE
      );
info: Microsoft.EntityFrameworkCore.Database.Command[20101]
      Executed DbCommand (2ms) [Parameters=[], CommandType='Text', CommandTimeout='30']
      CREATE TABLE [FleetMaintenances] (
          [Id] int NOT NULL IDENTITY,
          [AmbulanceId] int NOT NULL,
          [MaintenanceType] nvarchar(max) NOT NULL,
          [MaintenanceDate] datetime2 NOT NULL,
          [Description] nvarchar(max) NOT NULL,
          [Cost] decimal(18,2) NOT NULL,
          [PerformedBy] nvarchar(max) NOT NULL,
          [CreatedDate] datetime2 NOT NULL,
          [CreatedBy] nvarchar(max) NOT NULL,
          [UpdatedDate] datetime2 NULL,
          [UpdatedBy] nvarchar(max) NULL,
          [IsDeleted] bit NOT NULL,
          CONSTRAINT [PK_FleetMaintenances] PRIMARY KEY ([Id]),
          CONSTRAINT [FK_FleetMaintenances_Ambulances_AmbulanceId] FOREIGN KEY ([AmbulanceId]) REFERENCES [Ambulances] ([Id]) ON DELETE CASCADE
      );
info: Microsoft.EntityFrameworkCore.Database.Command[20101]
      Executed DbCommand (2ms) [Parameters=[], CommandType='Text', CommandTimeout='30']
      CREATE TABLE [Patients] (
          [Id] int NOT NULL IDENTITY,
          [PatientCode] nvarchar(450) NOT NULL,
          [FullName] nvarchar(max) NOT NULL,
          [NationalId] nvarchar(max) NULL,
          [DateOfBirth] datetime2 NOT NULL,
          [Gender] nvarchar(max) NOT NULL,
          [BloodType] nvarchar(max) NULL,
          [PhoneNumber] nvarchar(max) NULL,
          [Email] nvarchar(max) NULL,
          [Address] nvarchar(max) NULL,
          [EmergencyContact] nvarchar(max) NULL,
          [EmergencyPhone] nvarchar(max) NULL,
          [MedicalHistory] nvarchar(max) NULL,
          [Allergies] nvarchar(max) NULL,
          [IsActive] bit NOT NULL,
          [InsuranceProviderId] int NULL,
          [InsurancePlanId] int NULL,
          [InsurancePolicyNumber] nvarchar(max) NULL,
          [InsuranceProviderNameManual] nvarchar(max) NULL,
          [InsuranceCoverageType] nvarchar(max) NULL,
          [InsuranceBalance] decimal(18,2) NOT NULL,
          [CreatedDate] datetime2 NOT NULL,
          [CreatedBy] nvarchar(max) NOT NULL,
          [UpdatedDate] datetime2 NULL,
          [UpdatedBy] nvarchar(max) NULL,
          [IsDeleted] bit NOT NULL,
          CONSTRAINT [PK_Patients] PRIMARY KEY ([Id]),
          CONSTRAINT [FK_Patients_InsurancePlans_InsurancePlanId] FOREIGN KEY ([InsurancePlanId]) REFERENCES [InsurancePlans] ([Id]) ON DELETE NO ACTION,
          CONSTRAINT [FK_Patients_InsuranceProviders_InsuranceProviderId] FOREIGN KEY ([InsuranceProviderId]) REFERENCES [InsuranceProviders] ([Id]) ON DELETE NO ACTION
      );
info: Microsoft.EntityFrameworkCore.Database.Command[20101]
      Executed DbCommand (1ms) [Parameters=[], CommandType='Text', CommandTimeout='30']
      CREATE TABLE [Messages] (
          [Id] int NOT NULL IDENTITY,
          [SenderId] int NOT NULL,
          [ReceiverId] int NOT NULL,
          [Content] nvarchar(max) NOT NULL,
          [SentAt] datetime2 NOT NULL,
          [IsRead] bit NOT NULL,
          [CreatedDate] datetime2 NOT NULL,
          [CreatedBy] nvarchar(max) NOT NULL,
          [UpdatedDate] datetime2 NULL,
          [UpdatedBy] nvarchar(max) NULL,
          [IsDeleted] bit NOT NULL,
          CONSTRAINT [PK_Messages] PRIMARY KEY ([Id]),
          CONSTRAINT [FK_Messages_Users_ReceiverId] FOREIGN KEY ([ReceiverId]) REFERENCES [Users] ([Id]) ON DELETE NO ACTION,
          CONSTRAINT [FK_Messages_Users_SenderId] FOREIGN KEY ([SenderId]) REFERENCES [Users] ([Id]) ON DELETE NO ACTION
      );
info: Microsoft.EntityFrameworkCore.Database.Command[20101]
      Executed DbCommand (1ms) [Parameters=[], CommandType='Text', CommandTimeout='30']
      CREATE TABLE [Notifications] (
          [Id] int NOT NULL IDENTITY,
          [Title] nvarchar(max) NOT NULL,
          [Message] nvarchar(max) NOT NULL,
          [NotificationType] nvarchar(max) NOT NULL,
          [IsRead] bit NOT NULL,
          [UserId] int NULL,
          [EntityType] nvarchar(max) NULL,
          [EntityId] int NULL,
          [CreatedDate] datetime2 NOT NULL,
          [CreatedBy] nvarchar(max) NOT NULL,
          [UpdatedDate] datetime2 NULL,
          [UpdatedBy] nvarchar(max) NULL,
          [IsDeleted] bit NOT NULL,
          CONSTRAINT [PK_Notifications] PRIMARY KEY ([Id]),
          CONSTRAINT [FK_Notifications_Users_UserId] FOREIGN KEY ([UserId]) REFERENCES [Users] ([Id]) ON DELETE SET NULL
      );
info: Microsoft.EntityFrameworkCore.Database.Command[20101]
      Executed DbCommand (2ms) [Parameters=[], CommandType='Text', CommandTimeout='30']
      CREATE TABLE [PurchaseInvoiceItems] (
          [Id] int NOT NULL IDENTITY,
          [PurchaseInvoiceId] int NOT NULL,
          [ItemId] int NOT NULL,
          [WarehouseId] int NOT NULL,
          [Quantity] decimal(18,2) NOT NULL,
          [UnitPrice] decimal(18,2) NOT NULL,
          [TaxRate] decimal(18,2) NOT NULL,
          [Discount] decimal(18,2) NOT NULL,
          [Total] decimal(18,2) NOT NULL,
          [CreatedDate] datetime2 NOT NULL,
          [CreatedBy] nvarchar(max) NOT NULL,
          [UpdatedDate] datetime2 NULL,
          [UpdatedBy] nvarchar(max) NULL,
          [IsDeleted] bit NOT NULL,
          CONSTRAINT [PK_PurchaseInvoiceItems] PRIMARY KEY ([Id]),
          CONSTRAINT [FK_PurchaseInvoiceItems_Items_ItemId] FOREIGN KEY ([ItemId]) REFERENCES [Items] ([Id]) ON DELETE CASCADE,
          CONSTRAINT [FK_PurchaseInvoiceItems_PurchaseInvoices_PurchaseInvoiceId] FOREIGN KEY ([PurchaseInvoiceId]) REFERENCES [PurchaseInvoices] ([Id]) ON DELETE CASCADE,
          CONSTRAINT [FK_PurchaseInvoiceItems_Warehouses_WarehouseId] FOREIGN KEY ([WarehouseId]) REFERENCES [Warehouses] ([Id]) ON DELETE CASCADE
      );
info: Microsoft.EntityFrameworkCore.Database.Command[20101]
      Executed DbCommand (2ms) [Parameters=[], CommandType='Text', CommandTimeout='30']
      CREATE TABLE [PurchaseOrderItems] (
          [Id] int NOT NULL IDENTITY,
          [PurchaseOrderId] int NOT NULL,
          [ItemId] int NOT NULL,
          [OrderedQuantity] decimal(18,2) NOT NULL,
          [ReceivedQuantity] decimal(18,2) NOT NULL,
          [UnitPrice] decimal(18,2) NOT NULL,
          [Total] decimal(18,2) NOT NULL,
          [CreatedDate] datetime2 NOT NULL,
          [CreatedBy] nvarchar(max) NOT NULL,
          [UpdatedDate] datetime2 NULL,
          [UpdatedBy] nvarchar(max) NULL,
          [IsDeleted] bit NOT NULL,
          CONSTRAINT [PK_PurchaseOrderItems] PRIMARY KEY ([Id]),
          CONSTRAINT [FK_PurchaseOrderItems_Items_ItemId] FOREIGN KEY ([ItemId]) REFERENCES [Items] ([Id]) ON DELETE CASCADE,
          CONSTRAINT [FK_PurchaseOrderItems_PurchaseOrders_PurchaseOrderId] FOREIGN KEY ([PurchaseOrderId]) REFERENCES [PurchaseOrders] ([Id]) ON DELETE CASCADE
      );
info: Microsoft.EntityFrameworkCore.Database.Command[20101]
      Executed DbCommand (2ms) [Parameters=[], CommandType='Text', CommandTimeout='30']
      CREATE TABLE [Beds] (
          [Id] int NOT NULL IDENTITY,
          [RoomId] int NOT NULL,
          [BedNumber] nvarchar(450) NOT NULL,
          [Status] nvarchar(max) NOT NULL,
          [CreatedDate] datetime2 NOT NULL,
          [CreatedBy] nvarchar(max) NOT NULL,
          [UpdatedDate] datetime2 NULL,
          [UpdatedBy] nvarchar(max) NULL,
          [IsDeleted] bit NOT NULL,
          CONSTRAINT [PK_Beds] PRIMARY KEY ([Id]),
          CONSTRAINT [FK_Beds_Rooms_RoomId] FOREIGN KEY ([RoomId]) REFERENCES [Rooms] ([Id]) ON DELETE NO ACTION
      );
info: Microsoft.EntityFrameworkCore.Database.Command[20101]
      Executed DbCommand (2ms) [Parameters=[], CommandType='Text', CommandTimeout='30']
      CREATE TABLE [StockTransactions] (
          [Id] int NOT NULL IDENTITY,
          [ItemId] int NOT NULL,
          [WarehouseId] int NOT NULL,
          [ItemBatchId] int NULL,
          [TransactionType] nvarchar(max) NOT NULL,
          [Quantity] decimal(18,2) NOT NULL,
          [UnitCost] decimal(18,2) NOT NULL,
          [Reference] nvarchar(max) NULL,
          [Notes] nvarchar(max) NULL,
          [TransactionDate] datetime2 NOT NULL,
          [CreatedDate] datetime2 NOT NULL,
          [CreatedBy] nvarchar(max) NOT NULL,
          [UpdatedDate] datetime2 NULL,
          [UpdatedBy] nvarchar(max) NULL,
          [IsDeleted] bit NOT NULL,
          CONSTRAINT [PK_StockTransactions] PRIMARY KEY ([Id]),
          CONSTRAINT [FK_StockTransactions_ItemBatches_ItemBatchId] FOREIGN KEY ([ItemBatchId]) REFERENCES [ItemBatches] ([Id]),
          CONSTRAINT [FK_StockTransactions_Items_ItemId] FOREIGN KEY ([ItemId]) REFERENCES [Items] ([Id]) ON DELETE CASCADE,
          CONSTRAINT [FK_StockTransactions_Warehouses_WarehouseId] FOREIGN KEY ([WarehouseId]) REFERENCES [Warehouses] ([Id]) ON DELETE CASCADE
      );
info: Microsoft.EntityFrameworkCore.Database.Command[20101]
      Executed DbCommand (1ms) [Parameters=[], CommandType='Text', CommandTimeout='30']
      CREATE TABLE [Appointments] (
          [Id] int NOT NULL IDENTITY,
          [AppointmentCode] nvarchar(max) NOT NULL,
          [PatientId] int NOT NULL,
          [DoctorId] int NOT NULL,
          [AppointmentDate] datetime2 NOT NULL,
          [AppointmentTime] time NOT NULL,
          [DurationMinutes] int NOT NULL,
          [Status] int NOT NULL,
          [Notes] nvarchar(max) NULL,
          [Diagnosis] nvarchar(max) NULL,
          [Prescription] nvarchar(max) NULL,
          [Fee] decimal(18,2) NOT NULL,
          [IsPaid] bit NOT NULL,
          [IsTelehealth] bit NOT NULL,
          [MeetingLink] nvarchar(max) NULL,
          [VirtualWaitingRoomStatus] nvarchar(max) NULL,
          [CreatedDate] datetime2 NOT NULL,
          [CreatedBy] nvarchar(max) NOT NULL,
          [UpdatedDate] datetime2 NULL,
          [UpdatedBy] nvarchar(max) NULL,
          [IsDeleted] bit NOT NULL,
          CONSTRAINT [PK_Appointments] PRIMARY KEY ([Id]),
          CONSTRAINT [FK_Appointments_Doctors_DoctorId] FOREIGN KEY ([DoctorId]) REFERENCES [Doctors] ([Id]) ON DELETE NO ACTION,
          CONSTRAINT [FK_Appointments_Patients_PatientId] FOREIGN KEY ([PatientId]) REFERENCES [Patients] ([Id]) ON DELETE NO ACTION
      );
info: Microsoft.EntityFrameworkCore.Database.Command[20101]
      Executed DbCommand (1ms) [Parameters=[], CommandType='Text', CommandTimeout='30']
      CREATE TABLE [BloodRequests] (
          [Id] int NOT NULL IDENTITY,
          [RequestNumber] nvarchar(max) NOT NULL,
          [PatientId] int NOT NULL,
          [BloodGroupRequired] nvarchar(max) NOT NULL,
          [RhFactorRequired] nvarchar(max) NOT NULL,
          [ComponentType] nvarchar(max) NOT NULL,
          [UnitsRequested] int NOT NULL,
          [Urgency] nvarchar(max) NOT NULL,
          [Status] nvarchar(max) NOT NULL,
          [ClinicalIndication] nvarchar(max) NULL,
          [RequestedBy] nvarchar(max) NOT NULL,
          [RequiredDate] datetime2 NOT NULL,
          [CreatedDate] datetime2 NOT NULL,
          [CreatedBy] nvarchar(max) NOT NULL,
          [UpdatedDate] datetime2 NULL,
          [UpdatedBy] nvarchar(max) NULL,
          [IsDeleted] bit NOT NULL,
          CONSTRAINT [PK_BloodRequests] PRIMARY KEY ([Id]),
          CONSTRAINT [FK_BloodRequests_Patients_PatientId] FOREIGN KEY ([PatientId]) REFERENCES [Patients] ([Id]) ON DELETE NO ACTION
      );
info: Microsoft.EntityFrameworkCore.Database.Command[20101]
      Executed DbCommand (1ms) [Parameters=[], CommandType='Text', CommandTimeout='30']
      CREATE TABLE [BloodStocks] (
          [Id] int NOT NULL IDENTITY,
          [BagNumber] nvarchar(max) NOT NULL,
          [BloodGroup] nvarchar(max) NOT NULL,
          [RhFactor] nvarchar(max) NOT NULL,
          [ComponentType] nvarchar(max) NOT NULL,
          [ExpiryDate] datetime2 NOT NULL,
          [VolumeMl] decimal(18,2) NOT NULL,
          [Status] nvarchar(max) NOT NULL,
          [StorageLocation] nvarchar(max) NULL,
          [ReservedForPatientId] int NULL,
          [CreatedDate] datetime2 NOT NULL,
          [CreatedBy] nvarchar(max) NOT NULL,
          [UpdatedDate] datetime2 NULL,
          [UpdatedBy] nvarchar(max) NULL,
          [IsDeleted] bit NOT NULL,
          CONSTRAINT [PK_BloodStocks] PRIMARY KEY ([Id]),
          CONSTRAINT [FK_BloodStocks_Patients_ReservedForPatientId] FOREIGN KEY ([ReservedForPatientId]) REFERENCES [Patients] ([Id]) ON DELETE SET NULL
      );
info: Microsoft.EntityFrameworkCore.Database.Command[20101]
      Executed DbCommand (1ms) [Parameters=[], CommandType='Text', CommandTimeout='30']
      CREATE TABLE [ClinicalIncidents] (
          [Id] int NOT NULL IDENTITY,
          [PatientId] int NULL,
          [IncidentType] nvarchar(max) NOT NULL,
          [Severity] nvarchar(max) NOT NULL,
          [Description] nvarchar(max) NOT NULL,
          [ActionTaken] nvarchar(max) NOT NULL,
          [Status] nvarchar(max) NOT NULL,
          [InvestigatorId] nvarchar(max) NULL,
          [CreatedDate] datetime2 NOT NULL,
          [CreatedBy] nvarchar(max) NOT NULL,
          [UpdatedDate] datetime2 NULL,
          [UpdatedBy] nvarchar(max) NULL,
          [IsDeleted] bit NOT NULL,
          CONSTRAINT [PK_ClinicalIncidents] PRIMARY KEY ([Id]),
          CONSTRAINT [FK_ClinicalIncidents_Patients_PatientId] FOREIGN KEY ([PatientId]) REFERENCES [Patients] ([Id])
      );
info: Microsoft.EntityFrameworkCore.Database.Command[20101]
      Executed DbCommand (2ms) [Parameters=[], CommandType='Text', CommandTimeout='30']
      CREATE TABLE [DeceasedRecords] (
          [Id] int NOT NULL IDENTITY,
          [PatientId] int NULL,
          [Name] nvarchar(max) NOT NULL,
          [DateOfDeath] datetime2 NOT NULL,
          [CauseOfDeath] nvarchar(max) NOT NULL,
          [DeathCertificateNumber] nvarchar(max) NULL,
          [BodyStatus] nvarchar(max) NOT NULL,
          [ChamberNumber] nvarchar(max) NOT NULL,
          [ReceivedDate] datetime2 NOT NULL,
          [ReleasedDate] datetime2 NULL,
          [ReleasedTo] nvarchar(max) NULL,
          [ReleasedBy] nvarchar(max) NULL,
          [Notes] nvarchar(max) NULL,
          [CreatedDate] datetime2 NOT NULL,
          [CreatedBy] nvarchar(max) NOT NULL,
          [UpdatedDate] datetime2 NULL,
          [UpdatedBy] nvarchar(max) NULL,
          [IsDeleted] bit NOT NULL,
          CONSTRAINT [PK_DeceasedRecords] PRIMARY KEY ([Id]),
          CONSTRAINT [FK_DeceasedRecords_Patients_PatientId] FOREIGN KEY ([PatientId]) REFERENCES [Patients] ([Id])
      );
info: Microsoft.EntityFrameworkCore.Database.Command[20101]
      Executed DbCommand (1ms) [Parameters=[], CommandType='Text', CommandTimeout='30']
      CREATE TABLE [DentalCharts] (
          [Id] int NOT NULL IDENTITY,
          [PatientId] int NOT NULL,
          [TeethStatusJson] nvarchar(max) NOT NULL,
          [OverallNotes] nvarchar(max) NULL,
          [CreatedDate] datetime2 NOT NULL,
          [CreatedBy] nvarchar(max) NOT NULL,
          [UpdatedDate] datetime2 NULL,
          [UpdatedBy] nvarchar(max) NULL,
          [IsDeleted] bit NOT NULL,
          CONSTRAINT [PK_DentalCharts] PRIMARY KEY ([Id]),
          CONSTRAINT [FK_DentalCharts_Patients_PatientId] FOREIGN KEY ([PatientId]) REFERENCES [Patients] ([Id]) ON DELETE CASCADE
      );
info: Microsoft.EntityFrameworkCore.Database.Command[20101]
      Executed DbCommand (1ms) [Parameters=[], CommandType='Text', CommandTimeout='30']
      CREATE TABLE [DietPlans] (
          [Id] int NOT NULL IDENTITY,
          [PatientId] int NOT NULL,
          [DietType] nvarchar(max) NOT NULL,
          [Allergies] nvarchar(max) NOT NULL,
          [RestrictedItems] nvarchar(max) NOT NULL,
          [SpecialInstructions] nvarchar(max) NULL,
          [IsActive] bit NOT NULL,
          [PrescribedById] int NULL,
          [CreatedDate] datetime2 NOT NULL,
          [CreatedBy] nvarchar(max) NOT NULL,
          [UpdatedDate] datetime2 NULL,
          [UpdatedBy] nvarchar(max) NULL,
          [IsDeleted] bit NOT NULL,
          CONSTRAINT [PK_DietPlans] PRIMARY KEY ([Id]),
          CONSTRAINT [FK_DietPlans_Doctors_PrescribedById] FOREIGN KEY ([PrescribedById]) REFERENCES [Doctors] ([Id]),
          CONSTRAINT [FK_DietPlans_Patients_PatientId] FOREIGN KEY ([PatientId]) REFERENCES [Patients] ([Id]) ON DELETE CASCADE
      );
info: Microsoft.EntityFrameworkCore.Database.Command[20101]
      Executed DbCommand (1ms) [Parameters=[], CommandType='Text', CommandTimeout='30']
      CREATE TABLE [EmergencyAdmissions] (
          [Id] int NOT NULL IDENTITY,
          [PatientId] int NOT NULL,
          [ArrivalTime] datetime2 NOT NULL,
          [ArrivalMode] nvarchar(max) NOT NULL,
          [ChiefComplaint] nvarchar(max) NOT NULL,
          [InitialVitalSigns] nvarchar(max) NULL,
          [TriageLevel] int NULL,
          [TriageCategory] nvarchar(max) NULL,
          [TriageTime] datetime2 NULL,
          [TriageNurseId] int NULL,
          [TriageNotes] nvarchar(max) NULL,
          [AssignedDoctorId] int NULL,
          [ERBayNumber] nvarchar(max) NULL,
          [Status] nvarchar(max) NOT NULL,
          [Disposition] nvarchar(max) NULL,
          [DispositionTime] datetime2 NULL,
          [Diagnosis] nvarchar(max) NULL,
          [Notes] nvarchar(max) NULL,
          [InpatientAdmissionId] int NULL,
          [CreatedDate] datetime2 NOT NULL,
          [CreatedBy] nvarchar(max) NOT NULL,
          [UpdatedDate] datetime2 NULL,
          [UpdatedBy] nvarchar(max) NULL,
          [IsDeleted] bit NOT NULL,
          CONSTRAINT [PK_EmergencyAdmissions] PRIMARY KEY ([Id]),
          CONSTRAINT [FK_EmergencyAdmissions_Patients_PatientId] FOREIGN KEY ([PatientId]) REFERENCES [Patients] ([Id]) ON DELETE CASCADE,
          CONSTRAINT [FK_EmergencyAdmissions_Users_AssignedDoctorId] FOREIGN KEY ([AssignedDoctorId]) REFERENCES [Users] ([Id])
      );
info: Microsoft.EntityFrameworkCore.Database.Command[20101]
      Executed DbCommand (1ms) [Parameters=[], CommandType='Text', CommandTimeout='30']
      CREATE TABLE [ExternalReferrals] (
          [Id] int NOT NULL IDENTITY,
          [PatientId] int NOT NULL,
          [FacilityId] int NOT NULL,
          [ReferralType] nvarchar(max) NOT NULL,
          [Reason] nvarchar(max) NOT NULL,
          [Status] nvarchar(max) NOT NULL,
          [ReferralDate] datetime2 NOT NULL,
          [ClinicalSummary] nvarchar(max) NULL,
          [ExternalDoctorName] nvarchar(max) NULL,
          [Notes] nvarchar(max) NULL,
          [CreatedDate] datetime2 NOT NULL,
          [CreatedBy] nvarchar(max) NOT NULL,
          [UpdatedDate] datetime2 NULL,
          [UpdatedBy] nvarchar(max) NULL,
          [IsDeleted] bit NOT NULL,
          CONSTRAINT [PK_ExternalReferrals] PRIMARY KEY ([Id]),
          CONSTRAINT [FK_ExternalReferrals_Patients_PatientId] FOREIGN KEY ([PatientId]) REFERENCES [Patients] ([Id]) ON DELETE CASCADE,
          CONSTRAINT [FK_ExternalReferrals_ReferralFacilities_FacilityId] FOREIGN KEY ([FacilityId]) REFERENCES [ReferralFacilities] ([Id]) ON DELETE CASCADE
      );
info: Microsoft.EntityFrameworkCore.Database.Command[20101]
      Executed DbCommand (2ms) [Parameters=[], CommandType='Text', CommandTimeout='30']
      CREATE TABLE [Invoices] (
          [Id] int NOT NULL IDENTITY,
          [InvoiceNumber] nvarchar(450) NOT NULL,
          [PatientId] int NULL,
          [CustomerId] int NULL,
          [InvoiceDate] datetime2 NOT NULL,
          [DueDate] datetime2 NULL,
          [InvoiceType] int NOT NULL,
          [Status] int NOT NULL,
          [SubTotal] decimal(18,2) NOT NULL,
          [TaxAmount] decimal(18,2) NOT NULL,
          [DiscountAmount] decimal(18,2) NOT NULL,
          [TotalAmount] decimal(18,2) NOT NULL,
          [InsuranceShare] decimal(18,2) NOT NULL,
          [PatientShare] decimal(18,2) NOT NULL,
          [PaidAmount] decimal(18,2) NOT NULL,
          [Notes] nvarchar(max) NULL,
          [CreatedDate] datetime2 NOT NULL,
          [CreatedBy] nvarchar(max) NOT NULL,
          [UpdatedDate] datetime2 NULL,
          [UpdatedBy] nvarchar(max) NULL,
          [IsDeleted] bit NOT NULL,
          CONSTRAINT [PK_Invoices] PRIMARY KEY ([Id]),
          CONSTRAINT [FK_Invoices_Customers_CustomerId] FOREIGN KEY ([CustomerId]) REFERENCES [Customers] ([Id]) ON DELETE SET NULL,
          CONSTRAINT [FK_Invoices_Patients_PatientId] FOREIGN KEY ([PatientId]) REFERENCES [Patients] ([Id]) ON DELETE SET NULL
      );
info: Microsoft.EntityFrameworkCore.Database.Command[20101]
      Executed DbCommand (1ms) [Parameters=[], CommandType='Text', CommandTimeout='30']
      CREATE TABLE [MealOrders] (
          [Id] int NOT NULL IDENTITY,
          [PatientId] int NOT NULL,
          [OrderDate] datetime2 NOT NULL,
          [MealType] nvarchar(max) NOT NULL,
          [ItemsOrdered] nvarchar(max) NOT NULL,
          [Status] nvarchar(max) NOT NULL,
          [DeliveryTime] datetime2 NULL,
          [DeliveredBy] nvarchar(max) NULL,
          [PatientFeedback] nvarchar(max) NULL,
          [CreatedDate] datetime2 NOT NULL,
          [CreatedBy] nvarchar(max) NOT NULL,
          [UpdatedDate] datetime2 NULL,
          [UpdatedBy] nvarchar(max) NULL,
          [IsDeleted] bit NOT NULL,
          CONSTRAINT [PK_MealOrders] PRIMARY KEY ([Id]),
          CONSTRAINT [FK_MealOrders_Patients_PatientId] FOREIGN KEY ([PatientId]) REFERENCES [Patients] ([Id]) ON DELETE CASCADE
      );
info: Microsoft.EntityFrameworkCore.Database.Command[20101]
      Executed DbCommand (2ms) [Parameters=[], CommandType='Text', CommandTimeout='30']
      CREATE TABLE [OrthodonticCases] (
          [Id] int NOT NULL IDENTITY,
          [PatientId] int NOT NULL,
          [CaseType] nvarchar(max) NOT NULL,
          [StartDate] datetime2 NOT NULL,
          [ExpectedCompletionDate] datetime2 NULL,
          [TotalAgreedCost] decimal(18,2) NOT NULL,
          [Status] nvarchar(max) NOT NULL,
          [CreatedDate] datetime2 NOT NULL,
          [CreatedBy] nvarchar(max) NOT NULL,
          [UpdatedDate] datetime2 NULL,
          [UpdatedBy] nvarchar(max) NULL,
          [IsDeleted] bit NOT NULL,
          CONSTRAINT [PK_OrthodonticCases] PRIMARY KEY ([Id]),
          CONSTRAINT [FK_OrthodonticCases_Patients_PatientId] FOREIGN KEY ([PatientId]) REFERENCES [Patients] ([Id]) ON DELETE CASCADE
      );
info: Microsoft.EntityFrameworkCore.Database.Command[20101]
      Executed DbCommand (1ms) [Parameters=[], CommandType='Text', CommandTimeout='30']
      CREATE TABLE [PatientFeedbacks] (
          [Id] int NOT NULL IDENTITY,
          [PatientId] int NOT NULL,
          [Rating] int NOT NULL,
          [Comments] nvarchar(max) NULL,
          [Department] nvarchar(max) NOT NULL,
          [IsAnonymized] bit NOT NULL,
          [CreatedDate] datetime2 NOT NULL,
          [CreatedBy] nvarchar(max) NOT NULL,
          [UpdatedDate] datetime2 NULL,
          [UpdatedBy] nvarchar(max) NULL,
          [IsDeleted] bit NOT NULL,
          CONSTRAINT [PK_PatientFeedbacks] PRIMARY KEY ([Id]),
          CONSTRAINT [FK_PatientFeedbacks_Patients_PatientId] FOREIGN KEY ([PatientId]) REFERENCES [Patients] ([Id]) ON DELETE CASCADE
      );
info: Microsoft.EntityFrameworkCore.Database.Command[20101]
      Executed DbCommand (1ms) [Parameters=[], CommandType='Text', CommandTimeout='30']
      CREATE TABLE [PregnancyRecords] (
          [Id] int NOT NULL IDENTITY,
          [PatientId] int NOT NULL,
          [LMP] datetime2 NULL,
          [EDD] datetime2 NOT NULL,
          [Gravidity] int NOT NULL,
          [Parity] int NOT NULL,
          [BloodGroup] nvarchar(max) NOT NULL,
          [RiskFactors] nvarchar(max) NULL,
          [AttendingDoctorId] nvarchar(max) NULL,
          [Status] nvarchar(max) NOT NULL,
          [CreatedDate] datetime2 NOT NULL,
          [CreatedBy] nvarchar(max) NOT NULL,
          [UpdatedDate] datetime2 NULL,
          [UpdatedBy] nvarchar(max) NULL,
          [IsDeleted] bit NOT NULL,
          CONSTRAINT [PK_PregnancyRecords] PRIMARY KEY ([Id]),
          CONSTRAINT [FK_PregnancyRecords_Patients_PatientId] FOREIGN KEY ([PatientId]) REFERENCES [Patients] ([Id]) ON DELETE NO ACTION
      );
info: Microsoft.EntityFrameworkCore.Database.Command[20101]
      Executed DbCommand (1ms) [Parameters=[], CommandType='Text', CommandTimeout='30']
      CREATE TABLE [RehabPlans] (
          [Id] int NOT NULL IDENTITY,
          [PatientId] int NOT NULL,
          [AssignedPhysicianId] int NOT NULL,
          [Diagnosis] nvarchar(max) NOT NULL,
          [ImprovementGoals] nvarchar(max) NOT NULL,
          [StartDate] datetime2 NOT NULL,
          [EstimatedEndDate] datetime2 NULL,
          [Status] nvarchar(max) NOT NULL,
          [CreatedDate] datetime2 NOT NULL,
          [CreatedBy] nvarchar(max) NOT NULL,
          [UpdatedDate] datetime2 NULL,
          [UpdatedBy] nvarchar(max) NULL,
          [IsDeleted] bit NOT NULL,
          CONSTRAINT [PK_RehabPlans] PRIMARY KEY ([Id]),
          CONSTRAINT [FK_RehabPlans_Doctors_AssignedPhysicianId] FOREIGN KEY ([AssignedPhysicianId]) REFERENCES [Doctors] ([Id]) ON DELETE CASCADE,
          CONSTRAINT [FK_RehabPlans_Patients_PatientId] FOREIGN KEY ([PatientId]) REFERENCES [Patients] ([Id]) ON DELETE CASCADE
      );
info: Microsoft.EntityFrameworkCore.Database.Command[20101]
      Executed DbCommand (1ms) [Parameters=[], CommandType='Text', CommandTimeout='30']
      CREATE TABLE [BedAdmissions] (
          [Id] int NOT NULL IDENTITY,
          [BedId] int NOT NULL,
          [PatientId] int NOT NULL,
          [DoctorId] int NULL,
          [AdmissionDate] datetime2 NOT NULL,
          [DischargeDate] datetime2 NULL,
          [AdmissionType] nvarchar(max) NOT NULL,
          [Status] nvarchar(max) NOT NULL,
          [AdmissionReason] nvarchar(max) NULL,
          [DischargeNotes] nvarchar(max) NULL,
          [DischargeReason] nvarchar(max) NULL,
          [DailyRate] decimal(18,2) NULL,
          [Notes] nvarchar(max) NULL,
          [EmergencyAdmissionId] int NULL,
          [CreatedDate] datetime2 NOT NULL,
          [CreatedBy] nvarchar(max) NOT NULL,
          [UpdatedDate] datetime2 NULL,
          [UpdatedBy] nvarchar(max) NULL,
          [IsDeleted] bit NOT NULL,
          CONSTRAINT [PK_BedAdmissions] PRIMARY KEY ([Id]),
          CONSTRAINT [FK_BedAdmissions_Beds_BedId] FOREIGN KEY ([BedId]) REFERENCES [Beds] ([Id]) ON DELETE NO ACTION,
          CONSTRAINT [FK_BedAdmissions_Doctors_DoctorId] FOREIGN KEY ([DoctorId]) REFERENCES [Doctors] ([Id]) ON DELETE SET NULL,
          CONSTRAINT [FK_BedAdmissions_Patients_PatientId] FOREIGN KEY ([PatientId]) REFERENCES [Patients] ([Id]) ON DELETE NO ACTION
      );
info: Microsoft.EntityFrameworkCore.Database.Command[20101]
      Executed DbCommand (2ms) [Parameters=[], CommandType='Text', CommandTimeout='30']
      CREATE TABLE [HousekeepingTasks] (
          [Id] int NOT NULL IDENTITY,
          [BedId] int NULL,
          [RoomId] int NULL,
          [TaskType] nvarchar(max) NOT NULL,
          [Status] nvarchar(max) NOT NULL,
          [AssignedStaffId] nvarchar(max) NULL,
          [StartTime] datetime2 NULL,
          [CompletionTime] datetime2 NULL,
          [Remarks] nvarchar(max) NULL,
          [CreatedDate] datetime2 NOT NULL,
          [CreatedBy] nvarchar(max) NOT NULL,
          [UpdatedDate] datetime2 NULL,
          [UpdatedBy] nvarchar(max) NULL,
          [IsDeleted] bit NOT NULL,
          CONSTRAINT [PK_HousekeepingTasks] PRIMARY KEY ([Id]),
          CONSTRAINT [FK_HousekeepingTasks_Beds_BedId] FOREIGN KEY ([BedId]) REFERENCES [Beds] ([Id])
      );
info: Microsoft.EntityFrameworkCore.Database.Command[20101]
      Executed DbCommand (2ms) [Parameters=[], CommandType='Text', CommandTimeout='30']
      CREATE TABLE [BloodDonations] (
          [Id] int NOT NULL IDENTITY,
          [BloodDonorId] int NOT NULL,
          [DonationDate] datetime2 NOT NULL,
          [VolumeMl] decimal(18,2) NOT NULL,
          [ComponentType] nvarchar(max) NOT NULL,
          [BagNumber] nvarchar(max) NOT NULL,
          [ExpiryDate] datetime2 NOT NULL,
          [TemperatureAtCollection] nvarchar(max) NOT NULL,
          [CollectedBy] nvarchar(max) NOT NULL,
          [BloodStockId] int NULL,
          [CreatedDate] datetime2 NOT NULL,
          [CreatedBy] nvarchar(max) NOT NULL,
          [UpdatedDate] datetime2 NULL,
          [UpdatedBy] nvarchar(max) NULL,
          [IsDeleted] bit NOT NULL,
          CONSTRAINT [PK_BloodDonations] PRIMARY KEY ([Id]),
          CONSTRAINT [FK_BloodDonations_BloodDonors_BloodDonorId] FOREIGN KEY ([BloodDonorId]) REFERENCES [BloodDonors] ([Id]) ON DELETE NO ACTION,
          CONSTRAINT [FK_BloodDonations_BloodStocks_BloodStockId] FOREIGN KEY ([BloodStockId]) REFERENCES [BloodStocks] ([Id]) ON DELETE SET NULL
      );
info: Microsoft.EntityFrameworkCore.Database.Command[20101]
      Executed DbCommand (1ms) [Parameters=[], CommandType='Text', CommandTimeout='30']
      CREATE TABLE [DentalProcedures] (
          [Id] int NOT NULL IDENTITY,
          [DentalChartId] int NOT NULL,
          [ToothNumber] int NOT NULL,
          [ProcedureType] nvarchar(max) NOT NULL,
          [Surfaces] nvarchar(max) NOT NULL,
          [Cost] decimal(18,2) NOT NULL,
          [ProcedureDate] datetime2 NOT NULL,
          [DentistId] int NOT NULL,
          [ClinicNotes] nvarchar(max) NULL,
          [CreatedDate] datetime2 NOT NULL,
          [CreatedBy] nvarchar(max) NOT NULL,
          [UpdatedDate] datetime2 NULL,
          [UpdatedBy] nvarchar(max) NULL,
          [IsDeleted] bit NOT NULL,
          CONSTRAINT [PK_DentalProcedures] PRIMARY KEY ([Id]),
          CONSTRAINT [FK_DentalProcedures_DentalCharts_DentalChartId] FOREIGN KEY ([DentalChartId]) REFERENCES [DentalCharts] ([Id]) ON DELETE CASCADE,
          CONSTRAINT [FK_DentalProcedures_Doctors_DentistId] FOREIGN KEY ([DentistId]) REFERENCES [Doctors] ([Id]) ON DELETE CASCADE
      );
info: Microsoft.EntityFrameworkCore.Database.Command[20101]
      Executed DbCommand (1ms) [Parameters=[], CommandType='Text', CommandTimeout='30']
      CREATE TABLE [AmbulanceDispatches] (
          [Id] int NOT NULL IDENTITY,
          [AmbulanceId] int NOT NULL,
          [EmergencyAdmissionId] int NULL,
          [CallSource] nvarchar(max) NOT NULL,
          [PickupLocation] nvarchar(max) NOT NULL,
          [DestinationLocation] nvarchar(max) NOT NULL,
          [DispatchTime] datetime2 NOT NULL,
          [ArrivalAtScentTime] datetime2 NULL,
          [ArrivalAtHospitalTime] datetime2 NULL,
          [PatientConditionOnPickup] nvarchar(max) NULL,
          [Outcome] nvarchar(max) NULL,
          [CreatedDate] datetime2 NOT NULL,
          [CreatedBy] nvarchar(max) NOT NULL,
          [UpdatedDate] datetime2 NULL,
          [UpdatedBy] nvarchar(max) NULL,
          [IsDeleted] bit NOT NULL,
          CONSTRAINT [PK_AmbulanceDispatches] PRIMARY KEY ([Id]),
          CONSTRAINT [FK_AmbulanceDispatches_Ambulances_AmbulanceId] FOREIGN KEY ([AmbulanceId]) REFERENCES [Ambulances] ([Id]) ON DELETE CASCADE,
          CONSTRAINT [FK_AmbulanceDispatches_EmergencyAdmissions_EmergencyAdmissionId] FOREIGN KEY ([EmergencyAdmissionId]) REFERENCES [EmergencyAdmissions] ([Id])
      );
info: Microsoft.EntityFrameworkCore.Database.Command[20101]
      Executed DbCommand (1ms) [Parameters=[], CommandType='Text', CommandTimeout='30']
      CREATE TABLE [LabRequests] (
          [Id] int NOT NULL IDENTITY,
          [RequestNumber] nvarchar(450) NOT NULL,
          [PatientId] int NOT NULL,
          [DoctorId] int NULL,
          [RequestDate] datetime2 NOT NULL,
          [EmergencyAdmissionId] int NULL,
          [Status] nvarchar(max) NOT NULL,
          [CollectionDate] datetime2 NULL,
          [CollectedBy] nvarchar(max) NULL,
          [ReceivedAtLabDate] datetime2 NULL,
          [TotalAmount] decimal(18,2) NOT NULL,
          [Notes] nvarchar(max) NULL,
          [CreatedDate] datetime2 NOT NULL,
          [CreatedBy] nvarchar(max) NOT NULL,
          [UpdatedDate] datetime2 NULL,
          [UpdatedBy] nvarchar(max) NULL,
          [IsDeleted] bit NOT NULL,
          CONSTRAINT [PK_LabRequests] PRIMARY KEY ([Id]),
          CONSTRAINT [FK_LabRequests_Doctors_DoctorId] FOREIGN KEY ([DoctorId]) REFERENCES [Doctors] ([Id]) ON DELETE SET NULL,
          CONSTRAINT [FK_LabRequests_EmergencyAdmissions_EmergencyAdmissionId] FOREIGN KEY ([EmergencyAdmissionId]) REFERENCES [EmergencyAdmissions] ([Id]),
          CONSTRAINT [FK_LabRequests_Patients_PatientId] FOREIGN KEY ([PatientId]) REFERENCES [Patients] ([Id]) ON DELETE NO ACTION
      );
info: Microsoft.EntityFrameworkCore.Database.Command[20101]
      Executed DbCommand (2ms) [Parameters=[], CommandType='Text', CommandTimeout='30']
      CREATE TABLE [RadiologyRequests] (
          [Id] int NOT NULL IDENTITY,
          [RequestNumber] nvarchar(450) NOT NULL,
          [PatientId] int NOT NULL,
          [DoctorId] int NULL,
          [RequestDate] datetime2 NOT NULL,
          [EmergencyAdmissionId] int NULL,
          [Notes] nvarchar(max) NULL,
          [Status] nvarchar(max) NOT NULL,
          [TotalAmount] decimal(18,2) NOT NULL,
          [CreatedDate] datetime2 NOT NULL,
          [CreatedBy] nvarchar(max) NOT NULL,
          [UpdatedDate] datetime2 NULL,
          [UpdatedBy] nvarchar(max) NULL,
          [IsDeleted] bit NOT NULL,
          CONSTRAINT [PK_RadiologyRequests] PRIMARY KEY ([Id]),
          CONSTRAINT [FK_RadiologyRequests_Doctors_DoctorId] FOREIGN KEY ([DoctorId]) REFERENCES [Doctors] ([Id]) ON DELETE SET NULL,
          CONSTRAINT [FK_RadiologyRequests_EmergencyAdmissions_EmergencyAdmissionId] FOREIGN KEY ([EmergencyAdmissionId]) REFERENCES [EmergencyAdmissions] ([Id]),
          CONSTRAINT [FK_RadiologyRequests_Patients_PatientId] FOREIGN KEY ([PatientId]) REFERENCES [Patients] ([Id]) ON DELETE NO ACTION
      );
info: Microsoft.EntityFrameworkCore.Database.Command[20101]
      Executed DbCommand (2ms) [Parameters=[], CommandType='Text', CommandTimeout='30']
      CREATE TABLE [HieTransactions] (
          [Id] int NOT NULL IDENTITY,
          [ExternalReferralId] int NULL,
          [TransactionType] nvarchar(max) NOT NULL,
          [DataStandard] nvarchar(max) NOT NULL,
          [Payload] nvarchar(max) NOT NULL,
          [Status] nvarchar(max) NOT NULL,
          [ErrorMessage] nvarchar(max) NULL,
          [CreatedDate] datetime2 NOT NULL,
          [CreatedBy] nvarchar(max) NOT NULL,
          [UpdatedDate] datetime2 NULL,
          [UpdatedBy] nvarchar(max) NULL,
          [IsDeleted] bit NOT NULL,
          CONSTRAINT [PK_HieTransactions] PRIMARY KEY ([Id]),
          CONSTRAINT [FK_HieTransactions_ExternalReferrals_ExternalReferralId] FOREIGN KEY ([ExternalReferralId]) REFERENCES [ExternalReferrals] ([Id])
      );
info: Microsoft.EntityFrameworkCore.Database.Command[20101]
      Executed DbCommand (1ms) [Parameters=[], CommandType='Text', CommandTimeout='30']
      CREATE TABLE [InsuranceClaims] (
          [Id] int NOT NULL IDENTITY,
          [ClaimNumber] nvarchar(450) NOT NULL,
          [InvoiceId] int NOT NULL,
          [PatientId] int NOT NULL,
          [InsuranceProviderId] int NOT NULL,
          [ClaimAmount] decimal(18,2) NOT NULL,
          [ApprovedAmount] decimal(18,2) NOT NULL,
          [Status] nvarchar(max) NOT NULL,
          [SubmissionDate] datetime2 NULL,
          [StatusDate] datetime2 NULL,
          [RejectionReason] nvarchar(max) NULL,
          [AuthCode] nvarchar(max) NULL,
          [CreatedDate] datetime2 NOT NULL,
          [CreatedBy] nvarchar(max) NOT NULL,
          [UpdatedDate] datetime2 NULL,
          [UpdatedBy] nvarchar(max) NULL,
          [IsDeleted] bit NOT NULL,
          CONSTRAINT [PK_InsuranceClaims] PRIMARY KEY ([Id]),
          CONSTRAINT [FK_InsuranceClaims_InsuranceProviders_InsuranceProviderId] FOREIGN KEY ([InsuranceProviderId]) REFERENCES [InsuranceProviders] ([Id]) ON DELETE NO ACTION,
          CONSTRAINT [FK_InsuranceClaims_Invoices_InvoiceId] FOREIGN KEY ([InvoiceId]) REFERENCES [Invoices] ([Id]) ON DELETE NO ACTION,
          CONSTRAINT [FK_InsuranceClaims_Patients_PatientId] FOREIGN KEY ([PatientId]) REFERENCES [Patients] ([Id]) ON DELETE NO ACTION
      );
info: Microsoft.EntityFrameworkCore.Database.Command[20101]
      Executed DbCommand (1ms) [Parameters=[], CommandType='Text', CommandTimeout='30']
      CREATE TABLE [InvoiceItems] (
          [Id] int NOT NULL IDENTITY,
          [InvoiceId] int NOT NULL,
          [ItemId] int NULL,
          [Description] nvarchar(max) NOT NULL,
          [Quantity] decimal(18,2) NOT NULL,
          [UnitPrice] decimal(18,2) NOT NULL,
          [TaxRate] decimal(18,2) NOT NULL,
          [Discount] decimal(18,2) NOT NULL,
          [Total] decimal(18,2) NOT NULL,
          [CreatedDate] datetime2 NOT NULL,
          [CreatedBy] nvarchar(max) NOT NULL,
          [UpdatedDate] datetime2 NULL,
          [UpdatedBy] nvarchar(max) NULL,
          [IsDeleted] bit NOT NULL,
          CONSTRAINT [PK_InvoiceItems] PRIMARY KEY ([Id]),
          CONSTRAINT [FK_InvoiceItems_Invoices_InvoiceId] FOREIGN KEY ([InvoiceId]) REFERENCES [Invoices] ([Id]) ON DELETE CASCADE,
          CONSTRAINT [FK_InvoiceItems_Items_ItemId] FOREIGN KEY ([ItemId]) REFERENCES [Items] ([Id]) ON DELETE SET NULL
      );
info: Microsoft.EntityFrameworkCore.Database.Command[20101]
      Executed DbCommand (1ms) [Parameters=[], CommandType='Text', CommandTimeout='30']
      CREATE TABLE [Payments] (
          [Id] int NOT NULL IDENTITY,
          [PaymentNumber] nvarchar(max) NOT NULL,
          [InvoiceId] int NULL,
          [PatientId] int NULL,
          [Amount] decimal(18,2) NOT NULL,
          [PaymentDate] datetime2 NOT NULL,
          [PaymentMethod] int NOT NULL,
          [ReferenceNumber] nvarchar(max) NULL,
          [Notes] nvarchar(max) NULL,
          [CreatedDate] datetime2 NOT NULL,
          [CreatedBy] nvarchar(max) NOT NULL,
          [UpdatedDate] datetime2 NULL,
          [UpdatedBy] nvarchar(max) NULL,
          [IsDeleted] bit NOT NULL,
          CONSTRAINT [PK_Payments] PRIMARY KEY ([Id]),
          CONSTRAINT [FK_Payments_Invoices_InvoiceId] FOREIGN KEY ([InvoiceId]) REFERENCES [Invoices] ([Id]),
          CONSTRAINT [FK_Payments_Patients_PatientId] FOREIGN KEY ([PatientId]) REFERENCES [Patients] ([Id])
      );
info: Microsoft.EntityFrameworkCore.Database.Command[20101]
      Executed DbCommand (1ms) [Parameters=[], CommandType='Text', CommandTimeout='30']
      CREATE TABLE [DeliveryRecords] (
          [Id] int NOT NULL IDENTITY,
          [PregnancyRecordId] int NOT NULL,
          [DeliveryDateTime] datetime2 NOT NULL,
          [ModeOfDelivery] nvarchar(max) NOT NULL,
          [Complications] nvarchar(max) NULL,
          [AttendingDoctor] nvarchar(max) NULL,
          [Midwife] nvarchar(max) NULL,
          [PlacentaWeight] decimal(18,2) NOT NULL,
          [CreatedDate] datetime2 NOT NULL,
          [CreatedBy] nvarchar(max) NOT NULL,
          [UpdatedDate] datetime2 NULL,
          [UpdatedBy] nvarchar(max) NULL,
          [IsDeleted] bit NOT NULL,
          CONSTRAINT [PK_DeliveryRecords] PRIMARY KEY ([Id]),
          CONSTRAINT [FK_DeliveryRecords_PregnancyRecords_PregnancyRecordId] FOREIGN KEY ([PregnancyRecordId]) REFERENCES [PregnancyRecords] ([Id]) ON DELETE CASCADE
      );
info: Microsoft.EntityFrameworkCore.Database.Command[20101]
      Executed DbCommand (2ms) [Parameters=[], CommandType='Text', CommandTimeout='30']
      CREATE TABLE [PhysiotherapySessions] (
          [Id] int NOT NULL IDENTITY,
          [RehabPlanId] int NOT NULL,
          [SessionDate] datetime2 NOT NULL,
          [TherapistId] int NOT NULL,
          [ProcedurePerformed] nvarchar(max) NOT NULL,
          [ProgressNotes] nvarchar(max) NOT NULL,
          [PainLevelBefore] int NOT NULL,
          [PainLevelAfter] int NOT NULL,
          [DurationMinutes] decimal(18,2) NOT NULL,
          [PatientAttended] bit NOT NULL,
          [AppointmentId] int NULL,
          [CreatedDate] datetime2 NOT NULL,
          [CreatedBy] nvarchar(max) NOT NULL,
          [UpdatedDate] datetime2 NULL,
          [UpdatedBy] nvarchar(max) NULL,
          [IsDeleted] bit NOT NULL,
          CONSTRAINT [PK_PhysiotherapySessions] PRIMARY KEY ([Id]),
          CONSTRAINT [FK_PhysiotherapySessions_Appointments_AppointmentId] FOREIGN KEY ([AppointmentId]) REFERENCES [Appointments] ([Id]),
          CONSTRAINT [FK_PhysiotherapySessions_Employees_TherapistId] FOREIGN KEY ([TherapistId]) REFERENCES [Employees] ([Id]) ON DELETE CASCADE,
          CONSTRAINT [FK_PhysiotherapySessions_RehabPlans_RehabPlanId] FOREIGN KEY ([RehabPlanId]) REFERENCES [RehabPlans] ([Id]) ON DELETE CASCADE
      );
info: Microsoft.EntityFrameworkCore.Database.Command[20101]
      Executed DbCommand (2ms) [Parameters=[], CommandType='Text', CommandTimeout='30']
      CREATE TABLE [ClinicalEncounters] (
          [Id] int NOT NULL IDENTITY,
          [PatientId] int NOT NULL,
          [DoctorId] int NULL,
          [AppointmentId] int NULL,
          [BedAdmissionId] int NULL,
          [EmergencyAdmissionId] int NULL,
          [EncounterDate] datetime2 NOT NULL,
          [ChiefComplaint] nvarchar(max) NULL,
          [Subjective] nvarchar(max) NULL,
          [Objective] nvarchar(max) NULL,
          [Assessment] nvarchar(max) NULL,
          [Plan] nvarchar(max) NULL,
          [InternalNotes] nvarchar(max) NULL,
          [IsFinalized] bit NOT NULL,
          [CreatedDate] datetime2 NOT NULL,
          [CreatedBy] nvarchar(max) NOT NULL,
          [UpdatedDate] datetime2 NULL,
          [UpdatedBy] nvarchar(max) NULL,
          [IsDeleted] bit NOT NULL,
          CONSTRAINT [PK_ClinicalEncounters] PRIMARY KEY ([Id]),
          CONSTRAINT [FK_ClinicalEncounters_Appointments_AppointmentId] FOREIGN KEY ([AppointmentId]) REFERENCES [Appointments] ([Id]) ON DELETE SET NULL,
          CONSTRAINT [FK_ClinicalEncounters_BedAdmissions_BedAdmissionId] FOREIGN KEY ([BedAdmissionId]) REFERENCES [BedAdmissions] ([Id]) ON DELETE SET NULL,
          CONSTRAINT [FK_ClinicalEncounters_Doctors_DoctorId] FOREIGN KEY ([DoctorId]) REFERENCES [Doctors] ([Id]) ON DELETE SET NULL,
          CONSTRAINT [FK_ClinicalEncounters_EmergencyAdmissions_EmergencyAdmissionId] FOREIGN KEY ([EmergencyAdmissionId]) REFERENCES [EmergencyAdmissions] ([Id]),
          CONSTRAINT [FK_ClinicalEncounters_Patients_PatientId] FOREIGN KEY ([PatientId]) REFERENCES [Patients] ([Id]) ON DELETE NO ACTION
      );
info: Microsoft.EntityFrameworkCore.Database.Command[20101]
      Executed DbCommand (1ms) [Parameters=[], CommandType='Text', CommandTimeout='30']
      CREATE TABLE [InpatientNursingAssessments] (
          [Id] int NOT NULL IDENTITY,
          [BedAdmissionId] int NOT NULL,
          [AssessmentDate] datetime2 NOT NULL,
          [RecordedBy] nvarchar(max) NOT NULL,
          [Shift] nvarchar(max) NOT NULL,
          [Neurological] nvarchar(max) NULL,
          [Respiratory] nvarchar(max) NULL,
          [Cardiovascular] nvarchar(max) NULL,
          [Gastrointestinal] nvarchar(max) NULL,
          [Genitourinary] nvarchar(max) NULL,
          [Musculoskeletal] nvarchar(max) NULL,
          [SkinIntegumentary] nvarchar(max) NULL,
          [Psychological] nvarchar(max) NULL,
          [NursingNotes] nvarchar(max) NULL,
          [PlanOfCare] nvarchar(max) NULL,
          [CreatedDate] datetime2 NOT NULL,
          [CreatedBy] nvarchar(max) NOT NULL,
          [UpdatedDate] datetime2 NULL,
          [UpdatedBy] nvarchar(max) NULL,
          [IsDeleted] bit NOT NULL,
          CONSTRAINT [PK_InpatientNursingAssessments] PRIMARY KEY ([Id]),
          CONSTRAINT [FK_InpatientNursingAssessments_BedAdmissions_BedAdmissionId] FOREIGN KEY ([BedAdmissionId]) REFERENCES [BedAdmissions] ([Id]) ON DELETE NO ACTION
      );
info: Microsoft.EntityFrameworkCore.Database.Command[20101]
      Executed DbCommand (2ms) [Parameters=[], CommandType='Text', CommandTimeout='30']
      CREATE TABLE [PatientVitals] (
          [Id] int NOT NULL IDENTITY,
          [PatientId] int NOT NULL,
          [AppointmentId] int NULL,
          [BedAdmissionId] int NULL,
          [EmergencyAdmissionId] int NULL,
          [RecordedDate] datetime2 NOT NULL,
          [RecordedBy] nvarchar(max) NOT NULL,
          [Temperature] decimal(18,2) NULL,
          [BloodPressureSystolic] int NULL,
          [BloodPressureDiastolic] int NULL,
          [HeartRate] int NULL,
          [RespiratoryRate] int NULL,
          [SpO2] int NULL,
          [WeightKg] decimal(18,2) NULL,
          [HeightCm] decimal(18,2) NULL,
          [BMI] decimal(18,2) NULL,
          [PainScale] nvarchar(max) NULL,
          [Notes] nvarchar(max) NULL,
          [CreatedDate] datetime2 NOT NULL,
          [CreatedBy] nvarchar(max) NOT NULL,
          [UpdatedDate] datetime2 NULL,
          [UpdatedBy] nvarchar(max) NULL,
          [IsDeleted] bit NOT NULL,
          CONSTRAINT [PK_PatientVitals] PRIMARY KEY ([Id]),
          CONSTRAINT [FK_PatientVitals_Appointments_AppointmentId] FOREIGN KEY ([AppointmentId]) REFERENCES [Appointments] ([Id]) ON DELETE SET NULL,
          CONSTRAINT [FK_PatientVitals_BedAdmissions_BedAdmissionId] FOREIGN KEY ([BedAdmissionId]) REFERENCES [BedAdmissions] ([Id]) ON DELETE SET NULL,
          CONSTRAINT [FK_PatientVitals_EmergencyAdmissions_EmergencyAdmissionId] FOREIGN KEY ([EmergencyAdmissionId]) REFERENCES [EmergencyAdmissions] ([Id]),
          CONSTRAINT [FK_PatientVitals_Patients_PatientId] FOREIGN KEY ([PatientId]) REFERENCES [Patients] ([Id]) ON DELETE NO ACTION
      );
info: Microsoft.EntityFrameworkCore.Database.Command[20101]
      Executed DbCommand (2ms) [Parameters=[], CommandType='Text', CommandTimeout='30']
      CREATE TABLE [Prescriptions] (
          [Id] int NOT NULL IDENTITY,
          [PrescriptionNumber] nvarchar(450) NOT NULL,
          [PatientId] int NOT NULL,
          [DoctorId] int NULL,
          [AppointmentId] int NULL,
          [BedAdmissionId] int NULL,
          [EmergencyAdmissionId] int NULL,
          [PrescriptionDate] datetime2 NOT NULL,
          [Status] nvarchar(max) NOT NULL,
          [Notes] nvarchar(max) NULL,
          [CreatedDate] datetime2 NOT NULL,
          [CreatedBy] nvarchar(max) NOT NULL,
          [UpdatedDate] datetime2 NULL,
          [UpdatedBy] nvarchar(max) NULL,
          [IsDeleted] bit NOT NULL,
          CONSTRAINT [PK_Prescriptions] PRIMARY KEY ([Id]),
          CONSTRAINT [FK_Prescriptions_Appointments_AppointmentId] FOREIGN KEY ([AppointmentId]) REFERENCES [Appointments] ([Id]),
          CONSTRAINT [FK_Prescriptions_BedAdmissions_BedAdmissionId] FOREIGN KEY ([BedAdmissionId]) REFERENCES [BedAdmissions] ([Id]) ON DELETE SET NULL,
          CONSTRAINT [FK_Prescriptions_Doctors_DoctorId] FOREIGN KEY ([DoctorId]) REFERENCES [Doctors] ([Id]) ON DELETE SET NULL,
          CONSTRAINT [FK_Prescriptions_EmergencyAdmissions_EmergencyAdmissionId] FOREIGN KEY ([EmergencyAdmissionId]) REFERENCES [EmergencyAdmissions] ([Id]),
          CONSTRAINT [FK_Prescriptions_Patients_PatientId] FOREIGN KEY ([PatientId]) REFERENCES [Patients] ([Id]) ON DELETE NO ACTION
      );
info: Microsoft.EntityFrameworkCore.Database.Command[20101]
      Executed DbCommand (2ms) [Parameters=[], CommandType='Text', CommandTimeout='30']
      CREATE TABLE [ScheduledSurgeries] (
          [Id] int NOT NULL IDENTITY,
          [PatientId] int NOT NULL,
          [LeadSurgeonId] int NOT NULL,
          [AnesthetistId] int NULL,
          [OperatingTheaterId] int NOT NULL,
          [BedAdmissionId] int NULL,
          [ProcedureName] nvarchar(max) NOT NULL,
          [ScheduledStartTime] datetime2 NOT NULL,
          [ScheduledEndTime] datetime2 NOT NULL,
          [Priority] nvarchar(max) NOT NULL,
          [Status] nvarchar(max) NOT NULL,
          [PreOpDiagnosis] nvarchar(max) NULL,
          [PostOpDiagnosis] nvarchar(max) NULL,
          [Notes] nvarchar(max) NULL,
          [InvoiceId] int NULL,
          [TotalCost] decimal(18,2) NULL,
          [CreatedDate] datetime2 NOT NULL,
          [CreatedBy] nvarchar(max) NOT NULL,
          [UpdatedDate] datetime2 NULL,
          [UpdatedBy] nvarchar(max) NULL,
          [IsDeleted] bit NOT NULL,
          CONSTRAINT [PK_ScheduledSurgeries] PRIMARY KEY ([Id]),
          CONSTRAINT [FK_ScheduledSurgeries_BedAdmissions_BedAdmissionId] FOREIGN KEY ([BedAdmissionId]) REFERENCES [BedAdmissions] ([Id]),
          CONSTRAINT [FK_ScheduledSurgeries_Doctors_AnesthetistId] FOREIGN KEY ([AnesthetistId]) REFERENCES [Doctors] ([Id]) ON DELETE NO ACTION,
          CONSTRAINT [FK_ScheduledSurgeries_Doctors_LeadSurgeonId] FOREIGN KEY ([LeadSurgeonId]) REFERENCES [Doctors] ([Id]) ON DELETE NO ACTION,
          CONSTRAINT [FK_ScheduledSurgeries_Invoices_InvoiceId] FOREIGN KEY ([InvoiceId]) REFERENCES [Invoices] ([Id]),
          CONSTRAINT [FK_ScheduledSurgeries_OperatingTheaters_OperatingTheaterId] FOREIGN KEY ([OperatingTheaterId]) REFERENCES [OperatingTheaters] ([Id]) ON DELETE NO ACTION,
          CONSTRAINT [FK_ScheduledSurgeries_Patients_PatientId] FOREIGN KEY ([PatientId]) REFERENCES [Patients] ([Id]) ON DELETE NO ACTION
      );
info: Microsoft.EntityFrameworkCore.Database.Command[20101]
      Executed DbCommand (2ms) [Parameters=[], CommandType='Text', CommandTimeout='30']
      CREATE TABLE [LabResults] (
          [Id] int NOT NULL IDENTITY,
          [LabRequestId] int NOT NULL,
          [LabTestId] int NOT NULL,
          [ResultValue] nvarchar(max) NULL,
          [NormalRange] nvarchar(max) NULL,
          [Unit] nvarchar(max) NULL,
          [ResultDate] datetime2 NULL,
          [Remarks] nvarchar(max) NULL,
          [PerformedBy] nvarchar(max) NULL,
          [ResultFlag] nvarchar(max) NULL,
          [IsCritical] bit NOT NULL,
          [CreatedDate] datetime2 NOT NULL,
          [CreatedBy] nvarchar(max) NOT NULL,
          [UpdatedDate] datetime2 NULL,
          [UpdatedBy] nvarchar(max) NULL,
          [IsDeleted] bit NOT NULL,
          CONSTRAINT [PK_LabResults] PRIMARY KEY ([Id]),
          CONSTRAINT [FK_LabResults_LabRequests_LabRequestId] FOREIGN KEY ([LabRequestId]) REFERENCES [LabRequests] ([Id]) ON DELETE CASCADE,
          CONSTRAINT [FK_LabResults_LabTests_LabTestId] FOREIGN KEY ([LabTestId]) REFERENCES [LabTests] ([Id]) ON DELETE NO ACTION
      );
info: Microsoft.EntityFrameworkCore.Database.Command[20101]
      Executed DbCommand (1ms) [Parameters=[], CommandType='Text', CommandTimeout='30']
      CREATE TABLE [RadiologyResults] (
          [Id] int NOT NULL IDENTITY,
          [RadiologyRequestId] int NOT NULL,
          [RadiologyTestId] int NOT NULL,
          [Findings] nvarchar(max) NULL,
          [Impression] nvarchar(max) NULL,
          [ImageUrl] nvarchar(max) NULL,
          [ResultDate] datetime2 NULL,
          [PerformedBy] nvarchar(max) NULL,
          [RadiologistName] nvarchar(max) NULL,
          [RadiologyTemplateId] int NULL,
          [CreatedDate] datetime2 NOT NULL,
          [CreatedBy] nvarchar(max) NOT NULL,
          [UpdatedDate] datetime2 NULL,
          [UpdatedBy] nvarchar(max) NULL,
          [IsDeleted] bit NOT NULL,
          CONSTRAINT [PK_RadiologyResults] PRIMARY KEY ([Id]),
          CONSTRAINT [FK_RadiologyResults_RadiologyRequests_RadiologyRequestId] FOREIGN KEY ([RadiologyRequestId]) REFERENCES [RadiologyRequests] ([Id]) ON DELETE CASCADE,
          CONSTRAINT [FK_RadiologyResults_RadiologyTemplates_RadiologyTemplateId] FOREIGN KEY ([RadiologyTemplateId]) REFERENCES [RadiologyTemplates] ([Id]),
          CONSTRAINT [FK_RadiologyResults_RadiologyTests_RadiologyTestId] FOREIGN KEY ([RadiologyTestId]) REFERENCES [RadiologyTests] ([Id]) ON DELETE NO ACTION
      );
info: Microsoft.EntityFrameworkCore.Database.Command[20101]
      Executed DbCommand (1ms) [Parameters=[], CommandType='Text', CommandTimeout='30']
      CREATE TABLE [NeonatalRecords] (
          [Id] int NOT NULL IDENTITY,
          [DeliveryRecordId] int NOT NULL,
          [BabyPatientId] int NOT NULL,
          [BirthWeight] decimal(18,2) NOT NULL,
          [Length] decimal(18,2) NOT NULL,
          [HeadCircumference] decimal(18,2) NOT NULL,
          [Apgar1Min] int NOT NULL,
          [Apgar5Min] int NOT NULL,
          [Gender] nvarchar(max) NOT NULL,
          [HealthStatus] nvarchar(max) NULL,
          [IncubatorId] int NULL,
          [CreatedDate] datetime2 NOT NULL,
          [CreatedBy] nvarchar(max) NOT NULL,
          [UpdatedDate] datetime2 NULL,
          [UpdatedBy] nvarchar(max) NULL,
          [IsDeleted] bit NOT NULL,
          CONSTRAINT [PK_NeonatalRecords] PRIMARY KEY ([Id]),
          CONSTRAINT [FK_NeonatalRecords_DeliveryRecords_DeliveryRecordId] FOREIGN KEY ([DeliveryRecordId]) REFERENCES [DeliveryRecords] ([Id]) ON DELETE CASCADE,
          CONSTRAINT [FK_NeonatalRecords_Patients_BabyPatientId] FOREIGN KEY ([BabyPatientId]) REFERENCES [Patients] ([Id])
      );
info: Microsoft.EntityFrameworkCore.Database.Command[20101]
      Executed DbCommand (2ms) [Parameters=[], CommandType='Text', CommandTimeout='30']
      CREATE TABLE [PrescriptionItems] (
          [Id] int NOT NULL IDENTITY,
          [PrescriptionId] int NOT NULL,
          [ItemId] int NOT NULL,
          [Dosage] nvarchar(max) NOT NULL,
          [Frequency] nvarchar(max) NOT NULL,
          [Duration] nvarchar(max) NOT NULL,
          [Quantity] decimal(18,2) NOT NULL,
          [Instructions] nvarchar(max) NULL,
          [IsDispensed] bit NOT NULL,
          [DispensedDate] datetime2 NULL,
          [DispensedBy] nvarchar(max) NULL,
          [CreatedDate] datetime2 NOT NULL,
          [CreatedBy] nvarchar(max) NOT NULL,
          [UpdatedDate] datetime2 NULL,
          [UpdatedBy] nvarchar(max) NULL,
          [IsDeleted] bit NOT NULL,
          CONSTRAINT [PK_PrescriptionItems] PRIMARY KEY ([Id]),
          CONSTRAINT [FK_PrescriptionItems_Items_ItemId] FOREIGN KEY ([ItemId]) REFERENCES [Items] ([Id]) ON DELETE NO ACTION,
          CONSTRAINT [FK_PrescriptionItems_Prescriptions_PrescriptionId] FOREIGN KEY ([PrescriptionId]) REFERENCES [Prescriptions] ([Id]) ON DELETE CASCADE
      );
info: Microsoft.EntityFrameworkCore.Database.Command[20101]
      Executed DbCommand (2ms) [Parameters=[], CommandType='Text', CommandTimeout='30']
      CREATE TABLE [SurgeryChecklist] (
          [Id] int NOT NULL IDENTITY,
          [ScheduledSurgeryId] int NOT NULL,
          [Stage] nvarchar(max) NOT NULL,
          [PatientIdentityConfirmed] bit NOT NULL,
          [SiteMarked] bit NOT NULL,
          [ConsentChecked] bit NOT NULL,
          [AnesthesiaSafetyCheckDone] bit NOT NULL,
          [PulseOximeterOn] bit NOT NULL,
          [AllergyChecked] bit NOT NULL,
          [AirwayRiskAssessed] bit NOT NULL,
          [TeamMembersIntroduced] bit NOT NULL,
          [AnticipatedBloodLossChecked] bit NOT NULL,
          [AntibioticProphylaxisGiven] bit NOT NULL,
          [InstrumentCountConfirmed] bit NOT NULL,
          [SpecimenLabeled] bit NOT NULL,
          [EquipmentIssuesAddressed] bit NOT NULL,
          [CompletedBy] nvarchar(max) NULL,
          [CreatedDate] datetime2 NOT NULL,
          [CreatedBy] nvarchar(max) NOT NULL,
          [UpdatedDate] datetime2 NULL,
          [UpdatedBy] nvarchar(max) NULL,
          [IsDeleted] bit NOT NULL,
          CONSTRAINT [PK_SurgeryChecklist] PRIMARY KEY ([Id]),
          CONSTRAINT [FK_SurgeryChecklist_ScheduledSurgeries_ScheduledSurgeryId] FOREIGN KEY ([ScheduledSurgeryId]) REFERENCES [ScheduledSurgeries] ([Id]) ON DELETE CASCADE
      );
info: Microsoft.EntityFrameworkCore.Database.Command[20101]
      Executed DbCommand (2ms) [Parameters=[], CommandType='Text', CommandTimeout='30']
      CREATE TABLE [SurgeryResources] (
          [Id] int NOT NULL IDENTITY,
          [ScheduledSurgeryId] int NOT NULL,
          [ItemId] int NOT NULL,
          [Quantity] decimal(18,2) NOT NULL,
          [BatchNumber] nvarchar(max) NULL,
          [Notes] nvarchar(max) NULL,
          [ConsumedDate] datetime2 NOT NULL,
          [CreatedDate] datetime2 NOT NULL,
          [CreatedBy] nvarchar(max) NOT NULL,
          [UpdatedDate] datetime2 NULL,
          [UpdatedBy] nvarchar(max) NULL,
          [IsDeleted] bit NOT NULL,
          CONSTRAINT [PK_SurgeryResources] PRIMARY KEY ([Id]),
          CONSTRAINT [FK_SurgeryResources_Items_ItemId] FOREIGN KEY ([ItemId]) REFERENCES [Items] ([Id]) ON DELETE CASCADE,
          CONSTRAINT [FK_SurgeryResources_ScheduledSurgeries_ScheduledSurgeryId] FOREIGN KEY ([ScheduledSurgeryId]) REFERENCES [ScheduledSurgeries] ([Id]) ON DELETE CASCADE
      );
info: Microsoft.EntityFrameworkCore.Database.Command[20101]
      Executed DbCommand (1ms) [Parameters=[], CommandType='Text', CommandTimeout='30']
      CREATE TABLE [MedicationAdministrations] (
          [Id] int NOT NULL IDENTITY,
          [PrescriptionItemId] int NOT NULL,
          [BedAdmissionId] int NOT NULL,
          [AdministeredDate] datetime2 NOT NULL,
          [AdministeredBy] nvarchar(max) NOT NULL,
          [Status] nvarchar(max) NOT NULL,
          [Dose] nvarchar(max) NULL,
          [Notes] nvarchar(max) NULL,
          [CreatedDate] datetime2 NOT NULL,
          [CreatedBy] nvarchar(max) NOT NULL,
          [UpdatedDate] datetime2 NULL,
          [UpdatedBy] nvarchar(max) NULL,
          [IsDeleted] bit NOT NULL,
          CONSTRAINT [PK_MedicationAdministrations] PRIMARY KEY ([Id]),
          CONSTRAINT [FK_MedicationAdministrations_BedAdmissions_BedAdmissionId] FOREIGN KEY ([BedAdmissionId]) REFERENCES [BedAdmissions] ([Id]) ON DELETE NO ACTION,
          CONSTRAINT [FK_MedicationAdministrations_PrescriptionItems_PrescriptionItemId] FOREIGN KEY ([PrescriptionItemId]) REFERENCES [PrescriptionItems] ([Id]) ON DELETE NO ACTION
      );
info: Microsoft.EntityFrameworkCore.Database.Command[20101]
      Executed DbCommand (1ms) [Parameters=[], CommandType='Text', CommandTimeout='30']
      CREATE TABLE [MedicineReturns] (
          [Id] int NOT NULL IDENTITY,
          [PrescriptionItemId] int NOT NULL,
          [QuantityReturned] decimal(18,2) NOT NULL,
          [Reason] nvarchar(max) NOT NULL,
          [HandledBy] nvarchar(max) NOT NULL,
          [ReturnDate] datetime2 NOT NULL,
          [Status] nvarchar(max) NOT NULL,
          [Notes] nvarchar(max) NULL,
          [CreatedDate] datetime2 NOT NULL,
          [CreatedBy] nvarchar(max) NOT NULL,
          [UpdatedDate] datetime2 NULL,
          [UpdatedBy] nvarchar(max) NULL,
          [IsDeleted] bit NOT NULL,
          CONSTRAINT [PK_MedicineReturns] PRIMARY KEY ([Id]),
          CONSTRAINT [FK_MedicineReturns_PrescriptionItems_PrescriptionItemId] FOREIGN KEY ([PrescriptionItemId]) REFERENCES [PrescriptionItems] ([Id]) ON DELETE NO ACTION
      );
info: Microsoft.EntityFrameworkCore.Database.Command[20101]
      Executed DbCommand (21ms) [Parameters=[], CommandType='Text', CommandTimeout='30']
      IF EXISTS (SELECT * FROM [sys].[identity_columns] WHERE [name] IN (N'Id', N'Category', N'CreatedBy', N'CreatedDate', N'IsActive', N'IsDeleted', N'Name', N'NameAr', N'NormalRange', N'Price', N'TestCode', N'Unit', N'UpdatedBy', N'UpdatedDate') AND [object_id] = OBJECT_ID(N'[LabTests]'))
          SET IDENTITY_INSERT [LabTests] ON;
      INSERT INTO [LabTests] ([Id], [Category], [CreatedBy], [CreatedDate], [IsActive], [IsDeleted], [Name], [NameAr], [NormalRange], [Price], [TestCode], [Unit], [UpdatedBy], [UpdatedDate])
      VALUES (1, N'Hematology', N'system', '2024-01-01T00:00:00.0000000', CAST(1 AS bit), CAST(0 AS bit), N'Complete Blood Count (CBC)', N'­í©¡ §ê èŸêé¡', N'4.5-11.0 x10^9/L', 50.0, N'LAB0001', N'x10^9/L', NULL, NULL),
      (2, N'Biochemistry', N'system', '2024-01-01T00:00:00.0000000', CAST(1 AS bit), CAST(0 AS bit), N'Blood Glucose', N'«è© Ÿé§ê', N'70-100 mg/dL', 30.0, N'LAB0002', N'mg/dL', NULL, NULL),
      (3, N'Biochemistry', N'system', '2024-01-01T00:00:00.0000000', CAST(1 AS bit), CAST(0 AS bit), N'Kidney Function Test', N'íâŸžå èéî', N'0.7-1.3 mg/dL', 80.0, N'LAB0003', N'mg/dL', NULL, NULL),
      (4, N'Biochemistry', N'system', '2024-01-01T00:00:00.0000000', CAST(1 AS bit), CAST(0 AS bit), N'Liver Function Test', N'íâŸžå è §', N'Varies', 100.0, N'LAB0004', N'U/L', NULL, NULL),
      (5, N'Microbiology', N'system', '2024-01-01T00:00:00.0000000', CAST(1 AS bit), CAST(0 AS bit), N'Urinalysis', N'¢¥éïé  íé', N'Negative', 25.0, N'LAB0005', N'N/A', NULL, NULL);
      IF EXISTS (SELECT * FROM [sys].[identity_columns] WHERE [name] IN (N'Id', N'Category', N'CreatedBy', N'CreatedDate', N'IsActive', N'IsDeleted', N'Name', N'NameAr', N'NormalRange', N'Price', N'TestCode', N'Unit', N'UpdatedBy', N'UpdatedDate') AND [object_id] = OBJECT_ID(N'[LabTests]'))
          SET IDENTITY_INSERT [LabTests] OFF;
info: Microsoft.EntityFrameworkCore.Database.Command[20101]
      Executed DbCommand (8ms) [Parameters=[], CommandType='Text', CommandTimeout='30']
      IF EXISTS (SELECT * FROM [sys].[identity_columns] WHERE [name] IN (N'Id', N'Category', N'CreatedBy', N'CreatedDate', N'IsActive', N'IsDeleted', N'Name', N'NameAr', N'PreparationInstructions', N'PreparationInstructionsAr', N'Price', N'TestCode', N'UpdatedBy', N'UpdatedDate') AND [object_id] = OBJECT_ID(N'[RadiologyTests]'))
          SET IDENTITY_INSERT [RadiologyTests] ON;
      INSERT INTO [RadiologyTests] ([Id], [Category], [CreatedBy], [CreatedDate], [IsActive], [IsDeleted], [Name], [NameAr], [PreparationInstructions], [PreparationInstructionsAr], [Price], [TestCode], [UpdatedBy], [UpdatedDate])
      VALUES (1, N'X-Ray', N'system', '2024-01-01T00:00:00.0000000', CAST(1 AS bit), CAST(0 AS bit), N'Chest X-Ray', N'š¬ã¡ «ïëï¡ ãéî Ÿé­§©', NULL, NULL, 150.0, N'RAD0001', NULL, NULL),
      (2, N'MRI', N'system', '2024-01-01T00:00:00.0000000', CAST(1 AS bit), CAST(0 AS bit), N'Brain MRI', N'©ëïë êäëŸáï«ï ãéî Ÿéê¦', NULL, NULL, 1200.0, N'RAD0002', NULL, NULL),
      (3, N'Ultrasound', N'system', '2024-01-01T00:00:00.0000000', CAST(1 AS bit), CAST(0 AS bit), N'Abdominal Ultrasound', N'š¬ã¡ ¢éïåªïíëï¡ ãéî Ÿé áë', NULL, NULL, 300.0, N'RAD0003', NULL, NULL),
      (4, N'CT Scan', N'system', '2024-01-01T00:00:00.0000000', CAST(1 AS bit), CAST(0 AS bit), N'CT Abdomen', N'š¬ã¡ êçáãï¡ ãéî Ÿé áë', NULL, NULL, 800.0, N'RAD0004', NULL, NULL);
      IF EXISTS (SELECT * FROM [sys].[identity_columns] WHERE [name] IN (N'Id', N'Category', N'CreatedBy', N'CreatedDate', N'IsActive', N'IsDeleted', N'Name', N'NameAr', N'PreparationInstructions', N'PreparationInstructionsAr', N'Price', N'TestCode', N'UpdatedBy', N'UpdatedDate') AND [object_id] = OBJECT_ID(N'[RadiologyTests]'))
          SET IDENTITY_INSERT [RadiologyTests] OFF;
info: Microsoft.EntityFrameworkCore.Database.Command[20101]
      Executed DbCommand (7ms) [Parameters=[], CommandType='Text', CommandTimeout='30']
      IF EXISTS (SELECT * FROM [sys].[identity_columns] WHERE [name] IN (N'Id', N'CreatedBy', N'CreatedDate', N'Description', N'IsDeleted', N'Name', N'UpdatedBy', N'UpdatedDate') AND [object_id] = OBJECT_ID(N'[Roles]'))
          SET IDENTITY_INSERT [Roles] ON;
      INSERT INTO [Roles] ([Id], [CreatedBy], [CreatedDate], [Description], [IsDeleted], [Name], [UpdatedBy], [UpdatedDate])
      VALUES (1, N'system', '2024-01-01T00:00:00.0000000', N'Administrator', CAST(0 AS bit), N'Admin', NULL, NULL),
      (2, N'system', '2024-01-01T00:00:00.0000000', N'Doctor', CAST(0 AS bit), N'Doctor', NULL, NULL),
      (3, N'system', '2024-01-01T00:00:00.0000000', N'Nurse', CAST(0 AS bit), N'Nurse', NULL, NULL),
      (4, N'system', '2024-01-01T00:00:00.0000000', N'Receptionist', CAST(0 AS bit), N'Receptionist', NULL, NULL),
      (5, N'system', '2024-01-01T00:00:00.0000000', N'Accountant', CAST(0 AS bit), N'Accountant', NULL, NULL);
      IF EXISTS (SELECT * FROM [sys].[identity_columns] WHERE [name] IN (N'Id', N'CreatedBy', N'CreatedDate', N'Description', N'IsDeleted', N'Name', N'UpdatedBy', N'UpdatedDate') AND [object_id] = OBJECT_ID(N'[Roles]'))
          SET IDENTITY_INSERT [Roles] OFF;
info: Microsoft.EntityFrameworkCore.Database.Command[20101]
      Executed DbCommand (7ms) [Parameters=[], CommandType='Text', CommandTimeout='30']
      IF EXISTS (SELECT * FROM [sys].[identity_columns] WHERE [name] IN (N'Id', N'CreatedBy', N'CreatedDate', N'Email', N'FullName', N'IsActive', N'IsDeleted', N'PasswordHash', N'PhoneNumber', N'RefreshToken', N'RefreshTokenExpiry', N'RoleId', N'UpdatedBy', N'UpdatedDate', N'Username') AND [object_id] = OBJECT_ID(N'[Users]'))
          SET IDENTITY_INSERT [Users] ON;
      INSERT INTO [Users] ([Id], [CreatedBy], [CreatedDate], [Email], [FullName], [IsActive], [IsDeleted], [PasswordHash], [PhoneNumber], [RefreshToken], [RefreshTokenExpiry], [RoleId], [UpdatedBy], [UpdatedDate], [Username])
      VALUES (1, N'system', '2024-01-01T00:00:00.0000000', N'admin@hospital.com', N'System Administrator', CAST(1 AS bit), CAST(0 AS bit), N'$2a$11$qc0Sp9VwLpUK/Z4Tdx7U3OfzQbPwKgZTcJ/vXtFz714TIeiXd7JNa', NULL, NULL, NULL, 1, NULL, NULL, N'admin');
      IF EXISTS (SELECT * FROM [sys].[identity_columns] WHERE [name] IN (N'Id', N'CreatedBy', N'CreatedDate', N'Email', N'FullName', N'IsActive', N'IsDeleted', N'PasswordHash', N'PhoneNumber', N'RefreshToken', N'RefreshTokenExpiry', N'RoleId', N'UpdatedBy', N'UpdatedDate', N'Username') AND [object_id] = OBJECT_ID(N'[Users]'))
          SET IDENTITY_INSERT [Users] OFF;
info: Microsoft.EntityFrameworkCore.Database.Command[20101]
      Executed DbCommand (1ms) [Parameters=[], CommandType='Text', CommandTimeout='30']
      CREATE UNIQUE INDEX [IX_Accounts_AccountCode] ON [Accounts] ([AccountCode]);
info: Microsoft.EntityFrameworkCore.Database.Command[20101]
      Executed DbCommand (1ms) [Parameters=[], CommandType='Text', CommandTimeout='30']
      CREATE INDEX [IX_Accounts_ParentAccountId] ON [Accounts] ([ParentAccountId]);
info: Microsoft.EntityFrameworkCore.Database.Command[20101]
      Executed DbCommand (1ms) [Parameters=[], CommandType='Text', CommandTimeout='30']
      CREATE INDEX [IX_AmbulanceDispatches_AmbulanceId] ON [AmbulanceDispatches] ([AmbulanceId]);
info: Microsoft.EntityFrameworkCore.Database.Command[20101]
      Executed DbCommand (1ms) [Parameters=[], CommandType='Text', CommandTimeout='30']
      CREATE INDEX [IX_AmbulanceDispatches_EmergencyAdmissionId] ON [AmbulanceDispatches] ([EmergencyAdmissionId]);
info: Microsoft.EntityFrameworkCore.Database.Command[20101]
      Executed DbCommand (1ms) [Parameters=[], CommandType='Text', CommandTimeout='30']
      CREATE INDEX [IX_Ambulances_PrimaryDriverId] ON [Ambulances] ([PrimaryDriverId]);
info: Microsoft.EntityFrameworkCore.Database.Command[20101]
      Executed DbCommand (1ms) [Parameters=[], CommandType='Text', CommandTimeout='30']
      CREATE INDEX [IX_Appointments_DoctorId] ON [Appointments] ([DoctorId]);
info: Microsoft.EntityFrameworkCore.Database.Command[20101]
      Executed DbCommand (1ms) [Parameters=[], CommandType='Text', CommandTimeout='30']
      CREATE INDEX [IX_Appointments_PatientId] ON [Appointments] ([PatientId]);
info: Microsoft.EntityFrameworkCore.Database.Command[20101]
      Executed DbCommand (1ms) [Parameters=[], CommandType='Text', CommandTimeout='30']
      CREATE INDEX [IX_AttendanceRecords_EmployeeId] ON [AttendanceRecords] ([EmployeeId]);
info: Microsoft.EntityFrameworkCore.Database.Command[20101]
      Executed DbCommand (1ms) [Parameters=[], CommandType='Text', CommandTimeout='30']
      CREATE INDEX [IX_BedAdmissions_BedId] ON [BedAdmissions] ([BedId]);
info: Microsoft.EntityFrameworkCore.Database.Command[20101]
      Executed DbCommand (1ms) [Parameters=[], CommandType='Text', CommandTimeout='30']
      CREATE INDEX [IX_BedAdmissions_DoctorId] ON [BedAdmissions] ([DoctorId]);
info: Microsoft.EntityFrameworkCore.Database.Command[20101]
      Executed DbCommand (1ms) [Parameters=[], CommandType='Text', CommandTimeout='30']
      CREATE INDEX [IX_BedAdmissions_PatientId] ON [BedAdmissions] ([PatientId]);
info: Microsoft.EntityFrameworkCore.Database.Command[20101]
      Executed DbCommand (1ms) [Parameters=[], CommandType='Text', CommandTimeout='30']
      CREATE UNIQUE INDEX [IX_Beds_RoomId_BedNumber] ON [Beds] ([RoomId], [BedNumber]);
info: Microsoft.EntityFrameworkCore.Database.Command[20101]
      Executed DbCommand (1ms) [Parameters=[], CommandType='Text', CommandTimeout='30']
      CREATE INDEX [IX_BloodDonations_BloodDonorId] ON [BloodDonations] ([BloodDonorId]);
info: Microsoft.EntityFrameworkCore.Database.Command[20101]
      Executed DbCommand (1ms) [Parameters=[], CommandType='Text', CommandTimeout='30']
      CREATE INDEX [IX_BloodDonations_BloodStockId] ON [BloodDonations] ([BloodStockId]);
info: Microsoft.EntityFrameworkCore.Database.Command[20101]
      Executed DbCommand (1ms) [Parameters=[], CommandType='Text', CommandTimeout='30']
      CREATE INDEX [IX_BloodRequests_PatientId] ON [BloodRequests] ([PatientId]);
info: Microsoft.EntityFrameworkCore.Database.Command[20101]
      Executed DbCommand (1ms) [Parameters=[], CommandType='Text', CommandTimeout='30']
      CREATE INDEX [IX_BloodStocks_ReservedForPatientId] ON [BloodStocks] ([ReservedForPatientId]);
info: Microsoft.EntityFrameworkCore.Database.Command[20101]
      Executed DbCommand (1ms) [Parameters=[], CommandType='Text', CommandTimeout='30']
      CREATE INDEX [IX_ClinicalEncounters_AppointmentId] ON [ClinicalEncounters] ([AppointmentId]);
info: Microsoft.EntityFrameworkCore.Database.Command[20101]
      Executed DbCommand (1ms) [Parameters=[], CommandType='Text', CommandTimeout='30']
      CREATE INDEX [IX_ClinicalEncounters_BedAdmissionId] ON [ClinicalEncounters] ([BedAdmissionId]);
info: Microsoft.EntityFrameworkCore.Database.Command[20101]
      Executed DbCommand (1ms) [Parameters=[], CommandType='Text', CommandTimeout='30']
      CREATE INDEX [IX_ClinicalEncounters_DoctorId] ON [ClinicalEncounters] ([DoctorId]);
info: Microsoft.EntityFrameworkCore.Database.Command[20101]
      Executed DbCommand (1ms) [Parameters=[], CommandType='Text', CommandTimeout='30']
      CREATE INDEX [IX_ClinicalEncounters_EmergencyAdmissionId] ON [ClinicalEncounters] ([EmergencyAdmissionId]);
info: Microsoft.EntityFrameworkCore.Database.Command[20101]
      Executed DbCommand (1ms) [Parameters=[], CommandType='Text', CommandTimeout='30']
      CREATE INDEX [IX_ClinicalEncounters_PatientId] ON [ClinicalEncounters] ([PatientId]);
info: Microsoft.EntityFrameworkCore.Database.Command[20101]
      Executed DbCommand (1ms) [Parameters=[], CommandType='Text', CommandTimeout='30']
      CREATE INDEX [IX_ClinicalIncidents_PatientId] ON [ClinicalIncidents] ([PatientId]);
info: Microsoft.EntityFrameworkCore.Database.Command[20101]
      Executed DbCommand (1ms) [Parameters=[], CommandType='Text', CommandTimeout='30']
      CREATE INDEX [IX_DeceasedRecords_PatientId] ON [DeceasedRecords] ([PatientId]);
info: Microsoft.EntityFrameworkCore.Database.Command[20101]
      Executed DbCommand (1ms) [Parameters=[], CommandType='Text', CommandTimeout='30']
      CREATE INDEX [IX_DeliveryRecords_PregnancyRecordId] ON [DeliveryRecords] ([PregnancyRecordId]);
info: Microsoft.EntityFrameworkCore.Database.Command[20101]
      Executed DbCommand (1ms) [Parameters=[], CommandType='Text', CommandTimeout='30']
      CREATE INDEX [IX_DentalCharts_PatientId] ON [DentalCharts] ([PatientId]);
info: Microsoft.EntityFrameworkCore.Database.Command[20101]
      Executed DbCommand (1ms) [Parameters=[], CommandType='Text', CommandTimeout='30']
      CREATE INDEX [IX_DentalProcedures_DentalChartId] ON [DentalProcedures] ([DentalChartId]);
info: Microsoft.EntityFrameworkCore.Database.Command[20101]
      Executed DbCommand (1ms) [Parameters=[], CommandType='Text', CommandTimeout='30']
      CREATE INDEX [IX_DentalProcedures_DentistId] ON [DentalProcedures] ([DentistId]);
info: Microsoft.EntityFrameworkCore.Database.Command[20101]
      Executed DbCommand (1ms) [Parameters=[], CommandType='Text', CommandTimeout='30']
      CREATE INDEX [IX_DietPlans_PatientId] ON [DietPlans] ([PatientId]);
info: Microsoft.EntityFrameworkCore.Database.Command[20101]
      Executed DbCommand (1ms) [Parameters=[], CommandType='Text', CommandTimeout='30']
      CREATE INDEX [IX_DietPlans_PrescribedById] ON [DietPlans] ([PrescribedById]);
info: Microsoft.EntityFrameworkCore.Database.Command[20101]
      Executed DbCommand (1ms) [Parameters=[], CommandType='Text', CommandTimeout='30']
      CREATE UNIQUE INDEX [IX_Doctors_DoctorCode] ON [Doctors] ([DoctorCode]);
info: Microsoft.EntityFrameworkCore.Database.Command[20101]
      Executed DbCommand (1ms) [Parameters=[], CommandType='Text', CommandTimeout='30']
      CREATE INDEX [IX_Doctors_EmployeeId] ON [Doctors] ([EmployeeId]);
info: Microsoft.EntityFrameworkCore.Database.Command[20101]
      Executed DbCommand (1ms) [Parameters=[], CommandType='Text', CommandTimeout='30']
      CREATE INDEX [IX_EmergencyAdmissions_AssignedDoctorId] ON [EmergencyAdmissions] ([AssignedDoctorId]);
info: Microsoft.EntityFrameworkCore.Database.Command[20101]
      Executed DbCommand (1ms) [Parameters=[], CommandType='Text', CommandTimeout='30']
      CREATE INDEX [IX_EmergencyAdmissions_PatientId] ON [EmergencyAdmissions] ([PatientId]);
info: Microsoft.EntityFrameworkCore.Database.Command[20101]
      Executed DbCommand (1ms) [Parameters=[], CommandType='Text', CommandTimeout='30']
      CREATE INDEX [IX_EmployeeLeaveBalances_EmployeeId] ON [EmployeeLeaveBalances] ([EmployeeId]);
info: Microsoft.EntityFrameworkCore.Database.Command[20101]
      Executed DbCommand (1ms) [Parameters=[], CommandType='Text', CommandTimeout='30']
      CREATE INDEX [IX_EmployeeRosters_EmployeeId] ON [EmployeeRosters] ([EmployeeId]);
info: Microsoft.EntityFrameworkCore.Database.Command[20101]
      Executed DbCommand (1ms) [Parameters=[], CommandType='Text', CommandTimeout='30']
      CREATE INDEX [IX_EmployeeRosters_WorkShiftId] ON [EmployeeRosters] ([WorkShiftId]);
info: Microsoft.EntityFrameworkCore.Database.Command[20101]
      Executed DbCommand (1ms) [Parameters=[], CommandType='Text', CommandTimeout='30']
      CREATE INDEX [IX_ExternalReferrals_FacilityId] ON [ExternalReferrals] ([FacilityId]);
info: Microsoft.EntityFrameworkCore.Database.Command[20101]
      Executed DbCommand (1ms) [Parameters=[], CommandType='Text', CommandTimeout='30']
      CREATE INDEX [IX_ExternalReferrals_PatientId] ON [ExternalReferrals] ([PatientId]);
info: Microsoft.EntityFrameworkCore.Database.Command[20101]
      Executed DbCommand (1ms) [Parameters=[], CommandType='Text', CommandTimeout='30']
      CREATE INDEX [IX_FleetMaintenances_AmbulanceId] ON [FleetMaintenances] ([AmbulanceId]);
info: Microsoft.EntityFrameworkCore.Database.Command[20101]
      Executed DbCommand (1ms) [Parameters=[], CommandType='Text', CommandTimeout='30']
      CREATE INDEX [IX_HieTransactions_ExternalReferralId] ON [HieTransactions] ([ExternalReferralId]);
info: Microsoft.EntityFrameworkCore.Database.Command[20101]
      Executed DbCommand (1ms) [Parameters=[], CommandType='Text', CommandTimeout='30']
      CREATE INDEX [IX_HousekeepingTasks_BedId] ON [HousekeepingTasks] ([BedId]);
info: Microsoft.EntityFrameworkCore.Database.Command[20101]
      Executed DbCommand (1ms) [Parameters=[], CommandType='Text', CommandTimeout='30']
      CREATE INDEX [IX_InpatientNursingAssessments_BedAdmissionId] ON [InpatientNursingAssessments] ([BedAdmissionId]);
info: Microsoft.EntityFrameworkCore.Database.Command[20101]
      Executed DbCommand (1ms) [Parameters=[], CommandType='Text', CommandTimeout='30']
      CREATE UNIQUE INDEX [IX_InsuranceClaims_ClaimNumber] ON [InsuranceClaims] ([ClaimNumber]);
info: Microsoft.EntityFrameworkCore.Database.Command[20101]
      Executed DbCommand (1ms) [Parameters=[], CommandType='Text', CommandTimeout='30']
      CREATE INDEX [IX_InsuranceClaims_InsuranceProviderId] ON [InsuranceClaims] ([InsuranceProviderId]);
info: Microsoft.EntityFrameworkCore.Database.Command[20101]
      Executed DbCommand (1ms) [Parameters=[], CommandType='Text', CommandTimeout='30']
      CREATE INDEX [IX_InsuranceClaims_InvoiceId] ON [InsuranceClaims] ([InvoiceId]);
info: Microsoft.EntityFrameworkCore.Database.Command[20101]
      Executed DbCommand (1ms) [Parameters=[], CommandType='Text', CommandTimeout='30']
      CREATE INDEX [IX_InsuranceClaims_PatientId] ON [InsuranceClaims] ([PatientId]);
info: Microsoft.EntityFrameworkCore.Database.Command[20101]
      Executed DbCommand (1ms) [Parameters=[], CommandType='Text', CommandTimeout='30']
      CREATE INDEX [IX_InsurancePlans_InsuranceProviderId] ON [InsurancePlans] ([InsuranceProviderId]);
info: Microsoft.EntityFrameworkCore.Database.Command[20101]
      Executed DbCommand (1ms) [Parameters=[], CommandType='Text', CommandTimeout='30']
      CREATE INDEX [IX_InvoiceItems_InvoiceId] ON [InvoiceItems] ([InvoiceId]);
info: Microsoft.EntityFrameworkCore.Database.Command[20101]
      Executed DbCommand (1ms) [Parameters=[], CommandType='Text', CommandTimeout='30']
      CREATE INDEX [IX_InvoiceItems_ItemId] ON [InvoiceItems] ([ItemId]);
info: Microsoft.EntityFrameworkCore.Database.Command[20101]
      Executed DbCommand (1ms) [Parameters=[], CommandType='Text', CommandTimeout='30']
      CREATE INDEX [IX_Invoices_CustomerId] ON [Invoices] ([CustomerId]);
info: Microsoft.EntityFrameworkCore.Database.Command[20101]
      Executed DbCommand (0ms) [Parameters=[], CommandType='Text', CommandTimeout='30']
      CREATE UNIQUE INDEX [IX_Invoices_InvoiceNumber] ON [Invoices] ([InvoiceNumber]);
info: Microsoft.EntityFrameworkCore.Database.Command[20101]
      Executed DbCommand (1ms) [Parameters=[], CommandType='Text', CommandTimeout='30']
      CREATE INDEX [IX_Invoices_PatientId] ON [Invoices] ([PatientId]);
info: Microsoft.EntityFrameworkCore.Database.Command[20101]
      Executed DbCommand (1ms) [Parameters=[], CommandType='Text', CommandTimeout='30']
      CREATE UNIQUE INDEX [IX_ItemBatches_Barcode] ON [ItemBatches] ([Barcode]);
info: Microsoft.EntityFrameworkCore.Database.Command[20101]
      Executed DbCommand (1ms) [Parameters=[], CommandType='Text', CommandTimeout='30']
      CREATE UNIQUE INDEX [IX_ItemBatches_BatchNumber] ON [ItemBatches] ([BatchNumber]);
info: Microsoft.EntityFrameworkCore.Database.Command[20101]
      Executed DbCommand (1ms) [Parameters=[], CommandType='Text', CommandTimeout='30']
      CREATE INDEX [IX_ItemBatches_ItemId] ON [ItemBatches] ([ItemId]);
info: Microsoft.EntityFrameworkCore.Database.Command[20101]
      Executed DbCommand (1ms) [Parameters=[], CommandType='Text', CommandTimeout='30']
      CREATE INDEX [IX_ItemBatches_SupplierId] ON [ItemBatches] ([SupplierId]);
info: Microsoft.EntityFrameworkCore.Database.Command[20101]
      Executed DbCommand (1ms) [Parameters=[], CommandType='Text', CommandTimeout='30']
      CREATE INDEX [IX_ItemBatches_WarehouseId] ON [ItemBatches] ([WarehouseId]);
info: Microsoft.EntityFrameworkCore.Database.Command[20101]
      Executed DbCommand (1ms) [Parameters=[], CommandType='Text', CommandTimeout='30']
      CREATE INDEX [IX_ItemPackagingUnits_Barcode] ON [ItemPackagingUnits] ([Barcode]);
info: Microsoft.EntityFrameworkCore.Database.Command[20101]
      Executed DbCommand (1ms) [Parameters=[], CommandType='Text', CommandTimeout='30']
      CREATE INDEX [IX_ItemPackagingUnits_ItemId] ON [ItemPackagingUnits] ([ItemId]);
info: Microsoft.EntityFrameworkCore.Database.Command[20101]
      Executed DbCommand (1ms) [Parameters=[], CommandType='Text', CommandTimeout='30']
      CREATE INDEX [IX_JournalEntryLines_AccountId] ON [JournalEntryLines] ([AccountId]);
info: Microsoft.EntityFrameworkCore.Database.Command[20101]
      Executed DbCommand (1ms) [Parameters=[], CommandType='Text', CommandTimeout='30']
      CREATE INDEX [IX_JournalEntryLines_JournalEntryId] ON [JournalEntryLines] ([JournalEntryId]);
info: Microsoft.EntityFrameworkCore.Database.Command[20101]
      Executed DbCommand (1ms) [Parameters=[], CommandType='Text', CommandTimeout='30']
      CREATE INDEX [IX_LabRequests_DoctorId] ON [LabRequests] ([DoctorId]);
info: Microsoft.EntityFrameworkCore.Database.Command[20101]
      Executed DbCommand (1ms) [Parameters=[], CommandType='Text', CommandTimeout='30']
      CREATE INDEX [IX_LabRequests_EmergencyAdmissionId] ON [LabRequests] ([EmergencyAdmissionId]);
info: Microsoft.EntityFrameworkCore.Database.Command[20101]
      Executed DbCommand (1ms) [Parameters=[], CommandType='Text', CommandTimeout='30']
      CREATE INDEX [IX_LabRequests_PatientId] ON [LabRequests] ([PatientId]);
info: Microsoft.EntityFrameworkCore.Database.Command[20101]
      Executed DbCommand (1ms) [Parameters=[], CommandType='Text', CommandTimeout='30']
      CREATE UNIQUE INDEX [IX_LabRequests_RequestNumber] ON [LabRequests] ([RequestNumber]);
info: Microsoft.EntityFrameworkCore.Database.Command[20101]
      Executed DbCommand (1ms) [Parameters=[], CommandType='Text', CommandTimeout='30']
      CREATE INDEX [IX_LabResults_LabRequestId] ON [LabResults] ([LabRequestId]);
info: Microsoft.EntityFrameworkCore.Database.Command[20101]
      Executed DbCommand (1ms) [Parameters=[], CommandType='Text', CommandTimeout='30']
      CREATE INDEX [IX_LabResults_LabTestId] ON [LabResults] ([LabTestId]);
info: Microsoft.EntityFrameworkCore.Database.Command[20101]
      Executed DbCommand (1ms) [Parameters=[], CommandType='Text', CommandTimeout='30']
      CREATE INDEX [IX_LabTestReferenceRanges_LabTestId] ON [LabTestReferenceRanges] ([LabTestId]);
info: Microsoft.EntityFrameworkCore.Database.Command[20101]
      Executed DbCommand (1ms) [Parameters=[], CommandType='Text', CommandTimeout='30']
      CREATE UNIQUE INDEX [IX_LabTests_TestCode] ON [LabTests] ([TestCode]);
info: Microsoft.EntityFrameworkCore.Database.Command[20101]
      Executed DbCommand (1ms) [Parameters=[], CommandType='Text', CommandTimeout='30']
      CREATE INDEX [IX_LeaveRequests_EmployeeId] ON [LeaveRequests] ([EmployeeId]);
info: Microsoft.EntityFrameworkCore.Database.Command[20101]
      Executed DbCommand (1ms) [Parameters=[], CommandType='Text', CommandTimeout='30']
      CREATE INDEX [IX_MaintenanceTickets_AssetId] ON [MaintenanceTickets] ([AssetId]);
info: Microsoft.EntityFrameworkCore.Database.Command[20101]
      Executed DbCommand (1ms) [Parameters=[], CommandType='Text', CommandTimeout='30']
      CREATE INDEX [IX_MealOrders_PatientId] ON [MealOrders] ([PatientId]);
info: Microsoft.EntityFrameworkCore.Database.Command[20101]
      Executed DbCommand (1ms) [Parameters=[], CommandType='Text', CommandTimeout='30']
      CREATE INDEX [IX_MedicationAdministrations_BedAdmissionId] ON [MedicationAdministrations] ([BedAdmissionId]);
info: Microsoft.EntityFrameworkCore.Database.Command[20101]
      Executed DbCommand (1ms) [Parameters=[], CommandType='Text', CommandTimeout='30']
      CREATE INDEX [IX_MedicationAdministrations_PrescriptionItemId] ON [MedicationAdministrations] ([PrescriptionItemId]);
info: Microsoft.EntityFrameworkCore.Database.Command[20101]
      Executed DbCommand (1ms) [Parameters=[], CommandType='Text', CommandTimeout='30']
      CREATE INDEX [IX_MedicineInteractions_ItemAId] ON [MedicineInteractions] ([ItemAId]);
info: Microsoft.EntityFrameworkCore.Database.Command[20101]
      Executed DbCommand (1ms) [Parameters=[], CommandType='Text', CommandTimeout='30']
      CREATE INDEX [IX_MedicineInteractions_ItemBId] ON [MedicineInteractions] ([ItemBId]);
info: Microsoft.EntityFrameworkCore.Database.Command[20101]
      Executed DbCommand (1ms) [Parameters=[], CommandType='Text', CommandTimeout='30']
      CREATE INDEX [IX_MedicineReturns_PrescriptionItemId] ON [MedicineReturns] ([PrescriptionItemId]);
info: Microsoft.EntityFrameworkCore.Database.Command[20101]
      Executed DbCommand (1ms) [Parameters=[], CommandType='Text', CommandTimeout='30']
      CREATE INDEX [IX_Messages_ReceiverId] ON [Messages] ([ReceiverId]);
info: Microsoft.EntityFrameworkCore.Database.Command[20101]
      Executed DbCommand (1ms) [Parameters=[], CommandType='Text', CommandTimeout='30']
      CREATE INDEX [IX_Messages_SenderId] ON [Messages] ([SenderId]);
info: Microsoft.EntityFrameworkCore.Database.Command[20101]
      Executed DbCommand (1ms) [Parameters=[], CommandType='Text', CommandTimeout='30']
      CREATE INDEX [IX_NeonatalRecords_BabyPatientId] ON [NeonatalRecords] ([BabyPatientId]);
info: Microsoft.EntityFrameworkCore.Database.Command[20101]
      Executed DbCommand (1ms) [Parameters=[], CommandType='Text', CommandTimeout='30']
      CREATE INDEX [IX_NeonatalRecords_DeliveryRecordId] ON [NeonatalRecords] ([DeliveryRecordId]);
info: Microsoft.EntityFrameworkCore.Database.Command[20101]
      Executed DbCommand (1ms) [Parameters=[], CommandType='Text', CommandTimeout='30']
      CREATE INDEX [IX_Notifications_UserId] ON [Notifications] ([UserId]);
info: Microsoft.EntityFrameworkCore.Database.Command[20101]
      Executed DbCommand (1ms) [Parameters=[], CommandType='Text', CommandTimeout='30']
      CREATE INDEX [IX_OrthodonticCases_PatientId] ON [OrthodonticCases] ([PatientId]);
info: Microsoft.EntityFrameworkCore.Database.Command[20101]
      Executed DbCommand (1ms) [Parameters=[], CommandType='Text', CommandTimeout='30']
      CREATE INDEX [IX_PatientFeedbacks_PatientId] ON [PatientFeedbacks] ([PatientId]);
info: Microsoft.EntityFrameworkCore.Database.Command[20101]
      Executed DbCommand (1ms) [Parameters=[], CommandType='Text', CommandTimeout='30']
      CREATE INDEX [IX_Patients_InsurancePlanId] ON [Patients] ([InsurancePlanId]);
info: Microsoft.EntityFrameworkCore.Database.Command[20101]
      Executed DbCommand (1ms) [Parameters=[], CommandType='Text', CommandTimeout='30']
      CREATE INDEX [IX_Patients_InsuranceProviderId] ON [Patients] ([InsuranceProviderId]);
info: Microsoft.EntityFrameworkCore.Database.Command[20101]
      Executed DbCommand (1ms) [Parameters=[], CommandType='Text', CommandTimeout='30']
      CREATE UNIQUE INDEX [IX_Patients_PatientCode] ON [Patients] ([PatientCode]);
info: Microsoft.EntityFrameworkCore.Database.Command[20101]
      Executed DbCommand (1ms) [Parameters=[], CommandType='Text', CommandTimeout='30']
      CREATE INDEX [IX_PatientVitals_AppointmentId] ON [PatientVitals] ([AppointmentId]);
info: Microsoft.EntityFrameworkCore.Database.Command[20101]
      Executed DbCommand (1ms) [Parameters=[], CommandType='Text', CommandTimeout='30']
      CREATE INDEX [IX_PatientVitals_BedAdmissionId] ON [PatientVitals] ([BedAdmissionId]);
info: Microsoft.EntityFrameworkCore.Database.Command[20101]
      Executed DbCommand (1ms) [Parameters=[], CommandType='Text', CommandTimeout='30']
      CREATE INDEX [IX_PatientVitals_EmergencyAdmissionId] ON [PatientVitals] ([EmergencyAdmissionId]);
info: Microsoft.EntityFrameworkCore.Database.Command[20101]
      Executed DbCommand (1ms) [Parameters=[], CommandType='Text', CommandTimeout='30']
      CREATE INDEX [IX_PatientVitals_PatientId] ON [PatientVitals] ([PatientId]);
info: Microsoft.EntityFrameworkCore.Database.Command[20101]
      Executed DbCommand (1ms) [Parameters=[], CommandType='Text', CommandTimeout='30']
      CREATE INDEX [IX_Payments_InvoiceId] ON [Payments] ([InvoiceId]);
info: Microsoft.EntityFrameworkCore.Database.Command[20101]
      Executed DbCommand (1ms) [Parameters=[], CommandType='Text', CommandTimeout='30']
      CREATE INDEX [IX_Payments_PatientId] ON [Payments] ([PatientId]);
info: Microsoft.EntityFrameworkCore.Database.Command[20101]
      Executed DbCommand (1ms) [Parameters=[], CommandType='Text', CommandTimeout='30']
      CREATE UNIQUE INDEX [IX_Payrolls_EmployeeId_Month_Year] ON [Payrolls] ([EmployeeId], [Month], [Year]);
info: Microsoft.EntityFrameworkCore.Database.Command[20101]
      Executed DbCommand (1ms) [Parameters=[], CommandType='Text', CommandTimeout='30']
      CREATE INDEX [IX_PhysiotherapySessions_AppointmentId] ON [PhysiotherapySessions] ([AppointmentId]);
info: Microsoft.EntityFrameworkCore.Database.Command[20101]
      Executed DbCommand (1ms) [Parameters=[], CommandType='Text', CommandTimeout='30']
      CREATE INDEX [IX_PhysiotherapySessions_RehabPlanId] ON [PhysiotherapySessions] ([RehabPlanId]);
info: Microsoft.EntityFrameworkCore.Database.Command[20101]
      Executed DbCommand (1ms) [Parameters=[], CommandType='Text', CommandTimeout='30']
      CREATE INDEX [IX_PhysiotherapySessions_TherapistId] ON [PhysiotherapySessions] ([TherapistId]);
info: Microsoft.EntityFrameworkCore.Database.Command[20101]
      Executed DbCommand (1ms) [Parameters=[], CommandType='Text', CommandTimeout='30']
      CREATE INDEX [IX_PregnancyRecords_PatientId] ON [PregnancyRecords] ([PatientId]);
info: Microsoft.EntityFrameworkCore.Database.Command[20101]
      Executed DbCommand (1ms) [Parameters=[], CommandType='Text', CommandTimeout='30']
      CREATE INDEX [IX_PrescriptionItems_ItemId] ON [PrescriptionItems] ([ItemId]);
info: Microsoft.EntityFrameworkCore.Database.Command[20101]
      Executed DbCommand (1ms) [Parameters=[], CommandType='Text', CommandTimeout='30']
      CREATE INDEX [IX_PrescriptionItems_PrescriptionId] ON [PrescriptionItems] ([PrescriptionId]);
info: Microsoft.EntityFrameworkCore.Database.Command[20101]
      Executed DbCommand (1ms) [Parameters=[], CommandType='Text', CommandTimeout='30']
      CREATE INDEX [IX_Prescriptions_AppointmentId] ON [Prescriptions] ([AppointmentId]);
info: Microsoft.EntityFrameworkCore.Database.Command[20101]
      Executed DbCommand (1ms) [Parameters=[], CommandType='Text', CommandTimeout='30']
      CREATE INDEX [IX_Prescriptions_BedAdmissionId] ON [Prescriptions] ([BedAdmissionId]);
info: Microsoft.EntityFrameworkCore.Database.Command[20101]
      Executed DbCommand (1ms) [Parameters=[], CommandType='Text', CommandTimeout='30']
      CREATE INDEX [IX_Prescriptions_DoctorId] ON [Prescriptions] ([DoctorId]);
info: Microsoft.EntityFrameworkCore.Database.Command[20101]
      Executed DbCommand (1ms) [Parameters=[], CommandType='Text', CommandTimeout='30']
      CREATE INDEX [IX_Prescriptions_EmergencyAdmissionId] ON [Prescriptions] ([EmergencyAdmissionId]);
info: Microsoft.EntityFrameworkCore.Database.Command[20101]
      Executed DbCommand (0ms) [Parameters=[], CommandType='Text', CommandTimeout='30']
      CREATE INDEX [IX_Prescriptions_PatientId] ON [Prescriptions] ([PatientId]);
info: Microsoft.EntityFrameworkCore.Database.Command[20101]
      Executed DbCommand (0ms) [Parameters=[], CommandType='Text', CommandTimeout='30']
      CREATE UNIQUE INDEX [IX_Prescriptions_PrescriptionNumber] ON [Prescriptions] ([PrescriptionNumber]);
info: Microsoft.EntityFrameworkCore.Database.Command[20101]
      Executed DbCommand (0ms) [Parameters=[], CommandType='Text', CommandTimeout='30']
      CREATE INDEX [IX_PurchaseInvoiceItems_ItemId] ON [PurchaseInvoiceItems] ([ItemId]);
info: Microsoft.EntityFrameworkCore.Database.Command[20101]
      Executed DbCommand (1ms) [Parameters=[], CommandType='Text', CommandTimeout='30']
      CREATE INDEX [IX_PurchaseInvoiceItems_PurchaseInvoiceId] ON [PurchaseInvoiceItems] ([PurchaseInvoiceId]);
info: Microsoft.EntityFrameworkCore.Database.Command[20101]
      Executed DbCommand (1ms) [Parameters=[], CommandType='Text', CommandTimeout='30']
      CREATE INDEX [IX_PurchaseInvoiceItems_WarehouseId] ON [PurchaseInvoiceItems] ([WarehouseId]);
info: Microsoft.EntityFrameworkCore.Database.Command[20101]
      Executed DbCommand (1ms) [Parameters=[], CommandType='Text', CommandTimeout='30']
      CREATE INDEX [IX_PurchaseInvoices_SupplierId] ON [PurchaseInvoices] ([SupplierId]);
info: Microsoft.EntityFrameworkCore.Database.Command[20101]
      Executed DbCommand (1ms) [Parameters=[], CommandType='Text', CommandTimeout='30']
      CREATE INDEX [IX_PurchaseOrderItems_ItemId] ON [PurchaseOrderItems] ([ItemId]);
info: Microsoft.EntityFrameworkCore.Database.Command[20101]
      Executed DbCommand (1ms) [Parameters=[], CommandType='Text', CommandTimeout='30']
      CREATE INDEX [IX_PurchaseOrderItems_PurchaseOrderId] ON [PurchaseOrderItems] ([PurchaseOrderId]);
info: Microsoft.EntityFrameworkCore.Database.Command[20101]
      Executed DbCommand (1ms) [Parameters=[], CommandType='Text', CommandTimeout='30']
      CREATE INDEX [IX_PurchaseOrders_SupplierId] ON [PurchaseOrders] ([SupplierId]);
info: Microsoft.EntityFrameworkCore.Database.Command[20101]
      Executed DbCommand (1ms) [Parameters=[], CommandType='Text', CommandTimeout='30']
      CREATE INDEX [IX_RadiologyRequests_DoctorId] ON [RadiologyRequests] ([DoctorId]);
info: Microsoft.EntityFrameworkCore.Database.Command[20101]
      Executed DbCommand (1ms) [Parameters=[], CommandType='Text', CommandTimeout='30']
      CREATE INDEX [IX_RadiologyRequests_EmergencyAdmissionId] ON [RadiologyRequests] ([EmergencyAdmissionId]);
info: Microsoft.EntityFrameworkCore.Database.Command[20101]
      Executed DbCommand (1ms) [Parameters=[], CommandType='Text', CommandTimeout='30']
      CREATE INDEX [IX_RadiologyRequests_PatientId] ON [RadiologyRequests] ([PatientId]);
info: Microsoft.EntityFrameworkCore.Database.Command[20101]
      Executed DbCommand (1ms) [Parameters=[], CommandType='Text', CommandTimeout='30']
      CREATE UNIQUE INDEX [IX_RadiologyRequests_RequestNumber] ON [RadiologyRequests] ([RequestNumber]);
info: Microsoft.EntityFrameworkCore.Database.Command[20101]
      Executed DbCommand (0ms) [Parameters=[], CommandType='Text', CommandTimeout='30']
      CREATE INDEX [IX_RadiologyResults_RadiologyRequestId] ON [RadiologyResults] ([RadiologyRequestId]);
info: Microsoft.EntityFrameworkCore.Database.Command[20101]
      Executed DbCommand (1ms) [Parameters=[], CommandType='Text', CommandTimeout='30']
      CREATE INDEX [IX_RadiologyResults_RadiologyTemplateId] ON [RadiologyResults] ([RadiologyTemplateId]);
info: Microsoft.EntityFrameworkCore.Database.Command[20101]
      Executed DbCommand (1ms) [Parameters=[], CommandType='Text', CommandTimeout='30']
      CREATE INDEX [IX_RadiologyResults_RadiologyTestId] ON [RadiologyResults] ([RadiologyTestId]);
info: Microsoft.EntityFrameworkCore.Database.Command[20101]
      Executed DbCommand (2ms) [Parameters=[], CommandType='Text', CommandTimeout='30']
      CREATE UNIQUE INDEX [IX_RadiologyTests_TestCode] ON [RadiologyTests] ([TestCode]);
info: Microsoft.EntityFrameworkCore.Database.Command[20101]
      Executed DbCommand (1ms) [Parameters=[], CommandType='Text', CommandTimeout='30']
      CREATE INDEX [IX_RehabPlans_AssignedPhysicianId] ON [RehabPlans] ([AssignedPhysicianId]);
info: Microsoft.EntityFrameworkCore.Database.Command[20101]
      Executed DbCommand (1ms) [Parameters=[], CommandType='Text', CommandTimeout='30']
      CREATE INDEX [IX_RehabPlans_PatientId] ON [RehabPlans] ([PatientId]);
info: Microsoft.EntityFrameworkCore.Database.Command[20101]
      Executed DbCommand (1ms) [Parameters=[], CommandType='Text', CommandTimeout='30']
      CREATE UNIQUE INDEX [IX_Rooms_WardId_RoomNumber] ON [Rooms] ([WardId], [RoomNumber]);
info: Microsoft.EntityFrameworkCore.Database.Command[20101]
      Executed DbCommand (1ms) [Parameters=[], CommandType='Text', CommandTimeout='30']
      CREATE INDEX [IX_SalesInvoiceItems_ItemId] ON [SalesInvoiceItems] ([ItemId]);
info: Microsoft.EntityFrameworkCore.Database.Command[20101]
      Executed DbCommand (1ms) [Parameters=[], CommandType='Text', CommandTimeout='30']
      CREATE INDEX [IX_SalesInvoiceItems_SalesInvoiceId] ON [SalesInvoiceItems] ([SalesInvoiceId]);
info: Microsoft.EntityFrameworkCore.Database.Command[20101]
      Executed DbCommand (0ms) [Parameters=[], CommandType='Text', CommandTimeout='30']
      CREATE INDEX [IX_SalesInvoiceItems_WarehouseId] ON [SalesInvoiceItems] ([WarehouseId]);
info: Microsoft.EntityFrameworkCore.Database.Command[20101]
      Executed DbCommand (0ms) [Parameters=[], CommandType='Text', CommandTimeout='30']
      CREATE INDEX [IX_SalesInvoices_CustomerId] ON [SalesInvoices] ([CustomerId]);
info: Microsoft.EntityFrameworkCore.Database.Command[20101]
      Executed DbCommand (1ms) [Parameters=[], CommandType='Text', CommandTimeout='30']
      CREATE INDEX [IX_ScheduledSurgeries_AnesthetistId] ON [ScheduledSurgeries] ([AnesthetistId]);
info: Microsoft.EntityFrameworkCore.Database.Command[20101]
      Executed DbCommand (0ms) [Parameters=[], CommandType='Text', CommandTimeout='30']
      CREATE INDEX [IX_ScheduledSurgeries_BedAdmissionId] ON [ScheduledSurgeries] ([BedAdmissionId]);
info: Microsoft.EntityFrameworkCore.Database.Command[20101]
      Executed DbCommand (0ms) [Parameters=[], CommandType='Text', CommandTimeout='30']
      CREATE INDEX [IX_ScheduledSurgeries_InvoiceId] ON [ScheduledSurgeries] ([InvoiceId]);
info: Microsoft.EntityFrameworkCore.Database.Command[20101]
      Executed DbCommand (1ms) [Parameters=[], CommandType='Text', CommandTimeout='30']
      CREATE INDEX [IX_ScheduledSurgeries_LeadSurgeonId] ON [ScheduledSurgeries] ([LeadSurgeonId]);
info: Microsoft.EntityFrameworkCore.Database.Command[20101]
      Executed DbCommand (1ms) [Parameters=[], CommandType='Text', CommandTimeout='30']
      CREATE INDEX [IX_ScheduledSurgeries_OperatingTheaterId] ON [ScheduledSurgeries] ([OperatingTheaterId]);
info: Microsoft.EntityFrameworkCore.Database.Command[20101]
      Executed DbCommand (1ms) [Parameters=[], CommandType='Text', CommandTimeout='30']
      CREATE INDEX [IX_ScheduledSurgeries_PatientId] ON [ScheduledSurgeries] ([PatientId]);
info: Microsoft.EntityFrameworkCore.Database.Command[20101]
      Executed DbCommand (1ms) [Parameters=[], CommandType='Text', CommandTimeout='30']
      CREATE INDEX [IX_SterilizedItems_SterilizationBatchId] ON [SterilizedItems] ([SterilizationBatchId]);
info: Microsoft.EntityFrameworkCore.Database.Command[20101]
      Executed DbCommand (0ms) [Parameters=[], CommandType='Text', CommandTimeout='30']
      CREATE INDEX [IX_StockTransactions_ItemBatchId] ON [StockTransactions] ([ItemBatchId]);
info: Microsoft.EntityFrameworkCore.Database.Command[20101]
      Executed DbCommand (1ms) [Parameters=[], CommandType='Text', CommandTimeout='30']
      CREATE INDEX [IX_StockTransactions_ItemId] ON [StockTransactions] ([ItemId]);
info: Microsoft.EntityFrameworkCore.Database.Command[20101]
      Executed DbCommand (1ms) [Parameters=[], CommandType='Text', CommandTimeout='30']
      CREATE INDEX [IX_StockTransactions_WarehouseId] ON [StockTransactions] ([WarehouseId]);
info: Microsoft.EntityFrameworkCore.Database.Command[20101]
      Executed DbCommand (1ms) [Parameters=[], CommandType='Text', CommandTimeout='30']
      CREATE INDEX [IX_SurgeryChecklist_ScheduledSurgeryId] ON [SurgeryChecklist] ([ScheduledSurgeryId]);
info: Microsoft.EntityFrameworkCore.Database.Command[20101]
      Executed DbCommand (1ms) [Parameters=[], CommandType='Text', CommandTimeout='30']
      CREATE INDEX [IX_SurgeryResources_ItemId] ON [SurgeryResources] ([ItemId]);
info: Microsoft.EntityFrameworkCore.Database.Command[20101]
      Executed DbCommand (1ms) [Parameters=[], CommandType='Text', CommandTimeout='30']
      CREATE INDEX [IX_SurgeryResources_ScheduledSurgeryId] ON [SurgeryResources] ([ScheduledSurgeryId]);
info: Microsoft.EntityFrameworkCore.Database.Command[20101]
      Executed DbCommand (2ms) [Parameters=[], CommandType='Text', CommandTimeout='30']
      CREATE UNIQUE INDEX [IX_Users_Email] ON [Users] ([Email]);
info: Microsoft.EntityFrameworkCore.Database.Command[20101]
      Executed DbCommand (2ms) [Parameters=[], CommandType='Text', CommandTimeout='30']
      CREATE INDEX [IX_Users_RoleId] ON [Users] ([RoleId]);
info: Microsoft.EntityFrameworkCore.Database.Command[20101]
      Executed DbCommand (2ms) [Parameters=[], CommandType='Text', CommandTimeout='30']
      CREATE UNIQUE INDEX [IX_Users_Username] ON [Users] ([Username]);
info: Microsoft.EntityFrameworkCore.Database.Command[20101]
      Executed DbCommand (1ms) [Parameters=[], CommandType='Text', CommandTimeout='30']
      CREATE UNIQUE INDEX [IX_Wards_WardCode] ON [Wards] ([WardCode]);
info: Microsoft.EntityFrameworkCore.Database.Command[20101]
      Executed DbCommand (1ms) [Parameters=[], CommandType='Text', CommandTimeout='30']
      CREATE INDEX [IX_WardStockDispensations_ItemId] ON [WardStockDispensations] ([ItemId]);
info: Microsoft.EntityFrameworkCore.Database.Command[20101]
      Executed DbCommand (1ms) [Parameters=[], CommandType='Text', CommandTimeout='30']
      CREATE INDEX [IX_WardStockDispensations_WardId] ON [WardStockDispensations] ([WardId]);
info: Microsoft.EntityFrameworkCore.Database.Command[20101]
      Executed DbCommand (1ms) [Parameters=[], CommandType='Text', CommandTimeout='30']
      CREATE INDEX [IX_WarehouseStocks_ItemId] ON [WarehouseStocks] ([ItemId]);
info: Microsoft.EntityFrameworkCore.Database.Command[20101]
      Executed DbCommand (1ms) [Parameters=[], CommandType='Text', CommandTimeout='30']
      CREATE UNIQUE INDEX [IX_WarehouseStocks_WarehouseId_ItemId] ON [WarehouseStocks] ([WarehouseId], [ItemId]);
info: Microsoft.EntityFrameworkCore.Database.Command[20101]
      Executed DbCommand (1ms) [Parameters=[], CommandType='Text', CommandTimeout='30']
      INSERT INTO [__EFMigrationsHistory] ([MigrationId], [ProductVersion])
      VALUES (N'20260904233545_InitialCreate', N'8.0.0');
info: Bootstrap[0]
      Migrations applied successfully.
info: Bootstrap[0]
      Seeding demo data...
info: Microsoft.EntityFrameworkCore.Database.Command[20101]
      Executed DbCommand (8ms) [Parameters=[], CommandType='Text', CommandTimeout='30']
      SELECT CASE
          WHEN EXISTS (
              SELECT 1
              FROM [Employees] AS [e]
              WHERE [e].[IsDeleted] = CAST(0 AS bit)) THEN CAST(1 AS bit)
          ELSE CAST(0 AS bit)
      END
info: Bootstrap[0]
      Seeding demo data ?
info: Microsoft.EntityFrameworkCore.Database.Command[20101]
      Executed DbCommand (5ms) [Parameters=[], CommandType='Text', CommandTimeout='30']
      SET IDENTITY_INSERT [Employees] ON;
info: Microsoft.EntityFrameworkCore.Database.Command[20101]
      Executed DbCommand (14ms) [Parameters=[@p0='?' (DbType = Int32), @p1='?' (Precision = 18) (Scale = 2) (DbType = Decimal), @p2='?' (Precision = 18) (Scale = 2) (DbType = Decimal), @p3='?' (Size = 4000), @p4='?' (DbType = DateTime2), @p5='?' (Precision = 18) (Scale = 2) (DbType = Decimal), @p6='?' (Size = 4000), @p7='?' (Size = 4000), @p8='?' (Size = 4000), @p9='?' (Size = 4000), @p10='?' (DbType = DateTime2), @p11='?' (DbType = Boolean), @p12='?' (DbType = Boolean), @p13='?' (Size = 4000), @p14='?' (Size = 4000), @p15='?' (Size = 4000), @p16='?' (Size = 4000), @p17='?' (DbType = DateTime2), @p18='?' (DbType = Int32), @p19='?' (Precision = 18) (Scale = 2) (DbType = Decimal), @p20='?' (Precision = 18) (Scale = 2) (DbType = Decimal), @p21='?' (Size = 4000), @p22='?' (DbType = DateTime2), @p23='?' (Precision = 18) (Scale = 2) (DbType = Decimal), @p24='?' (Size = 4000), @p25='?' (Size = 4000), @p26='?' (Size = 4000), @p27='?' (Size = 4000), @p28='?' (DbType = DateTime2), @p29='?' (DbType = Boolean), @p30='?' (DbType = Boolean), @p31='?' (Size = 4000), @p32='?' (Size = 4000), @p33='?' (Size = 4000), @p34='?' (Size = 4000), @p35='?' (DbType = DateTime2), @p36='?' (DbType = Int32), @p37='?' (Precision = 18) (Scale = 2) (DbType = Decimal), @p38='?' (Precision = 18) (Scale = 2) (DbType = Decimal), @p39='?' (Size = 4000), @p40='?' (DbType = DateTime2), @p41='?' (Precision = 18) (Scale = 2) (DbType = Decimal), @p42='?' (Size = 4000), @p43='?' (Size = 4000), @p44='?' (Size = 4000), @p45='?' (Size = 4000), @p46='?' (DbType = DateTime2), @p47='?' (DbType = Boolean), @p48='?' (DbType = Boolean), @p49='?' (Size = 4000), @p50='?' (Size = 4000), @p51='?' (Size = 4000), @p52='?' (Size = 4000), @p53='?' (DbType = DateTime2), @p54='?' (DbType = Int32), @p55='?' (Precision = 18) (Scale = 2) (DbType = Decimal), @p56='?' (Precision = 18) (Scale = 2) (DbType = Decimal), @p57='?' (Size = 4000), @p58='?' (DbType = DateTime2), @p59='?' (Precision = 18) (Scale = 2) (DbType = Decimal), @p60='?' (Size = 4000), @p61='?' (Size = 4000), @p62='?' (Size = 4000), @p63='?' (Size = 4000), @p64='?' (DbType = DateTime2), @p65='?' (DbType = Boolean), @p66='?' (DbType = Boolean), @p67='?' (Size = 4000), @p68='?' (Size = 4000), @p69='?' (Size = 4000), @p70='?' (Size = 4000), @p71='?' (DbType = DateTime2), @p72='?' (DbType = Int32), @p73='?' (Precision = 18) (Scale = 2) (DbType = Decimal), @p74='?' (Precision = 18) (Scale = 2) (DbType = Decimal), @p75='?' (Size = 4000), @p76='?' (DbType = DateTime2), @p77='?' (Precision = 18) (Scale = 2) (DbType = Decimal), @p78='?' (Size = 4000), @p79='?' (Size = 4000), @p80='?' (Size = 4000), @p81='?' (Size = 4000), @p82='?' (DbType = DateTime2), @p83='?' (DbType = Boolean), @p84='?' (DbType = Boolean), @p85='?' (Size = 4000), @p86='?' (Size = 4000), @p87='?' (Size = 4000), @p88='?' (Size = 4000), @p89='?' (DbType = DateTime2), @p90='?' (DbType = Int32), @p91='?' (Precision = 18) (Scale = 2) (DbType = Decimal), @p92='?' (Precision = 18) (Scale = 2) (DbType = Decimal), @p93='?' (Size = 4000), @p94='?' (DbType = DateTime2), @p95='?' (Precision = 18) (Scale = 2) (DbType = Decimal), @p96='?' (Size = 4000), @p97='?' (Size = 4000), @p98='?' (Size = 4000), @p99='?' (Size = 4000), @p100='?' (DbType = DateTime2), @p101='?' (DbType = Boolean), @p102='?' (DbType = Boolean), @p103='?' (Size = 4000), @p104='?' (Size = 4000), @p105='?' (Size = 4000), @p106='?' (Size = 4000), @p107='?' (DbType = DateTime2), @p108='?' (DbType = Int32), @p109='?' (Precision = 18) (Scale = 2) (DbType = Decimal), @p110='?' (Precision = 18) (Scale = 2) (DbType = Decimal), @p111='?' (Size = 4000), @p112='?' (DbType = DateTime2), @p113='?' (Precision = 18) (Scale = 2) (DbType = Decimal), @p114='?' (Size = 4000), @p115='?' (Size = 4000), @p116='?' (Size = 4000), @p117='?' (Size = 4000), @p118='?' (DbType = DateTime2), @p119='?' (DbType = Boolean), @p120='?' (DbType = Boolean), @p121='?' (Size = 4000), @p122='?' (Size = 4000), @p123='?' (Size = 4000), @p124='?' (Size = 4000), @p125='?' (DbType = DateTime2), @p126='?' (DbType = Int32), @p127='?' (Precision = 18) (Scale = 2) (DbType = Decimal), @p128='?' (Precision = 18) (Scale = 2) (DbType = Decimal), @p129='?' (Size = 4000), @p130='?' (DbType = DateTime2), @p131='?' (Precision = 18) (Scale = 2) (DbType = Decimal), @p132='?' (Size = 4000), @p133='?' (Size = 4000), @p134='?' (Size = 4000), @p135='?' (Size = 4000), @p136='?' (DbType = DateTime2), @p137='?' (DbType = Boolean), @p138='?' (DbType = Boolean), @p139='?' (Size = 4000), @p140='?' (Size = 4000), @p141='?' (Size = 4000), @p142='?' (Size = 4000), @p143='?' (DbType = DateTime2), @p144='?' (DbType = Int32), @p145='?' (Precision = 18) (Scale = 2) (DbType = Decimal), @p146='?' (Precision = 18) (Scale = 2) (DbType = Decimal), @p147='?' (Size = 4000), @p148='?' (DbType = DateTime2), @p149='?' (Precision = 18) (Scale = 2) (DbType = Decimal), @p150='?' (Size = 4000), @p151='?' (Size = 4000), @p152='?' (Size = 4000), @p153='?' (Size = 4000), @p154='?' (DbType = DateTime2), @p155='?' (DbType = Boolean), @p156='?' (DbType = Boolean), @p157='?' (Size = 4000), @p158='?' (Size = 4000), @p159='?' (Size = 4000), @p160='?' (Size = 4000), @p161='?' (DbType = DateTime2), @p162='?' (DbType = Int32), @p163='?' (Precision = 18) (Scale = 2) (DbType = Decimal), @p164='?' (Precision = 18) (Scale = 2) (DbType = Decimal), @p165='?' (Size = 4000), @p166='?' (DbType = DateTime2), @p167='?' (Precision = 18) (Scale = 2) (DbType = Decimal), @p168='?' (Size = 4000), @p169='?' (Size = 4000), @p170='?' (Size = 4000), @p171='?' (Size = 4000), @p172='?' (DbType = DateTime2), @p173='?' (DbType = Boolean), @p174='?' (DbType = Boolean), @p175='?' (Size = 4000), @p176='?' (Size = 4000), @p177='?' (Size = 4000), @p178='?' (Size = 4000), @p179='?' (DbType = DateTime2)], CommandType='Text', CommandTimeout='30']
      SET IMPLICIT_TRANSACTIONS OFF;
      SET NOCOUNT ON;
      INSERT INTO [Employees] ([Id], [Allowances], [BasicSalary], [CreatedBy], [CreatedDate], [Deductions], [Department], [Email], [EmployeeCode], [FullName], [HireDate], [IsActive], [IsDeleted], [NationalId], [PhoneNumber], [Position], [UpdatedBy], [UpdatedDate])
      VALUES (@p0, @p1, @p2, @p3, @p4, @p5, @p6, @p7, @p8, @p9, @p10, @p11, @p12, @p13, @p14, @p15, @p16, @p17),
      (@p18, @p19, @p20, @p21, @p22, @p23, @p24, @p25, @p26, @p27, @p28, @p29, @p30, @p31, @p32, @p33, @p34, @p35),
      (@p36, @p37, @p38, @p39, @p40, @p41, @p42, @p43, @p44, @p45, @p46, @p47, @p48, @p49, @p50, @p51, @p52, @p53),
      (@p54, @p55, @p56, @p57, @p58, @p59, @p60, @p61, @p62, @p63, @p64, @p65, @p66, @p67, @p68, @p69, @p70, @p71),
      (@p72, @p73, @p74, @p75, @p76, @p77, @p78, @p79, @p80, @p81, @p82, @p83, @p84, @p85, @p86, @p87, @p88, @p89),
      (@p90, @p91, @p92, @p93, @p94, @p95, @p96, @p97, @p98, @p99, @p100, @p101, @p102, @p103, @p104, @p105, @p106, @p107),
      (@p108, @p109, @p110, @p111, @p112, @p113, @p114, @p115, @p116, @p117, @p118, @p119, @p120, @p121, @p122, @p123, @p124, @p125),
      (@p126, @p127, @p128, @p129, @p130, @p131, @p132, @p133, @p134, @p135, @p136, @p137, @p138, @p139, @p140, @p141, @p142, @p143),
      (@p144, @p145, @p146, @p147, @p148, @p149, @p150, @p151, @p152, @p153, @p154, @p155, @p156, @p157, @p158, @p159, @p160, @p161),
      (@p162, @p163, @p164, @p165, @p166, @p167, @p168, @p169, @p170, @p171, @p172, @p173, @p174, @p175, @p176, @p177, @p178, @p179);
info: Microsoft.EntityFrameworkCore.Database.Command[20101]
      Executed DbCommand (1ms) [Parameters=[], CommandType='Text', CommandTimeout='30']
      SET IDENTITY_INSERT [Employees] OFF;
info: Microsoft.EntityFrameworkCore.Database.Command[20101]
      Executed DbCommand (0ms) [Parameters=[], CommandType='Text', CommandTimeout='30']
      SET IDENTITY_INSERT [Doctors] ON;
info: Microsoft.EntityFrameworkCore.Database.Command[20101]
      Executed DbCommand (6ms) [Parameters=[@p0='?' (DbType = Int32), @p1='?' (Precision = 18) (Scale = 2) (DbType = Decimal), @p2='?' (Size = 4000), @p3='?' (DbType = DateTime2), @p4='?' (Size = 450), @p5='?' (Size = 4000), @p6='?' (DbType = Int32), @p7='?' (Size = 4000), @p8='?' (DbType = Boolean), @p9='?' (DbType = Boolean), @p10='?' (Size = 4000), @p11='?' (Size = 4000), @p12='?' (Size = 4000), @p13='?' (Size = 4000), @p14='?' (Size = 4000), @p15='?' (DbType = DateTime2), @p16='?' (Size = 4000), @p17='?' (Size = 4000), @p18='?' (DbType = Int32), @p19='?' (Precision = 18) (Scale = 2) (DbType = Decimal), @p20='?' (Size = 4000), @p21='?' (DbType = DateTime2), @p22='?' (Size = 450), @p23='?' (Size = 4000), @p24='?' (DbType = Int32), @p25='?' (Size = 4000), @p26='?' (DbType = Boolean), @p27='?' (DbType = Boolean), @p28='?' (Size = 4000), @p29='?' (Size = 4000), @p30='?' (Size = 4000), @p31='?' (Size = 4000), @p32='?' (Size = 4000), @p33='?' (DbType = DateTime2), @p34='?' (Size = 4000), @p35='?' (Size = 4000), @p36='?' (DbType = Int32), @p37='?' (Precision = 18) (Scale = 2) (DbType = Decimal), @p38='?' (Size = 4000), @p39='?' (DbType = DateTime2), @p40='?' (Size = 450), @p41='?' (Size = 4000), @p42='?' (DbType = Int32), @p43='?' (Size = 4000), @p44='?' (DbType = Boolean), @p45='?' (DbType = Boolean), @p46='?' (Size = 4000), @p47='?' (Size = 4000), @p48='?' (Size = 4000), @p49='?' (Size = 4000), @p50='?' (Size = 4000), @p51='?' (DbType = DateTime2), @p52='?' (Size = 4000), @p53='?' (Size = 4000), @p54='?' (DbType = Int32), @p55='?' (Precision = 18) (Scale = 2) (DbType = Decimal), @p56='?' (Size = 4000), @p57='?' (DbType = DateTime2), @p58='?' (Size = 450), @p59='?' (Size = 4000), @p60='?' (DbType = Int32), @p61='?' (Size = 4000), @p62='?' (DbType = Boolean), @p63='?' (DbType = Boolean), @p64='?' (Size = 4000), @p65='?' (Size = 4000), @p66='?' (Size = 4000), @p67='?' (Size = 4000), @p68='?' (Size = 4000), @p69='?' (DbType = DateTime2), @p70='?' (Size = 4000), @p71='?' (Size = 4000), @p72='?' (DbType = Int32), @p73='?' (Precision = 18) (Scale = 2) (DbType = Decimal), @p74='?' (Size = 4000), @p75='?' (DbType = DateTime2), @p76='?' (Size = 450), @p77='?' (Size = 4000), @p78='?' (DbType = Int32), @p79='?' (Size = 4000), @p80='?' (DbType = Boolean), @p81='?' (DbType = Boolean), @p82='?' (Size = 4000), @p83='?' (Size = 4000), @p84='?' (Size = 4000), @p85='?' (Size = 4000), @p86='?' (Size = 4000), @p87='?' (DbType = DateTime2), @p88='?' (Size = 4000), @p89='?' (Size = 4000)], CommandType='Text', CommandTimeout='30']
      SET IMPLICIT_TRANSACTIONS OFF;
      SET NOCOUNT ON;
      INSERT INTO [Doctors] ([Id], [ConsultationFee], [CreatedBy], [CreatedDate], [DoctorCode], [Email], [EmployeeId], [FullName], [IsActive], [IsDeleted], [LicenseNumber], [PhoneNumber], [Specialization], [SubSpecialization], [UpdatedBy], [UpdatedDate], [WorkingDays], [WorkingHours])
      VALUES (@p0, @p1, @p2, @p3, @p4, @p5, @p6, @p7, @p8, @p9, @p10, @p11, @p12, @p13, @p14, @p15, @p16, @p17),
      (@p18, @p19, @p20, @p21, @p22, @p23, @p24, @p25, @p26, @p27, @p28, @p29, @p30, @p31, @p32, @p33, @p34, @p35),
      (@p36, @p37, @p38, @p39, @p40, @p41, @p42, @p43, @p44, @p45, @p46, @p47, @p48, @p49, @p50, @p51, @p52, @p53),
      (@p54, @p55, @p56, @p57, @p58, @p59, @p60, @p61, @p62, @p63, @p64, @p65, @p66, @p67, @p68, @p69, @p70, @p71),
      (@p72, @p73, @p74, @p75, @p76, @p77, @p78, @p79, @p80, @p81, @p82, @p83, @p84, @p85, @p86, @p87, @p88, @p89);
info: Microsoft.EntityFrameworkCore.Database.Command[20101]
      Executed DbCommand (1ms) [Parameters=[], CommandType='Text', CommandTimeout='30']
      SET IDENTITY_INSERT [Doctors] OFF;
info: Microsoft.EntityFrameworkCore.Database.Command[20101]
      Executed DbCommand (1ms) [Parameters=[], CommandType='Text', CommandTimeout='30']
      SET IDENTITY_INSERT [Patients] ON;
info: Microsoft.EntityFrameworkCore.Database.Command[20101]
      Executed DbCommand (9ms) [Parameters=[@p0='?' (DbType = Int32), @p1='?' (Size = 4000), @p2='?' (Size = 4000), @p3='?' (Size = 4000), @p4='?' (Size = 4000), @p5='?' (DbType = DateTime2), @p6='?' (DbType = DateTime2), @p7='?' (Size = 4000), @p8='?' (Size = 4000), @p9='?' (Size = 4000), @p10='?' (Size = 4000), @p11='?' (Size = 4000), @p12='?' (Precision = 18) (Scale = 2) (DbType = Decimal), @p13='?' (Size = 4000), @p14='?' (DbType = Int32), @p15='?' (Size = 4000), @p16='?' (DbType = Int32), @p17='?' (Size = 4000), @p18='?' (DbType = Boolean), @p19='?' (DbType = Boolean), @p20='?' (Size = 4000), @p21='?' (Size = 4000), @p22='?' (Size = 450), @p23='?' (Size = 4000), @p24='?' (Size = 4000), @p25='?' (DbType = DateTime2), @p26='?' (DbType = Int32), @p27='?' (Size = 4000), @p28='?' (Size = 4000), @p29='?' (Size = 4000), @p30='?' (Size = 4000), @p31='?' (DbType = DateTime2), @p32='?' (DbType = DateTime2), @p33='?' (Size = 4000), @p34='?' (Size = 4000), @p35='?' (Size = 4000), @p36='?' (Size = 4000), @p37='?' (Size = 4000), @p38='?' (Precision = 18) (Scale = 2) (DbType = Decimal), @p39='?' (Size = 4000), @p40='?' (DbType = Int32), @p41='?' (Size = 4000), @p42='?' (DbType = Int32), @p43='?' (Size = 4000), @p44='?' (DbType = Boolean), @p45='?' (DbType = Boolean), @p46='?' (Size = 4000), @p47='?' (Size = 4000), @p48='?' (Size = 450), @p49='?' (Size = 4000), @p50='?' (Size = 4000), @p51='?' (DbType = DateTime2), @p52='?' (DbType = Int32), @p53='?' (Size = 4000), @p54='?' (Size = 4000), @p55='?' (Size = 4000), @p56='?' (Size = 4000), @p57='?' (DbType = DateTime2), @p58='?' (DbType = DateTime2), @p59='?' (Size = 4000), @p60='?' (Size = 4000), @p61='?' (Size = 4000), @p62='?' (Size = 4000), @p63='?' (Size = 4000), @p64='?' (Precision = 18) (Scale = 2) (DbType = Decimal), @p65='?' (Size = 4000), @p66='?' (DbType = Int32), @p67='?' (Size = 4000), @p68='?' (DbType = Int32), @p69='?' (Size = 4000), @p70='?' (DbType = Boolean), @p71='?' (DbType = Boolean), @p72='?' (Size = 4000), @p73='?' (Size = 4000), @p74='?' (Size = 450), @p75='?' (Size = 4000), @p76='?' (Size = 4000), @p77='?' (DbType = DateTime2), @p78='?' (DbType = Int32), @p79='?' (Size = 4000), @p80='?' (Size = 4000), @p81='?' (Size = 4000), @p82='?' (Size = 4000), @p83='?' (DbType = DateTime2), @p84='?' (DbType = DateTime2), @p85='?' (Size = 4000), @p86='?' (Size = 4000), @p87='?' (Size = 4000), @p88='?' (Size = 4000), @p89='?' (Size = 4000), @p90='?' (Precision = 18) (Scale = 2) (DbType = Decimal), @p91='?' (Size = 4000), @p92='?' (DbType = Int32), @p93='?' (Size = 4000), @p94='?' (DbType = Int32), @p95='?' (Size = 4000), @p96='?' (DbType = Boolean), @p97='?' (DbType = Boolean), @p98='?' (Size = 4000), @p99='?' (Size = 4000), @p100='?' (Size = 450), @p101='?' (Size = 4000), @p102='?' (Size = 4000), @p103='?' (DbType = DateTime2), @p104='?' (DbType = Int32), @p105='?' (Size = 4000), @p106='?' (Size = 4000), @p107='?' (Size = 4000), @p108='?' (Size = 4000), @p109='?' (DbType = DateTime2), @p110='?' (DbType = DateTime2), @p111='?' (Size = 4000), @p112='?' (Size = 4000), @p113='?' (Size = 4000), @p114='?' (Size = 4000), @p115='?' (Size = 4000), @p116='?' (Precision = 18) (Scale = 2) (DbType = Decimal), @p117='?' (Size = 4000), @p118='?' (DbType = Int32), @p119='?' (Size = 4000), @p120='?' (DbType = Int32), @p121='?' (Size = 4000), @p122='?' (DbType = Boolean), @p123='?' (DbType = Boolean), @p124='?' (Size = 4000), @p125='?' (Size = 4000), @p126='?' (Size = 450), @p127='?' (Size = 4000), @p128='?' (Size = 4000), @p129='?' (DbType = DateTime2), @p130='?' (DbType = Int32), @p131='?' (Size = 4000), @p132='?' (Size = 4000), @p133='?' (Size = 4000), @p134='?' (Size = 4000), @p135='?' (DbType = DateTime2), @p136='?' (DbType = DateTime2), @p137='?' (Size = 4000), @p138='?' (Size = 4000), @p139='?' (Size = 4000), @p140='?' (Size = 4000), @p141='?' (Size = 4000), @p142='?' (Precision = 18) (Scale = 2) (DbType = Decimal), @p143='?' (Size = 4000), @p144='?' (DbType = Int32), @p145='?' (Size = 4000), @p146='?' (DbType = Int32), @p147='?' (Size = 4000), @p148='?' (DbType = Boolean), @p149='?' (DbType = Boolean), @p150='?' (Size = 4000), @p151='?' (Size = 4000), @p152='?' (Size = 450), @p153='?' (Size = 4000), @p154='?' (Size = 4000), @p155='?' (DbType = DateTime2), @p156='?' (DbType = Int32), @p157='?' (Size = 4000), @p158='?' (Size = 4000), @p159='?' (Size = 4000), @p160='?' (Size = 4000), @p161='?' (DbType = DateTime2), @p162='?' (DbType = DateTime2), @p163='?' (Size = 4000), @p164='?' (Size = 4000), @p165='?' (Size = 4000), @p166='?' (Size = 4000), @p167='?' (Size = 4000), @p168='?' (Precision = 18) (Scale = 2) (DbType = Decimal), @p169='?' (Size = 4000), @p170='?' (DbType = Int32), @p171='?' (Size = 4000), @p172='?' (DbType = Int32), @p173='?' (Size = 4000), @p174='?' (DbType = Boolean), @p175='?' (DbType = Boolean), @p176='?' (Size = 4000), @p177='?' (Size = 4000), @p178='?' (Size = 450), @p179='?' (Size = 4000), @p180='?' (Size = 4000), @p181='?' (DbType = DateTime2), @p182='?' (DbType = Int32), @p183='?' (Size = 4000), @p184='?' (Size = 4000), @p185='?' (Size = 4000), @p186='?' (Size = 4000), @p187='?' (DbType = DateTime2), @p188='?' (DbType = DateTime2), @p189='?' (Size = 4000), @p190='?' (Size = 4000), @p191='?' (Size = 4000), @p192='?' (Size = 4000), @p193='?' (Size = 4000), @p194='?' (Precision = 18) (Scale = 2) (DbType = Decimal), @p195='?' (Size = 4000), @p196='?' (DbType = Int32), @p197='?' (Size = 4000), @p198='?' (DbType = Int32), @p199='?' (Size = 4000), @p200='?' (DbType = Boolean), @p201='?' (DbType = Boolean), @p202='?' (Size = 4000), @p203='?' (Size = 4000), @p204='?' (Size = 450), @p205='?' (Size = 4000), @p206='?' (Size = 4000), @p207='?' (DbType = DateTime2), @p208='?' (DbType = Int32), @p209='?' (Size = 4000), @p210='?' (Size = 4000), @p211='?' (Size = 4000), @p212='?' (Size = 4000), @p213='?' (DbType = DateTime2), @p214='?' (DbType = DateTime2), @p215='?' (Size = 4000), @p216='?' (Size = 4000), @p217='?' (Size = 4000), @p218='?' (Size = 4000), @p219='?' (Size = 4000), @p220='?' (Precision = 18) (Scale = 2) (DbType = Decimal), @p221='?' (Size = 4000), @p222='?' (DbType = Int32), @p223='?' (Size = 4000), @p224='?' (DbType = Int32), @p225='?' (Size = 4000), @p226='?' (DbType = Boolean), @p227='?' (DbType = Boolean), @p228='?' (Size = 4000), @p229='?' (Size = 4000), @p230='?' (Size = 450), @p231='?' (Size = 4000), @p232='?' (Size = 4000), @p233='?' (DbType = DateTime2), @p234='?' (DbType = Int32), @p235='?' (Size = 4000), @p236='?' (Size = 4000), @p237='?' (Size = 4000), @p238='?' (Size = 4000), @p239='?' (DbType = DateTime2), @p240='?' (DbType = DateTime2), @p241='?' (Size = 4000), @p242='?' (Size = 4000), @p243='?' (Size = 4000), @p244='?' (Size = 4000), @p245='?' (Size = 4000), @p246='?' (Precision = 18) (Scale = 2) (DbType = Decimal), @p247='?' (Size = 4000), @p248='?' (DbType = Int32), @p249='?' (Size = 4000), @p250='?' (DbType = Int32), @p251='?' (Size = 4000), @p252='?' (DbType = Boolean), @p253='?' (DbType = Boolean), @p254='?' (Size = 4000), @p255='?' (Size = 4000), @p256='?' (Size = 450), @p257='?' (Size = 4000), @p258='?' (Size = 4000), @p259='?' (DbType = DateTime2)], CommandType='Text', CommandTimeout='30']
      SET IMPLICIT_TRANSACTIONS OFF;
      SET NOCOUNT ON;
      INSERT INTO [Patients] ([Id], [Address], [Allergies], [BloodType], [CreatedBy], [CreatedDate], [DateOfBirth], [Email], [EmergencyContact], [EmergencyPhone], [FullName], [Gender], [InsuranceBalance], [InsuranceCoverageType], [InsurancePlanId], [InsurancePolicyNumber], [InsuranceProviderId], [InsuranceProviderNameManual], [IsActive], [IsDeleted], [MedicalHistory], [NationalId], [PatientCode], [PhoneNumber], [UpdatedBy], [UpdatedDate])
      VALUES (@p0, @p1, @p2, @p3, @p4, @p5, @p6, @p7, @p8, @p9, @p10, @p11, @p12, @p13, @p14, @p15, @p16, @p17, @p18, @p19, @p20, @p21, @p22, @p23, @p24, @p25),
      (@p26, @p27, @p28, @p29, @p30, @p31, @p32, @p33, @p34, @p35, @p36, @p37, @p38, @p39, @p40, @p41, @p42, @p43, @p44, @p45, @p46, @p47, @p48, @p49, @p50, @p51),
      (@p52, @p53, @p54, @p55, @p56, @p57, @p58, @p59, @p60, @p61, @p62, @p63, @p64, @p65, @p66, @p67, @p68, @p69, @p70, @p71, @p72, @p73, @p74, @p75, @p76, @p77),
      (@p78, @p79, @p80, @p81, @p82, @p83, @p84, @p85, @p86, @p87, @p88, @p89, @p90, @p91, @p92, @p93, @p94, @p95, @p96, @p97, @p98, @p99, @p100, @p101, @p102, @p103),
      (@p104, @p105, @p106, @p107, @p108, @p109, @p110, @p111, @p112, @p113, @p114, @p115, @p116, @p117, @p118, @p119, @p120, @p121, @p122, @p123, @p124, @p125, @p126, @p127, @p128, @p129),
      (@p130, @p131, @p132, @p133, @p134, @p135, @p136, @p137, @p138, @p139, @p140, @p141, @p142, @p143, @p144, @p145, @p146, @p147, @p148, @p149, @p150, @p151, @p152, @p153, @p154, @p155),
      (@p156, @p157, @p158, @p159, @p160, @p161, @p162, @p163, @p164, @p165, @p166, @p167, @p168, @p169, @p170, @p171, @p172, @p173, @p174, @p175, @p176, @p177, @p178, @p179, @p180, @p181),
      (@p182, @p183, @p184, @p185, @p186, @p187, @p188, @p189, @p190, @p191, @p192, @p193, @p194, @p195, @p196, @p197, @p198, @p199, @p200, @p201, @p202, @p203, @p204, @p205, @p206, @p207),
      (@p208, @p209, @p210, @p211, @p212, @p213, @p214, @p215, @p216, @p217, @p218, @p219, @p220, @p221, @p222, @p223, @p224, @p225, @p226, @p227, @p228, @p229, @p230, @p231, @p232, @p233),
      (@p234, @p235, @p236, @p237, @p238, @p239, @p240, @p241, @p242, @p243, @p244, @p245, @p246, @p247, @p248, @p249, @p250, @p251, @p252, @p253, @p254, @p255, @p256, @p257, @p258, @p259);
info: Microsoft.EntityFrameworkCore.Database.Command[20101]
      Executed DbCommand (1ms) [Parameters=[], CommandType='Text', CommandTimeout='30']
      SET IDENTITY_INSERT [Patients] OFF;
info: Microsoft.EntityFrameworkCore.Database.Command[20101]
      Executed DbCommand (1ms) [Parameters=[], CommandType='Text', CommandTimeout='30']
      SET IDENTITY_INSERT [Accounts] ON;
info: Microsoft.EntityFrameworkCore.Database.Command[20101]
      Executed DbCommand (6ms) [Parameters=[@p0='?' (DbType = Int32), @p1='?' (Size = 450), @p2='?' (Size = 4000), @p3='?' (Size = 4000), @p4='?' (DbType = Int32), @p5='?' (Precision = 18) (Scale = 2) (DbType = Decimal), @p6='?' (Size = 4000), @p7='?' (DbType = DateTime2), @p8='?' (Size = 4000), @p9='?' (DbType = Boolean), @p10='?' (DbType = Boolean), @p11='?' (DbType = Int32), @p12='?' (Size = 4000), @p13='?' (DbType = DateTime2), @p14='?' (DbType = Int32), @p15='?' (Size = 450), @p16='?' (Size = 4000), @p17='?' (Size = 4000), @p18='?' (DbType = Int32), @p19='?' (Precision = 18) (Scale = 2) (DbType = Decimal), @p20='?' (Size = 4000), @p21='?' (DbType = DateTime2), @p22='?' (Size = 4000), @p23='?' (DbType = Boolean), @p24='?' (DbType = Boolean), @p25='?' (DbType = Int32), @p26='?' (Size = 4000), @p27='?' (DbType = DateTime2), @p28='?' (DbType = Int32), @p29='?' (Size = 450), @p30='?' (Size = 4000), @p31='?' (Size = 4000), @p32='?' (DbType = Int32), @p33='?' (Precision = 18) (Scale = 2) (DbType = Decimal), @p34='?' (Size = 4000), @p35='?' (DbType = DateTime2), @p36='?' (Size = 4000), @p37='?' (DbType = Boolean), @p38='?' (DbType = Boolean), @p39='?' (DbType = Int32), @p40='?' (Size = 4000), @p41='?' (DbType = DateTime2), @p42='?' (DbType = Int32), @p43='?' (Size = 450), @p44='?' (Size = 4000), @p45='?' (Size = 4000), @p46='?' (DbType = Int32), @p47='?' (Precision = 18) (Scale = 2) (DbType = Decimal), @p48='?' (Size = 4000), @p49='?' (DbType = DateTime2), @p50='?' (Size = 4000), @p51='?' (DbType = Boolean), @p52='?' (DbType = Boolean), @p53='?' (DbType = Int32), @p54='?' (Size = 4000), @p55='?' (DbType = DateTime2), @p56='?' (DbType = Int32), @p57='?' (Size = 450), @p58='?' (Size = 4000), @p59='?' (Size = 4000), @p60='?' (DbType = Int32), @p61='?' (Precision = 18) (Scale = 2) (DbType = Decimal), @p62='?' (Size = 4000), @p63='?' (DbType = DateTime2), @p64='?' (Size = 4000), @p65='?' (DbType = Boolean), @p66='?' (DbType = Boolean), @p67='?' (DbType = Int32), @p68='?' (Size = 4000), @p69='?' (DbType = DateTime2), @p70='?' (DbType = Int32), @p71='?' (Size = 450), @p72='?' (Size = 4000), @p73='?' (Size = 4000), @p74='?' (DbType = Int32), @p75='?' (Precision = 18) (Scale = 2) (DbType = Decimal), @p76='?' (Size = 4000), @p77='?' (DbType = DateTime2), @p78='?' (Size = 4000), @p79='?' (DbType = Boolean), @p80='?' (DbType = Boolean), @p81='?' (DbType = Int32), @p82='?' (Size = 4000), @p83='?' (DbType = DateTime2), @p84='?' (DbType = Int32), @p85='?' (Size = 450), @p86='?' (Size = 4000), @p87='?' (Size = 4000), @p88='?' (DbType = Int32), @p89='?' (Precision = 18) (Scale = 2) (DbType = Decimal), @p90='?' (Size = 4000), @p91='?' (DbType = DateTime2), @p92='?' (Size = 4000), @p93='?' (DbType = Boolean), @p94='?' (DbType = Boolean), @p95='?' (DbType = Int32), @p96='?' (Size = 4000), @p97='?' (DbType = DateTime2), @p98='?' (DbType = Int32), @p99='?' (Size = 450), @p100='?' (Size = 4000), @p101='?' (Size = 4000), @p102='?' (DbType = Int32), @p103='?' (Precision = 18) (Scale = 2) (DbType = Decimal), @p104='?' (Size = 4000), @p105='?' (DbType = DateTime2), @p106='?' (Size = 4000), @p107='?' (DbType = Boolean), @p108='?' (DbType = Boolean), @p109='?' (DbType = Int32), @p110='?' (Size = 4000), @p111='?' (DbType = DateTime2), @p112='?' (DbType = Int32), @p113='?' (Size = 450), @p114='?' (Size = 4000), @p115='?' (Size = 4000), @p116='?' (DbType = Int32), @p117='?' (Precision = 18) (Scale = 2) (DbType = Decimal), @p118='?' (Size = 4000), @p119='?' (DbType = DateTime2), @p120='?' (Size = 4000), @p121='?' (DbType = Boolean), @p122='?' (DbType = Boolean), @p123='?' (DbType = Int32), @p124='?' (Size = 4000), @p125='?' (DbType = DateTime2), @p126='?' (DbType = Int32), @p127='?' (Size = 450), @p128='?' (Size = 4000), @p129='?' (Size = 4000), @p130='?' (DbType = Int32), @p131='?' (Precision = 18) (Scale = 2) (DbType = Decimal), @p132='?' (Size = 4000), @p133='?' (DbType = DateTime2), @p134='?' (Size = 4000), @p135='?' (DbType = Boolean), @p136='?' (DbType = Boolean), @p137='?' (DbType = Int32), @p138='?' (Size = 4000), @p139='?' (DbType = DateTime2), @p140='?' (DbType = Int32), @p141='?' (Size = 450), @p142='?' (Size = 4000), @p143='?' (Size = 4000), @p144='?' (DbType = Int32), @p145='?' (Precision = 18) (Scale = 2) (DbType = Decimal), @p146='?' (Size = 4000), @p147='?' (DbType = DateTime2), @p148='?' (Size = 4000), @p149='?' (DbType = Boolean), @p150='?' (DbType = Boolean), @p151='?' (DbType = Int32), @p152='?' (Size = 4000), @p153='?' (DbType = DateTime2), @p154='?' (DbType = Int32), @p155='?' (Size = 450), @p156='?' (Size = 4000), @p157='?' (Size = 4000), @p158='?' (DbType = Int32), @p159='?' (Precision = 18) (Scale = 2) (DbType = Decimal), @p160='?' (Size = 4000), @p161='?' (DbType = DateTime2), @p162='?' (Size = 4000), @p163='?' (DbType = Boolean), @p164='?' (DbType = Boolean), @p165='?' (DbType = Int32), @p166='?' (Size = 4000), @p167='?' (DbType = DateTime2), @p168='?' (DbType = Int32), @p169='?' (Size = 450), @p170='?' (Size = 4000), @p171='?' (Size = 4000), @p172='?' (DbType = Int32), @p173='?' (Precision = 18) (Scale = 2) (DbType = Decimal), @p174='?' (Size = 4000), @p175='?' (DbType = DateTime2), @p176='?' (Size = 4000), @p177='?' (DbType = Boolean), @p178='?' (DbType = Boolean), @p179='?' (DbType = Int32), @p180='?' (Size = 4000), @p181='?' (DbType = DateTime2)], CommandType='Text', CommandTimeout='30']
      SET IMPLICIT_TRANSACTIONS OFF;
      SET NOCOUNT ON;
      INSERT INTO [Accounts] ([Id], [AccountCode], [AccountName], [AccountNameAr], [AccountType], [Balance], [CreatedBy], [CreatedDate], [Description], [IsActive], [IsDeleted], [ParentAccountId], [UpdatedBy], [UpdatedDate])
      VALUES (@p0, @p1, @p2, @p3, @p4, @p5, @p6, @p7, @p8, @p9, @p10, @p11, @p12, @p13),
      (@p14, @p15, @p16, @p17, @p18, @p19, @p20, @p21, @p22, @p23, @p24, @p25, @p26, @p27),
      (@p28, @p29, @p30, @p31, @p32, @p33, @p34, @p35, @p36, @p37, @p38, @p39, @p40, @p41),
      (@p42, @p43, @p44, @p45, @p46, @p47, @p48, @p49, @p50, @p51, @p52, @p53, @p54, @p55),
      (@p56, @p57, @p58, @p59, @p60, @p61, @p62, @p63, @p64, @p65, @p66, @p67, @p68, @p69),
      (@p70, @p71, @p72, @p73, @p74, @p75, @p76, @p77, @p78, @p79, @p80, @p81, @p82, @p83),
      (@p84, @p85, @p86, @p87, @p88, @p89, @p90, @p91, @p92, @p93, @p94, @p95, @p96, @p97),
      (@p98, @p99, @p100, @p101, @p102, @p103, @p104, @p105, @p106, @p107, @p108, @p109, @p110, @p111),
      (@p112, @p113, @p114, @p115, @p116, @p117, @p118, @p119, @p120, @p121, @p122, @p123, @p124, @p125),
      (@p126, @p127, @p128, @p129, @p130, @p131, @p132, @p133, @p134, @p135, @p136, @p137, @p138, @p139),
      (@p140, @p141, @p142, @p143, @p144, @p145, @p146, @p147, @p148, @p149, @p150, @p151, @p152, @p153),
      (@p154, @p155, @p156, @p157, @p158, @p159, @p160, @p161, @p162, @p163, @p164, @p165, @p166, @p167),
      (@p168, @p169, @p170, @p171, @p172, @p173, @p174, @p175, @p176, @p177, @p178, @p179, @p180, @p181);
info: Microsoft.EntityFrameworkCore.Database.Command[20101]
      Executed DbCommand (1ms) [Parameters=[], CommandType='Text', CommandTimeout='30']
      SET IDENTITY_INSERT [Accounts] OFF;
info: Microsoft.EntityFrameworkCore.Database.Command[20101]
      Executed DbCommand (0ms) [Parameters=[], CommandType='Text', CommandTimeout='30']
      SET IDENTITY_INSERT [Warehouses] ON;
info: Microsoft.EntityFrameworkCore.Database.Command[20101]
      Executed DbCommand (2ms) [Parameters=[@p0='?' (DbType = Int32), @p1='?' (Size = 4000), @p2='?' (DbType = DateTime2), @p3='?' (DbType = Boolean), @p4='?' (DbType = Boolean), @p5='?' (Size = 4000), @p6='?' (Size = 4000), @p7='?' (DbType = DateTime2), @p8='?' (Size = 4000), @p9='?' (Size = 4000), @p10='?' (DbType = Int32), @p11='?' (Size = 4000), @p12='?' (DbType = DateTime2), @p13='?' (DbType = Boolean), @p14='?' (DbType = Boolean), @p15='?' (Size = 4000), @p16='?' (Size = 4000), @p17='?' (DbType = DateTime2), @p18='?' (Size = 4000), @p19='?' (Size = 4000), @p20='?' (DbType = Int32), @p21='?' (Size = 4000), @p22='?' (DbType = DateTime2), @p23='?' (DbType = Boolean), @p24='?' (DbType = Boolean), @p25='?' (Size = 4000), @p26='?' (Size = 4000), @p27='?' (DbType = DateTime2), @p28='?' (Size = 4000), @p29='?' (Size = 4000)], CommandType='Text', CommandTimeout='30']
      SET IMPLICIT_TRANSACTIONS OFF;
      SET NOCOUNT ON;
      INSERT INTO [Warehouses] ([Id], [CreatedBy], [CreatedDate], [IsActive], [IsDeleted], [Location], [UpdatedBy], [UpdatedDate], [WarehouseCode], [WarehouseName])
      VALUES (@p0, @p1, @p2, @p3, @p4, @p5, @p6, @p7, @p8, @p9),
      (@p10, @p11, @p12, @p13, @p14, @p15, @p16, @p17, @p18, @p19),
      (@p20, @p21, @p22, @p23, @p24, @p25, @p26, @p27, @p28, @p29);
info: Microsoft.EntityFrameworkCore.Database.Command[20101]
      Executed DbCommand (1ms) [Parameters=[], CommandType='Text', CommandTimeout='30']
      SET IDENTITY_INSERT [Warehouses] OFF;
info: Microsoft.EntityFrameworkCore.Database.Command[20101]
      Executed DbCommand (0ms) [Parameters=[], CommandType='Text', CommandTimeout='30']
      SET IDENTITY_INSERT [Items] ON;
info: Microsoft.EntityFrameworkCore.Database.Command[20101]
      Executed DbCommand (6ms) [Parameters=[@p0='?' (DbType = Int32), @p1='?' (Size = 4000), @p2='?' (Size = 4000), @p3='?' (Size = 4000), @p4='?' (DbType = DateTime2), @p5='?' (Size = 4000), @p6='?' (Size = 4000), @p7='?' (Size = 4000), @p8='?' (DbType = Boolean), @p9='?' (DbType = Boolean), @p10='?' (DbType = Boolean), @p11='?' (Size = 4000), @p12='?' (Size = 4000), @p13='?' (Size = 4000), @p14='?' (Precision = 18) (Scale = 2) (DbType = Decimal), @p15='?' (DbType = Boolean), @p16='?' (Precision = 18) (Scale = 2) (DbType = Decimal), @p17='?' (Size = 4000), @p18='?' (Precision = 18) (Scale = 2) (DbType = Decimal), @p19='?' (DbType = Boolean), @p20='?' (Size = 4000), @p21='?' (Size = 4000), @p22='?' (DbType = DateTime2), @p23='?' (DbType = Int32), @p24='?' (Size = 4000), @p25='?' (Size = 4000), @p26='?' (Size = 4000), @p27='?' (DbType = DateTime2), @p28='?' (Size = 4000), @p29='?' (Size = 4000), @p30='?' (Size = 4000), @p31='?' (DbType = Boolean), @p32='?' (DbType = Boolean), @p33='?' (DbType = Boolean), @p34='?' (Size = 4000), @p35='?' (Size = 4000), @p36='?' (Size = 4000), @p37='?' (Precision = 18) (Scale = 2) (DbType = Decimal), @p38='?' (DbType = Boolean), @p39='?' (Precision = 18) (Scale = 2) (DbType = Decimal), @p40='?' (Size = 4000), @p41='?' (Precision = 18) (Scale = 2) (DbType = Decimal), @p42='?' (DbType = Boolean), @p43='?' (Size = 4000), @p44='?' (Size = 4000), @p45='?' (DbType = DateTime2), @p46='?' (DbType = Int32), @p47='?' (Size = 4000), @p48='?' (Size = 4000), @p49='?' (Size = 4000), @p50='?' (DbType = DateTime2), @p51='?' (Size = 4000), @p52='?' (Size = 4000), @p53='?' (Size = 4000), @p54='?' (DbType = Boolean), @p55='?' (DbType = Boolean), @p56='?' (DbType = Boolean), @p57='?' (Size = 4000), @p58='?' (Size = 4000), @p59='?' (Size = 4000), @p60='?' (Precision = 18) (Scale = 2) (DbType = Decimal), @p61='?' (DbType = Boolean), @p62='?' (Precision = 18) (Scale = 2) (DbType = Decimal), @p63='?' (Size = 4000), @p64='?' (Precision = 18) (Scale = 2) (DbType = Decimal), @p65='?' (DbType = Boolean), @p66='?' (Size = 4000), @p67='?' (Size = 4000), @p68='?' (DbType = DateTime2), @p69='?' (DbType = Int32), @p70='?' (Size = 4000), @p71='?' (Size = 4000), @p72='?' (Size = 4000), @p73='?' (DbType = DateTime2), @p74='?' (Size = 4000), @p75='?' (Size = 4000), @p76='?' (Size = 4000), @p77='?' (DbType = Boolean), @p78='?' (DbType = Boolean), @p79='?' (DbType = Boolean), @p80='?' (Size = 4000), @p81='?' (Size = 4000), @p82='?' (Size = 4000), @p83='?' (Precision = 18) (Scale = 2) (DbType = Decimal), @p84='?' (DbType = Boolean), @p85='?' (Precision = 18) (Scale = 2) (DbType = Decimal), @p86='?' (Size = 4000), @p87='?' (Precision = 18) (Scale = 2) (DbType = Decimal), @p88='?' (DbType = Boolean), @p89='?' (Size = 4000), @p90='?' (Size = 4000), @p91='?' (DbType = DateTime2), @p92='?' (DbType = Int32), @p93='?' (Size = 4000), @p94='?' (Size = 4000), @p95='?' (Size = 4000), @p96='?' (DbType = DateTime2), @p97='?' (Size = 4000), @p98='?' (Size = 4000), @p99='?' (Size = 4000), @p100='?' (DbType = Boolean), @p101='?' (DbType = Boolean), @p102='?' (DbType = Boolean), @p103='?' (Size = 4000), @p104='?' (Size = 4000), @p105='?' (Size = 4000), @p106='?' (Precision = 18) (Scale = 2) (DbType = Decimal), @p107='?' (DbType = Boolean), @p108='?' (Precision = 18) (Scale = 2) (DbType = Decimal), @p109='?' (Size = 4000), @p110='?' (Precision = 18) (Scale = 2) (DbType = Decimal), @p111='?' (DbType = Boolean), @p112='?' (Size = 4000), @p113='?' (Size = 4000), @p114='?' (DbType = DateTime2), @p115='?' (DbType = Int32), @p116='?' (Size = 4000), @p117='?' (Size = 4000), @p118='?' (Size = 4000), @p119='?' (DbType = DateTime2), @p120='?' (Size = 4000), @p121='?' (Size = 4000), @p122='?' (Size = 4000), @p123='?' (DbType = Boolean), @p124='?' (DbType = Boolean), @p125='?' (DbType = Boolean), @p126='?' (Size = 4000), @p127='?' (Size = 4000), @p128='?' (Size = 4000), @p129='?' (Precision = 18) (Scale = 2) (DbType = Decimal), @p130='?' (DbType = Boolean), @p131='?' (Precision = 18) (Scale = 2) (DbType = Decimal), @p132='?' (Size = 4000), @p133='?' (Precision = 18) (Scale = 2) (DbType = Decimal), @p134='?' (DbType = Boolean), @p135='?' (Size = 4000), @p136='?' (Size = 4000), @p137='?' (DbType = DateTime2), @p138='?' (DbType = Int32), @p139='?' (Size = 4000), @p140='?' (Size = 4000), @p141='?' (Size = 4000), @p142='?' (DbType = DateTime2), @p143='?' (Size = 4000), @p144='?' (Size = 4000), @p145='?' (Size = 4000), @p146='?' (DbType = Boolean), @p147='?' (DbType = Boolean), @p148='?' (DbType = Boolean), @p149='?' (Size = 4000), @p150='?' (Size = 4000), @p151='?' (Size = 4000), @p152='?' (Precision = 18) (Scale = 2) (DbType = Decimal), @p153='?' (DbType = Boolean), @p154='?' (Precision = 18) (Scale = 2) (DbType = Decimal), @p155='?' (Size = 4000), @p156='?' (Precision = 18) (Scale = 2) (DbType = Decimal), @p157='?' (DbType = Boolean), @p158='?' (Size = 4000), @p159='?' (Size = 4000), @p160='?' (DbType = DateTime2), @p161='?' (DbType = Int32), @p162='?' (Size = 4000), @p163='?' (Size = 4000), @p164='?' (Size = 4000), @p165='?' (DbType = DateTime2), @p166='?' (Size = 4000), @p167='?' (Size = 4000), @p168='?' (Size = 4000), @p169='?' (DbType = Boolean), @p170='?' (DbType = Boolean), @p171='?' (DbType = Boolean), @p172='?' (Size = 4000), @p173='?' (Size = 4000), @p174='?' (Size = 4000), @p175='?' (Precision = 18) (Scale = 2) (DbType = Decimal), @p176='?' (DbType = Boolean), @p177='?' (Precision = 18) (Scale = 2) (DbType = Decimal), @p178='?' (Size = 4000), @p179='?' (Precision = 18) (Scale = 2) (DbType = Decimal), @p180='?' (DbType = Boolean), @p181='?' (Size = 4000), @p182='?' (Size = 4000), @p183='?' (DbType = DateTime2)], CommandType='Text', CommandTimeout='30']
      SET IMPLICIT_TRANSACTIONS OFF;
      SET NOCOUNT ON;
      INSERT INTO [Items] ([Id], [Barcode], [Category], [CreatedBy], [CreatedDate], [Description], [DosageForm], [GenericName], [IsActive], [IsDeleted], [IsNarcotic], [ItemCode], [ItemName], [ItemNameAr], [PurchasePrice], [RequiresRefrigeration], [SalePrice], [Strength], [TaxRate], [TrackBatches], [Unit], [UpdatedBy], [UpdatedDate])
      VALUES (@p0, @p1, @p2, @p3, @p4, @p5, @p6, @p7, @p8, @p9, @p10, @p11, @p12, @p13, @p14, @p15, @p16, @p17, @p18, @p19, @p20, @p21, @p22),
      (@p23, @p24, @p25, @p26, @p27, @p28, @p29, @p30, @p31, @p32, @p33, @p34, @p35, @p36, @p37, @p38, @p39, @p40, @p41, @p42, @p43, @p44, @p45),
      (@p46, @p47, @p48, @p49, @p50, @p51, @p52, @p53, @p54, @p55, @p56, @p57, @p58, @p59, @p60, @p61, @p62, @p63, @p64, @p65, @p66, @p67, @p68),
      (@p69, @p70, @p71, @p72, @p73, @p74, @p75, @p76, @p77, @p78, @p79, @p80, @p81, @p82, @p83, @p84, @p85, @p86, @p87, @p88, @p89, @p90, @p91),
      (@p92, @p93, @p94, @p95, @p96, @p97, @p98, @p99, @p100, @p101, @p102, @p103, @p104, @p105, @p106, @p107, @p108, @p109, @p110, @p111, @p112, @p113, @p114),
      (@p115, @p116, @p117, @p118, @p119, @p120, @p121, @p122, @p123, @p124, @p125, @p126, @p127, @p128, @p129, @p130, @p131, @p132, @p133, @p134, @p135, @p136, @p137),
      (@p138, @p139, @p140, @p141, @p142, @p143, @p144, @p145, @p146, @p147, @p148, @p149, @p150, @p151, @p152, @p153, @p154, @p155, @p156, @p157, @p158, @p159, @p160),
      (@p161, @p162, @p163, @p164, @p165, @p166, @p167, @p168, @p169, @p170, @p171, @p172, @p173, @p174, @p175, @p176, @p177, @p178, @p179, @p180, @p181, @p182, @p183);
info: Microsoft.EntityFrameworkCore.Database.Command[20101]
      Executed DbCommand (0ms) [Parameters=[], CommandType='Text', CommandTimeout='30']
      SET IDENTITY_INSERT [Items] OFF;
info: Microsoft.EntityFrameworkCore.Database.Command[20101]
      Executed DbCommand (0ms) [Parameters=[], CommandType='Text', CommandTimeout='30']
      SET IDENTITY_INSERT [WarehouseStocks] ON;
info: Microsoft.EntityFrameworkCore.Database.Command[20101]
      Executed DbCommand (6ms) [Parameters=[@p0='?' (DbType = Int32), @p1='?' (Size = 4000), @p2='?' (DbType = DateTime2), @p3='?' (DbType = Boolean), @p4='?' (DbType = Int32), @p5='?' (Precision = 18) (Scale = 2) (DbType = Decimal), @p6='?' (Precision = 18) (Scale = 2) (DbType = Decimal), @p7='?' (Precision = 18) (Scale = 2) (DbType = Decimal), @p8='?' (Size = 4000), @p9='?' (DbType = DateTime2), @p10='?' (DbType = Int32), @p11='?' (DbType = Int32), @p12='?' (Size = 4000), @p13='?' (DbType = DateTime2), @p14='?' (DbType = Boolean), @p15='?' (DbType = Int32), @p16='?' (Precision = 18) (Scale = 2) (DbType = Decimal), @p17='?' (Precision = 18) (Scale = 2) (DbType = Decimal), @p18='?' (Precision = 18) (Scale = 2) (DbType = Decimal), @p19='?' (Size = 4000), @p20='?' (DbType = DateTime2), @p21='?' (DbType = Int32), @p22='?' (DbType = Int32), @p23='?' (Size = 4000), @p24='?' (DbType = DateTime2), @p25='?' (DbType = Boolean), @p26='?' (DbType = Int32), @p27='?' (Precision = 18) (Scale = 2) (DbType = Decimal), @p28='?' (Precision = 18) (Scale = 2) (DbType = Decimal), @p29='?' (Precision = 18) (Scale = 2) (DbType = Decimal), @p30='?' (Size = 4000), @p31='?' (DbType = DateTime2), @p32='?' (DbType = Int32), @p33='?' (DbType = Int32), @p34='?' (Size = 4000), @p35='?' (DbType = DateTime2), @p36='?' (DbType = Boolean), @p37='?' (DbType = Int32), @p38='?' (Precision = 18) (Scale = 2) (DbType = Decimal), @p39='?' (Precision = 18) (Scale = 2) (DbType = Decimal), @p40='?' (Precision = 18) (Scale = 2) (DbType = Decimal), @p41='?' (Size = 4000), @p42='?' (DbType = DateTime2), @p43='?' (DbType = Int32), @p44='?' (DbType = Int32), @p45='?' (Size = 4000), @p46='?' (DbType = DateTime2), @p47='?' (DbType = Boolean), @p48='?' (DbType = Int32), @p49='?' (Precision = 18) (Scale = 2) (DbType = Decimal), @p50='?' (Precision = 18) (Scale = 2) (DbType = Decimal), @p51='?' (Precision = 18) (Scale = 2) (DbType = Decimal), @p52='?' (Size = 4000), @p53='?' (DbType = DateTime2), @p54='?' (DbType = Int32), @p55='?' (DbType = Int32), @p56='?' (Size = 4000), @p57='?' (DbType = DateTime2), @p58='?' (DbType = Boolean), @p59='?' (DbType = Int32), @p60='?' (Precision = 18) (Scale = 2) (DbType = Decimal), @p61='?' (Precision = 18) (Scale = 2) (DbType = Decimal), @p62='?' (Precision = 18) (Scale = 2) (DbType = Decimal), @p63='?' (Size = 4000), @p64='?' (DbType = DateTime2), @p65='?' (DbType = Int32), @p66='?' (DbType = Int32), @p67='?' (Size = 4000), @p68='?' (DbType = DateTime2), @p69='?' (DbType = Boolean), @p70='?' (DbType = Int32), @p71='?' (Precision = 18) (Scale = 2) (DbType = Decimal), @p72='?' (Precision = 18) (Scale = 2) (DbType = Decimal), @p73='?' (Precision = 18) (Scale = 2) (DbType = Decimal), @p74='?' (Size = 4000), @p75='?' (DbType = DateTime2), @p76='?' (DbType = Int32), @p77='?' (DbType = Int32), @p78='?' (Size = 4000), @p79='?' (DbType = DateTime2), @p80='?' (DbType = Boolean), @p81='?' (DbType = Int32), @p82='?' (Precision = 18) (Scale = 2) (DbType = Decimal), @p83='?' (Precision = 18) (Scale = 2) (DbType = Decimal), @p84='?' (Precision = 18) (Scale = 2) (DbType = Decimal), @p85='?' (Size = 4000), @p86='?' (DbType = DateTime2), @p87='?' (DbType = Int32)], CommandType='Text', CommandTimeout='30']
      SET IMPLICIT_TRANSACTIONS OFF;
      SET NOCOUNT ON;
      INSERT INTO [WarehouseStocks] ([Id], [CreatedBy], [CreatedDate], [IsDeleted], [ItemId], [MaxLevel], [Quantity], [ReorderLevel], [UpdatedBy], [UpdatedDate], [WarehouseId])
      VALUES (@p0, @p1, @p2, @p3, @p4, @p5, @p6, @p7, @p8, @p9, @p10),
      (@p11, @p12, @p13, @p14, @p15, @p16, @p17, @p18, @p19, @p20, @p21),
      (@p22, @p23, @p24, @p25, @p26, @p27, @p28, @p29, @p30, @p31, @p32),
      (@p33, @p34, @p35, @p36, @p37, @p38, @p39, @p40, @p41, @p42, @p43),
      (@p44, @p45, @p46, @p47, @p48, @p49, @p50, @p51, @p52, @p53, @p54),
      (@p55, @p56, @p57, @p58, @p59, @p60, @p61, @p62, @p63, @p64, @p65),
      (@p66, @p67, @p68, @p69, @p70, @p71, @p72, @p73, @p74, @p75, @p76),
      (@p77, @p78, @p79, @p80, @p81, @p82, @p83, @p84, @p85, @p86, @p87);
info: Microsoft.EntityFrameworkCore.Database.Command[20101]
      Executed DbCommand (1ms) [Parameters=[], CommandType='Text', CommandTimeout='30']
      SET IDENTITY_INSERT [WarehouseStocks] OFF;
info: Microsoft.EntityFrameworkCore.Database.Command[20101]
      Executed DbCommand (1ms) [Parameters=[], CommandType='Text', CommandTimeout='30']
      SET IDENTITY_INSERT [Suppliers] ON;
info: Microsoft.EntityFrameworkCore.Database.Command[20101]
      Executed DbCommand (2ms) [Parameters=[@p0='?' (DbType = Int32), @p1='?' (Size = 4000), @p2='?' (Precision = 18) (Scale = 2) (DbType = Decimal), @p3='?' (Size = 4000), @p4='?' (Size = 4000), @p5='?' (DbType = DateTime2), @p6='?' (Size = 4000), @p7='?' (DbType = Boolean), @p8='?' (DbType = Boolean), @p9='?' (Size = 4000), @p10='?' (Size = 4000), @p11='?' (Size = 4000), @p12='?' (Size = 4000), @p13='?' (Size = 4000), @p14='?' (DbType = DateTime2), @p15='?' (DbType = Int32), @p16='?' (Size = 4000), @p17='?' (Precision = 18) (Scale = 2) (DbType = Decimal), @p18='?' (Size = 4000), @p19='?' (Size = 4000), @p20='?' (DbType = DateTime2), @p21='?' (Size = 4000), @p22='?' (DbType = Boolean), @p23='?' (DbType = Boolean), @p24='?' (Size = 4000), @p25='?' (Size = 4000), @p26='?' (Size = 4000), @p27='?' (Size = 4000), @p28='?' (Size = 4000), @p29='?' (DbType = DateTime2)], CommandType='Text', CommandTimeout='30']
      SET IMPLICIT_TRANSACTIONS OFF;
      SET NOCOUNT ON;
      INSERT INTO [Suppliers] ([Id], [Address], [Balance], [ContactPerson], [CreatedBy], [CreatedDate], [Email], [IsActive], [IsDeleted], [PhoneNumber], [SupplierCode], [SupplierName], [TaxNumber], [UpdatedBy], [UpdatedDate])
      VALUES (@p0, @p1, @p2, @p3, @p4, @p5, @p6, @p7, @p8, @p9, @p10, @p11, @p12, @p13, @p14),
      (@p15, @p16, @p17, @p18, @p19, @p20, @p21, @p22, @p23, @p24, @p25, @p26, @p27, @p28, @p29);
info: Microsoft.EntityFrameworkCore.Database.Command[20101]
      Executed DbCommand (0ms) [Parameters=[], CommandType='Text', CommandTimeout='30']
      SET IDENTITY_INSERT [Suppliers] OFF;
info: Microsoft.EntityFrameworkCore.Database.Command[20101]
      Executed DbCommand (0ms) [Parameters=[], CommandType='Text', CommandTimeout='30']
      SET IDENTITY_INSERT [Customers] ON;
info: Microsoft.EntityFrameworkCore.Database.Command[20101]
      Executed DbCommand (3ms) [Parameters=[@p0='?' (DbType = Int32), @p1='?' (Size = 4000), @p2='?' (Precision = 18) (Scale = 2) (DbType = Decimal), @p3='?' (Size = 4000), @p4='?' (Size = 4000), @p5='?' (DbType = DateTime2), @p6='?' (Size = 4000), @p7='?' (Size = 4000), @p8='?' (Size = 4000), @p9='?' (DbType = Boolean), @p10='?' (DbType = Boolean), @p11='?' (Size = 4000), @p12='?' (Size = 4000), @p13='?' (Size = 4000), @p14='?' (DbType = DateTime2), @p15='?' (DbType = Int32), @p16='?' (Size = 4000), @p17='?' (Precision = 18) (Scale = 2) (DbType = Decimal), @p18='?' (Size = 4000), @p19='?' (Size = 4000), @p20='?' (DbType = DateTime2), @p21='?' (Size = 4000), @p22='?' (Size = 4000), @p23='?' (Size = 4000), @p24='?' (DbType = Boolean), @p25='?' (DbType = Boolean), @p26='?' (Size = 4000), @p27='?' (Size = 4000), @p28='?' (Size = 4000), @p29='?' (DbType = DateTime2)], CommandType='Text', CommandTimeout='30']
      SET IMPLICIT_TRANSACTIONS OFF;
      SET NOCOUNT ON;
      INSERT INTO [Customers] ([Id], [Address], [Balance], [ContactPerson], [CreatedBy], [CreatedDate], [CustomerCode], [CustomerName], [Email], [IsActive], [IsDeleted], [PhoneNumber], [TaxNumber], [UpdatedBy], [UpdatedDate])
      VALUES (@p0, @p1, @p2, @p3, @p4, @p5, @p6, @p7, @p8, @p9, @p10, @p11, @p12, @p13, @p14),
      (@p15, @p16, @p17, @p18, @p19, @p20, @p21, @p22, @p23, @p24, @p25, @p26, @p27, @p28, @p29);
info: Microsoft.EntityFrameworkCore.Database.Command[20101]
      Executed DbCommand (1ms) [Parameters=[], CommandType='Text', CommandTimeout='30']
      SET IDENTITY_INSERT [Customers] OFF;
info: Microsoft.EntityFrameworkCore.Database.Command[20101]
      Executed DbCommand (0ms) [Parameters=[], CommandType='Text', CommandTimeout='30']
      SET IDENTITY_INSERT [InsuranceProviders] ON;
info: Microsoft.EntityFrameworkCore.Database.Command[20101]
      Executed DbCommand (2ms) [Parameters=[@p0='?' (DbType = Int32), @p1='?' (Size = 4000), @p2='?' (Size = 4000), @p3='?' (Size = 4000), @p4='?' (DbType = DateTime2), @p5='?' (Size = 4000), @p6='?' (DbType = Boolean), @p7='?' (DbType = Boolean), @p8='?' (Size = 4000), @p9='?' (Size = 4000), @p10='?' (Size = 4000), @p11='?' (Size = 4000), @p12='?' (DbType = DateTime2), @p13='?' (DbType = Int32), @p14='?' (Size = 4000), @p15='?' (Size = 4000), @p16='?' (Size = 4000), @p17='?' (DbType = DateTime2), @p18='?' (Size = 4000), @p19='?' (DbType = Boolean), @p20='?' (DbType = Boolean), @p21='?' (Size = 4000), @p22='?' (Size = 4000), @p23='?' (Size = 4000), @p24='?' (Size = 4000), @p25='?' (DbType = DateTime2)], CommandType='Text', CommandTimeout='30']
      SET IMPLICIT_TRANSACTIONS OFF;
      SET NOCOUNT ON;
      INSERT INTO [InsuranceProviders] ([Id], [Address], [ContactPerson], [CreatedBy], [CreatedDate], [Email], [IsActive], [IsDeleted], [Name], [PhoneNumber], [TPA], [UpdatedBy], [UpdatedDate])
      VALUES (@p0, @p1, @p2, @p3, @p4, @p5, @p6, @p7, @p8, @p9, @p10, @p11, @p12),
      (@p13, @p14, @p15, @p16, @p17, @p18, @p19, @p20, @p21, @p22, @p23, @p24, @p25);
info: Microsoft.EntityFrameworkCore.Database.Command[20101]
      Executed DbCommand (1ms) [Parameters=[], CommandType='Text', CommandTimeout='30']
      SET IDENTITY_INSERT [InsuranceProviders] OFF;
info: Microsoft.EntityFrameworkCore.Database.Command[20101]
      Executed DbCommand (7ms) [Parameters=[@p0='?' (Precision = 18) (Scale = 2) (DbType = Decimal), @p1='?' (Precision = 18) (Scale = 2) (DbType = Decimal), @p2='?' (Size = 4000), @p3='?' (DbType = DateTime2), @p4='?' (Size = 4000), @p5='?' (DbType = Int32), @p6='?' (DbType = Boolean), @p7='?' (DbType = Boolean), @p8='?' (Precision = 18) (Scale = 2) (DbType = Decimal), @p9='?' (Size = 4000), @p10='?' (Size = 4000), @p11='?' (DbType = Boolean), @p12='?' (Size = 4000), @p13='?' (DbType = DateTime2), @p14='?' (Precision = 18) (Scale = 2) (DbType = Decimal), @p15='?' (Precision = 18) (Scale = 2) (DbType = Decimal), @p16='?' (Size = 4000), @p17='?' (DbType = DateTime2), @p18='?' (Size = 4000), @p19='?' (DbType = Int32), @p20='?' (DbType = Boolean), @p21='?' (DbType = Boolean), @p22='?' (Precision = 18) (Scale = 2) (DbType = Decimal), @p23='?' (Size = 4000), @p24='?' (Size = 4000), @p25='?' (DbType = Boolean), @p26='?' (Size = 4000), @p27='?' (DbType = DateTime2), @p28='?' (Precision = 18) (Scale = 2) (DbType = Decimal), @p29='?' (Precision = 18) (Scale = 2) (DbType = Decimal), @p30='?' (Size = 4000), @p31='?' (DbType = DateTime2), @p32='?' (Size = 4000), @p33='?' (DbType = Int32), @p34='?' (DbType = Boolean), @p35='?' (DbType = Boolean), @p36='?' (Precision = 18) (Scale = 2) (DbType = Decimal), @p37='?' (Size = 4000), @p38='?' (Size = 4000), @p39='?' (DbType = Boolean), @p40='?' (Size = 4000), @p41='?' (DbType = DateTime2)], CommandType='Text', CommandTimeout='30']
      SET IMPLICIT_TRANSACTIONS OFF;
      SET NOCOUNT ON;
      MERGE [InsurancePlans] USING (
      VALUES (@p0, @p1, @p2, @p3, @p4, @p5, @p6, @p7, @p8, @p9, @p10, @p11, @p12, @p13, 0),
      (@p14, @p15, @p16, @p17, @p18, @p19, @p20, @p21, @p22, @p23, @p24, @p25, @p26, @p27, 1),
      (@p28, @p29, @p30, @p31, @p32, @p33, @p34, @p35, @p36, @p37, @p38, @p39, @p40, @p41, 2)) AS i ([CoPayAmount], [CoveragePercentage], [CreatedBy], [CreatedDate], [Exclusions], [InsuranceProviderId], [IsActive], [IsDeleted], [MaxLimit], [PlanCode], [PlanName], [RequiresPreAuth], [UpdatedBy], [UpdatedDate], _Position) ON 1=0
      WHEN NOT MATCHED THEN
      INSERT ([CoPayAmount], [CoveragePercentage], [CreatedBy], [CreatedDate], [Exclusions], [InsuranceProviderId], [IsActive], [IsDeleted], [MaxLimit], [PlanCode], [PlanName], [RequiresPreAuth], [UpdatedBy], [UpdatedDate])
      VALUES (i.[CoPayAmount], i.[CoveragePercentage], i.[CreatedBy], i.[CreatedDate], i.[Exclusions], i.[InsuranceProviderId], i.[IsActive], i.[IsDeleted], i.[MaxLimit], i.[PlanCode], i.[PlanName], i.[RequiresPreAuth], i.[UpdatedBy], i.[UpdatedDate])
      OUTPUT INSERTED.[Id], i._Position;
info: Microsoft.EntityFrameworkCore.Database.Command[20101]
      Executed DbCommand (5ms) [Parameters=[], CommandType='Text', CommandTimeout='30']
      SELECT TOP(1) [i].[Id], [i].[CoPayAmount], [i].[CoveragePercentage], [i].[CreatedBy], [i].[CreatedDate], [i].[Exclusions], [i].[InsuranceProviderId], [i].[IsActive], [i].[IsDeleted], [i].[MaxLimit], [i].[PlanCode], [i].[PlanName], [i].[RequiresPreAuth], [i].[UpdatedBy], [i].[UpdatedDate]
      FROM [InsurancePlans] AS [i]
      WHERE [i].[IsDeleted] = CAST(0 AS bit) AND [i].[PlanCode] = N'AXA-G+'
info: Microsoft.EntityFrameworkCore.Database.Command[20101]
      Executed DbCommand (1ms) [Parameters=[], CommandType='Text', CommandTimeout='30']
      SELECT TOP(1) [i].[Id], [i].[CoPayAmount], [i].[CoveragePercentage], [i].[CreatedBy], [i].[CreatedDate], [i].[Exclusions], [i].[InsuranceProviderId], [i].[IsActive], [i].[IsDeleted], [i].[MaxLimit], [i].[PlanCode], [i].[PlanName], [i].[RequiresPreAuth], [i].[UpdatedBy], [i].[UpdatedDate]
      FROM [InsurancePlans] AS [i]
      WHERE [i].[IsDeleted] = CAST(0 AS bit) AND [i].[PlanCode] = N'BUPA-EL'
info: Microsoft.EntityFrameworkCore.Database.Command[20101]
      Executed DbCommand (4ms) [Parameters=[@p3='?' (DbType = Int32), @p0='?' (DbType = Int32), @p1='?' (Size = 4000), @p2='?' (DbType = Int32), @p7='?' (DbType = Int32), @p4='?' (DbType = Int32), @p5='?' (Size = 4000), @p6='?' (DbType = Int32)], CommandType='Text', CommandTimeout='30']
      SET NOCOUNT ON;
      UPDATE [Patients] SET [InsurancePlanId] = @p0, [InsurancePolicyNumber] = @p1, [InsuranceProviderId] = @p2
      OUTPUT 1
      WHERE [Id] = @p3;
      UPDATE [Patients] SET [InsurancePlanId] = @p4, [InsurancePolicyNumber] = @p5, [InsuranceProviderId] = @p6
      OUTPUT 1
      WHERE [Id] = @p7;
info: Microsoft.EntityFrameworkCore.Database.Command[20101]
      Executed DbCommand (1ms) [Parameters=[], CommandType='Text', CommandTimeout='30']
      SET IDENTITY_INSERT [Appointments] ON;
info: Microsoft.EntityFrameworkCore.Database.Command[20101]
      Executed DbCommand (14ms) [Parameters=[@p0='?' (DbType = Int32), @p1='?' (Size = 4000), @p2='?' (DbType = DateTime2), @p3='?' (DbType = Time), @p4='?' (Size = 4000), @p5='?' (DbType = DateTime2), @p6='?' (Size = 4000), @p7='?' (DbType = Int32), @p8='?' (DbType = Int32), @p9='?' (Precision = 18) (Scale = 2) (DbType = Decimal), @p10='?' (DbType = Boolean), @p11='?' (DbType = Boolean), @p12='?' (DbType = Boolean), @p13='?' (Size = 4000), @p14='?' (Size = 4000), @p15='?' (DbType = Int32), @p16='?' (Size = 4000), @p17='?' (DbType = Int32), @p18='?' (Size = 4000), @p19='?' (DbType = DateTime2), @p20='?' (Size = 4000), @p21='?' (DbType = Int32), @p22='?' (Size = 4000), @p23='?' (DbType = DateTime2), @p24='?' (DbType = Time), @p25='?' (Size = 4000), @p26='?' (DbType = DateTime2), @p27='?' (Size = 4000), @p28='?' (DbType = Int32), @p29='?' (DbType = Int32), @p30='?' (Precision = 18) (Scale = 2) (DbType = Decimal), @p31='?' (DbType = Boolean), @p32='?' (DbType = Boolean), @p33='?' (DbType = Boolean), @p34='?' (Size = 4000), @p35='?' (Size = 4000), @p36='?' (DbType = Int32), @p37='?' (Size = 4000), @p38='?' (DbType = Int32), @p39='?' (Size = 4000), @p40='?' (DbType = DateTime2), @p41='?' (Size = 4000), @p42='?' (DbType = Int32), @p43='?' (Size = 4000), @p44='?' (DbType = DateTime2), @p45='?' (DbType = Time), @p46='?' (Size = 4000), @p47='?' (DbType = DateTime2), @p48='?' (Size = 4000), @p49='?' (DbType = Int32), @p50='?' (DbType = Int32), @p51='?' (Precision = 18) (Scale = 2) (DbType = Decimal), @p52='?' (DbType = Boolean), @p53='?' (DbType = Boolean), @p54='?' (DbType = Boolean), @p55='?' (Size = 4000), @p56='?' (Size = 4000), @p57='?' (DbType = Int32), @p58='?' (Size = 4000), @p59='?' (DbType = Int32), @p60='?' (Size = 4000), @p61='?' (DbType = DateTime2), @p62='?' (Size = 4000), @p63='?' (DbType = Int32), @p64='?' (Size = 4000), @p65='?' (DbType = DateTime2), @p66='?' (DbType = Time), @p67='?' (Size = 4000), @p68='?' (DbType = DateTime2), @p69='?' (Size = 4000), @p70='?' (DbType = Int32), @p71='?' (DbType = Int32), @p72='?' (Precision = 18) (Scale = 2) (DbType = Decimal), @p73='?' (DbType = Boolean), @p74='?' (DbType = Boolean), @p75='?' (DbType = Boolean), @p76='?' (Size = 4000), @p77='?' (Size = 4000), @p78='?' (DbType = Int32), @p79='?' (Size = 4000), @p80='?' (DbType = Int32), @p81='?' (Size = 4000), @p82='?' (DbType = DateTime2), @p83='?' (Size = 4000), @p84='?' (DbType = Int32), @p85='?' (Size = 4000), @p86='?' (DbType = DateTime2), @p87='?' (DbType = Time), @p88='?' (Size = 4000), @p89='?' (DbType = DateTime2), @p90='?' (Size = 4000), @p91='?' (DbType = Int32), @p92='?' (DbType = Int32), @p93='?' (Precision = 18) (Scale = 2) (DbType = Decimal), @p94='?' (DbType = Boolean), @p95='?' (DbType = Boolean), @p96='?' (DbType = Boolean), @p97='?' (Size = 4000), @p98='?' (Size = 4000), @p99='?' (DbType = Int32), @p100='?' (Size = 4000), @p101='?' (DbType = Int32), @p102='?' (Size = 4000), @p103='?' (DbType = DateTime2), @p104='?' (Size = 4000), @p105='?' (DbType = Int32), @p106='?' (Size = 4000), @p107='?' (DbType = DateTime2), @p108='?' (DbType = Time), @p109='?' (Size = 4000), @p110='?' (DbType = DateTime2), @p111='?' (Size = 4000), @p112='?' (DbType = Int32), @p113='?' (DbType = Int32), @p114='?' (Precision = 18) (Scale = 2) (DbType = Decimal), @p115='?' (DbType = Boolean), @p116='?' (DbType = Boolean), @p117='?' (DbType = Boolean), @p118='?' (Size = 4000), @p119='?' (Size = 4000), @p120='?' (DbType = Int32), @p121='?' (Size = 4000), @p122='?' (DbType = Int32), @p123='?' (Size = 4000), @p124='?' (DbType = DateTime2), @p125='?' (Size = 4000), @p126='?' (DbType = Int32), @p127='?' (Size = 4000), @p128='?' (DbType = DateTime2), @p129='?' (DbType = Time), @p130='?' (Size = 4000), @p131='?' (DbType = DateTime2), @p132='?' (Size = 4000), @p133='?' (DbType = Int32), @p134='?' (DbType = Int32), @p135='?' (Precision = 18) (Scale = 2) (DbType = Decimal), @p136='?' (DbType = Boolean), @p137='?' (DbType = Boolean), @p138='?' (DbType = Boolean), @p139='?' (Size = 4000), @p140='?' (Size = 4000), @p141='?' (DbType = Int32), @p142='?' (Size = 4000), @p143='?' (DbType = Int32), @p144='?' (Size = 4000), @p145='?' (DbType = DateTime2), @p146='?' (Size = 4000), @p147='?' (DbType = Int32), @p148='?' (Size = 4000), @p149='?' (DbType = DateTime2), @p150='?' (DbType = Time), @p151='?' (Size = 4000), @p152='?' (DbType = DateTime2), @p153='?' (Size = 4000), @p154='?' (DbType = Int32), @p155='?' (DbType = Int32), @p156='?' (Precision = 18) (Scale = 2) (DbType = Decimal), @p157='?' (DbType = Boolean), @p158='?' (DbType = Boolean), @p159='?' (DbType = Boolean), @p160='?' (Size = 4000), @p161='?' (Size = 4000), @p162='?' (DbType = Int32), @p163='?' (Size = 4000), @p164='?' (DbType = Int32), @p165='?' (Size = 4000), @p166='?' (DbType = DateTime2), @p167='?' (Size = 4000), @p168='?' (DbType = Int32), @p169='?' (Size = 4000), @p170='?' (DbType = DateTime2), @p171='?' (DbType = Time), @p172='?' (Size = 4000), @p173='?' (DbType = DateTime2), @p174='?' (Size = 4000), @p175='?' (DbType = Int32), @p176='?' (DbType = Int32), @p177='?' (Precision = 18) (Scale = 2) (DbType = Decimal), @p178='?' (DbType = Boolean), @p179='?' (DbType = Boolean), @p180='?' (DbType = Boolean), @p181='?' (Size = 4000), @p182='?' (Size = 4000), @p183='?' (DbType = Int32), @p184='?' (Size = 4000), @p185='?' (DbType = Int32), @p186='?' (Size = 4000), @p187='?' (DbType = DateTime2), @p188='?' (Size = 4000), @p189='?' (DbType = Int32), @p190='?' (Size = 4000), @p191='?' (DbType = DateTime2), @p192='?' (DbType = Time), @p193='?' (Size = 4000), @p194='?' (DbType = DateTime2), @p195='?' (Size = 4000), @p196='?' (DbType = Int32), @p197='?' (DbType = Int32), @p198='?' (Precision = 18) (Scale = 2) (DbType = Decimal), @p199='?' (DbType = Boolean), @p200='?' (DbType = Boolean), @p201='?' (DbType = Boolean), @p202='?' (Size = 4000), @p203='?' (Size = 4000), @p204='?' (DbType = Int32), @p205='?' (Size = 4000), @p206='?' (DbType = Int32), @p207='?' (Size = 4000), @p208='?' (DbType = DateTime2), @p209='?' (Size = 4000), @p210='?' (DbType = Int32), @p211='?' (Size = 4000), @p212='?' (DbType = DateTime2), @p213='?' (DbType = Time), @p214='?' (Size = 4000), @p215='?' (DbType = DateTime2), @p216='?' (Size = 4000), @p217='?' (DbType = Int32), @p218='?' (DbType = Int32), @p219='?' (Precision = 18) (Scale = 2) (DbType = Decimal), @p220='?' (DbType = Boolean), @p221='?' (DbType = Boolean), @p222='?' (DbType = Boolean), @p223='?' (Size = 4000), @p224='?' (Size = 4000), @p225='?' (DbType = Int32), @p226='?' (Size = 4000), @p227='?' (DbType = Int32), @p228='?' (Size = 4000), @p229='?' (DbType = DateTime2), @p230='?' (Size = 4000), @p231='?' (DbType = Int32), @p232='?' (Size = 4000), @p233='?' (DbType = DateTime2), @p234='?' (DbType = Time), @p235='?' (Size = 4000), @p236='?' (DbType = DateTime2), @p237='?' (Size = 4000), @p238='?' (DbType = Int32), @p239='?' (DbType = Int32), @p240='?' (Precision = 18) (Scale = 2) (DbType = Decimal), @p241='?' (DbType = Boolean), @p242='?' (DbType = Boolean), @p243='?' (DbType = Boolean), @p244='?' (Size = 4000), @p245='?' (Size = 4000), @p246='?' (DbType = Int32), @p247='?' (Size = 4000), @p248='?' (DbType = Int32), @p249='?' (Size = 4000), @p250='?' (DbType = DateTime2), @p251='?' (Size = 4000), @p252='?' (DbType = Int32), @p253='?' (Size = 4000), @p254='?' (DbType = DateTime2), @p255='?' (DbType = Time), @p256='?' (Size = 4000), @p257='?' (DbType = DateTime2), @p258='?' (Size = 4000), @p259='?' (DbType = Int32), @p260='?' (DbType = Int32), @p261='?' (Precision = 18) (Scale = 2) (DbType = Decimal), @p262='?' (DbType = Boolean), @p263='?' (DbType = Boolean), @p264='?' (DbType = Boolean), @p265='?' (Size = 4000), @p266='?' (Size = 4000), @p267='?' (DbType = Int32), @p268='?' (Size = 4000), @p269='?' (DbType = Int32), @p270='?' (Size = 4000), @p271='?' (DbType = DateTime2), @p272='?' (Size = 4000), @p273='?' (DbType = Int32), @p274='?' (Size = 4000), @p275='?' (DbType = DateTime2), @p276='?' (DbType = Time), @p277='?' (Size = 4000), @p278='?' (DbType = DateTime2), @p279='?' (Size = 4000), @p280='?' (DbType = Int32), @p281='?' (DbType = Int32), @p282='?' (Precision = 18) (Scale = 2) (DbType = Decimal), @p283='?' (DbType = Boolean), @p284='?' (DbType = Boolean), @p285='?' (DbType = Boolean), @p286='?' (Size = 4000), @p287='?' (Size = 4000), @p288='?' (DbType = Int32), @p289='?' (Size = 4000), @p290='?' (DbType = Int32), @p291='?' (Size = 4000), @p292='?' (DbType = DateTime2), @p293='?' (Size = 4000), @p294='?' (DbType = Int32), @p295='?' (Size = 4000), @p296='?' (DbType = DateTime2), @p297='?' (DbType = Time), @p298='?' (Size = 4000), @p299='?' (DbType = DateTime2), @p300='?' (Size = 4000), @p301='?' (DbType = Int32), @p302='?' (DbType = Int32), @p303='?' (Precision = 18) (Scale = 2) (DbType = Decimal), @p304='?' (DbType = Boolean), @p305='?' (DbType = Boolean), @p306='?' (DbType = Boolean), @p307='?' (Size = 4000), @p308='?' (Size = 4000), @p309='?' (DbType = Int32), @p310='?' (Size = 4000), @p311='?' (DbType = Int32), @p312='?' (Size = 4000), @p313='?' (DbType = DateTime2), @p314='?' (Size = 4000)], CommandType='Text', CommandTimeout='30']
      SET IMPLICIT_TRANSACTIONS OFF;
      SET NOCOUNT ON;
      INSERT INTO [Appointments] ([Id], [AppointmentCode], [AppointmentDate], [AppointmentTime], [CreatedBy], [CreatedDate], [Diagnosis], [DoctorId], [DurationMinutes], [Fee], [IsDeleted], [IsPaid], [IsTelehealth], [MeetingLink], [Notes], [PatientId], [Prescription], [Status], [UpdatedBy], [UpdatedDate], [VirtualWaitingRoomStatus])
      VALUES (@p0, @p1, @p2, @p3, @p4, @p5, @p6, @p7, @p8, @p9, @p10, @p11, @p12, @p13, @p14, @p15, @p16, @p17, @p18, @p19, @p20),
      (@p21, @p22, @p23, @p24, @p25, @p26, @p27, @p28, @p29, @p30, @p31, @p32, @p33, @p34, @p35, @p36, @p37, @p38, @p39, @p40, @p41),
      (@p42, @p43, @p44, @p45, @p46, @p47, @p48, @p49, @p50, @p51, @p52, @p53, @p54, @p55, @p56, @p57, @p58, @p59, @p60, @p61, @p62),
      (@p63, @p64, @p65, @p66, @p67, @p68, @p69, @p70, @p71, @p72, @p73, @p74, @p75, @p76, @p77, @p78, @p79, @p80, @p81, @p82, @p83),
      (@p84, @p85, @p86, @p87, @p88, @p89, @p90, @p91, @p92, @p93, @p94, @p95, @p96, @p97, @p98, @p99, @p100, @p101, @p102, @p103, @p104),
      (@p105, @p106, @p107, @p108, @p109, @p110, @p111, @p112, @p113, @p114, @p115, @p116, @p117, @p118, @p119, @p120, @p121, @p122, @p123, @p124, @p125),
      (@p126, @p127, @p128, @p129, @p130, @p131, @p132, @p133, @p134, @p135, @p136, @p137, @p138, @p139, @p140, @p141, @p142, @p143, @p144, @p145, @p146),
      (@p147, @p148, @p149, @p150, @p151, @p152, @p153, @p154, @p155, @p156, @p157, @p158, @p159, @p160, @p161, @p162, @p163, @p164, @p165, @p166, @p167),
      (@p168, @p169, @p170, @p171, @p172, @p173, @p174, @p175, @p176, @p177, @p178, @p179, @p180, @p181, @p182, @p183, @p184, @p185, @p186, @p187, @p188),
      (@p189, @p190, @p191, @p192, @p193, @p194, @p195, @p196, @p197, @p198, @p199, @p200, @p201, @p202, @p203, @p204, @p205, @p206, @p207, @p208, @p209),
      (@p210, @p211, @p212, @p213, @p214, @p215, @p216, @p217, @p218, @p219, @p220, @p221, @p222, @p223, @p224, @p225, @p226, @p227, @p228, @p229, @p230),
      (@p231, @p232, @p233, @p234, @p235, @p236, @p237, @p238, @p239, @p240, @p241, @p242, @p243, @p244, @p245, @p246, @p247, @p248, @p249, @p250, @p251),
      (@p252, @p253, @p254, @p255, @p256, @p257, @p258, @p259, @p260, @p261, @p262, @p263, @p264, @p265, @p266, @p267, @p268, @p269, @p270, @p271, @p272),
      (@p273, @p274, @p275, @p276, @p277, @p278, @p279, @p280, @p281, @p282, @p283, @p284, @p285, @p286, @p287, @p288, @p289, @p290, @p291, @p292, @p293),
      (@p294, @p295, @p296, @p297, @p298, @p299, @p300, @p301, @p302, @p303, @p304, @p305, @p306, @p307, @p308, @p309, @p310, @p311, @p312, @p313, @p314);
info: Microsoft.EntityFrameworkCore.Database.Command[20101]
      Executed DbCommand (1ms) [Parameters=[], CommandType='Text', CommandTimeout='30']
      SET IDENTITY_INSERT [Appointments] OFF;
info: Microsoft.EntityFrameworkCore.Database.Command[20101]
      Executed DbCommand (1ms) [Parameters=[], CommandType='Text', CommandTimeout='30']
      SET IDENTITY_INSERT [Invoices] ON;
info: Microsoft.EntityFrameworkCore.Database.Command[20101]
      Executed DbCommand (8ms) [Parameters=[@p0='?' (DbType = Int32), @p1='?' (Size = 4000), @p2='?' (DbType = DateTime2), @p3='?' (DbType = Int32), @p4='?' (Precision = 18) (Scale = 2) (DbType = Decimal), @p5='?' (DbType = DateTime2), @p6='?' (Precision = 18) (Scale = 2) (DbType = Decimal), @p7='?' (DbType = DateTime2), @p8='?' (Size = 450), @p9='?' (DbType = Int32), @p10='?' (DbType = Boolean), @p11='?' (Size = 4000), @p12='?' (Precision = 18) (Scale = 2) (DbType = Decimal), @p13='?' (DbType = Int32), @p14='?' (Precision = 18) (Scale = 2) (DbType = Decimal), @p15='?' (DbType = Int32), @p16='?' (Precision = 18) (Scale = 2) (DbType = Decimal), @p17='?' (Precision = 18) (Scale = 2) (DbType = Decimal), @p18='?' (Precision = 18) (Scale = 2) (DbType = Decimal), @p19='?' (Size = 4000), @p20='?' (DbType = DateTime2), @p21='?' (DbType = Int32), @p22='?' (Size = 4000), @p23='?' (DbType = DateTime2), @p24='?' (DbType = Int32), @p25='?' (Precision = 18) (Scale = 2) (DbType = Decimal), @p26='?' (DbType = DateTime2), @p27='?' (Precision = 18) (Scale = 2) (DbType = Decimal), @p28='?' (DbType = DateTime2), @p29='?' (Size = 450), @p30='?' (DbType = Int32), @p31='?' (DbType = Boolean), @p32='?' (Size = 4000), @p33='?' (Precision = 18) (Scale = 2) (DbType = Decimal), @p34='?' (DbType = Int32), @p35='?' (Precision = 18) (Scale = 2) (DbType = Decimal), @p36='?' (DbType = Int32), @p37='?' (Precision = 18) (Scale = 2) (DbType = Decimal), @p38='?' (Precision = 18) (Scale = 2) (DbType = Decimal), @p39='?' (Precision = 18) (Scale = 2) (DbType = Decimal), @p40='?' (Size = 4000), @p41='?' (DbType = DateTime2), @p42='?' (DbType = Int32), @p43='?' (Size = 4000), @p44='?' (DbType = DateTime2), @p45='?' (DbType = Int32), @p46='?' (Precision = 18) (Scale = 2) (DbType = Decimal), @p47='?' (DbType = DateTime2), @p48='?' (Precision = 18) (Scale = 2) (DbType = Decimal), @p49='?' (DbType = DateTime2), @p50='?' (Size = 450), @p51='?' (DbType = Int32), @p52='?' (DbType = Boolean), @p53='?' (Size = 4000), @p54='?' (Precision = 18) (Scale = 2) (DbType = Decimal), @p55='?' (DbType = Int32), @p56='?' (Precision = 18) (Scale = 2) (DbType = Decimal), @p57='?' (DbType = Int32), @p58='?' (Precision = 18) (Scale = 2) (DbType = Decimal), @p59='?' (Precision = 18) (Scale = 2) (DbType = Decimal), @p60='?' (Precision = 18) (Scale = 2) (DbType = Decimal), @p61='?' (Size = 4000), @p62='?' (DbType = DateTime2), @p63='?' (DbType = Int32), @p64='?' (Size = 4000), @p65='?' (DbType = DateTime2), @p66='?' (DbType = Int32), @p67='?' (Precision = 18) (Scale = 2) (DbType = Decimal), @p68='?' (DbType = DateTime2), @p69='?' (Precision = 18) (Scale = 2) (DbType = Decimal), @p70='?' (DbType = DateTime2), @p71='?' (Size = 450), @p72='?' (DbType = Int32), @p73='?' (DbType = Boolean), @p74='?' (Size = 4000), @p75='?' (Precision = 18) (Scale = 2) (DbType = Decimal), @p76='?' (DbType = Int32), @p77='?' (Precision = 18) (Scale = 2) (DbType = Decimal), @p78='?' (DbType = Int32), @p79='?' (Precision = 18) (Scale = 2) (DbType = Decimal), @p80='?' (Precision = 18) (Scale = 2) (DbType = Decimal), @p81='?' (Precision = 18) (Scale = 2) (DbType = Decimal), @p82='?' (Size = 4000), @p83='?' (DbType = DateTime2), @p84='?' (DbType = Int32), @p85='?' (Size = 4000), @p86='?' (DbType = DateTime2), @p87='?' (DbType = Int32), @p88='?' (Precision = 18) (Scale = 2) (DbType = Decimal), @p89='?' (DbType = DateTime2), @p90='?' (Precision = 18) (Scale = 2) (DbType = Decimal), @p91='?' (DbType = DateTime2), @p92='?' (Size = 450), @p93='?' (DbType = Int32), @p94='?' (DbType = Boolean), @p95='?' (Size = 4000), @p96='?' (Precision = 18) (Scale = 2) (DbType = Decimal), @p97='?' (DbType = Int32), @p98='?' (Precision = 18) (Scale = 2) (DbType = Decimal), @p99='?' (DbType = Int32), @p100='?' (Precision = 18) (Scale = 2) (DbType = Decimal), @p101='?' (Precision = 18) (Scale = 2) (DbType = Decimal), @p102='?' (Precision = 18) (Scale = 2) (DbType = Decimal), @p103='?' (Size = 4000), @p104='?' (DbType = DateTime2), @p105='?' (DbType = Int32), @p106='?' (Size = 4000), @p107='?' (DbType = DateTime2), @p108='?' (DbType = Int32), @p109='?' (Precision = 18) (Scale = 2) (DbType = Decimal), @p110='?' (DbType = DateTime2), @p111='?' (Precision = 18) (Scale = 2) (DbType = Decimal), @p112='?' (DbType = DateTime2), @p113='?' (Size = 450), @p114='?' (DbType = Int32), @p115='?' (DbType = Boolean), @p116='?' (Size = 4000), @p117='?' (Precision = 18) (Scale = 2) (DbType = Decimal), @p118='?' (DbType = Int32), @p119='?' (Precision = 18) (Scale = 2) (DbType = Decimal), @p120='?' (DbType = Int32), @p121='?' (Precision = 18) (Scale = 2) (DbType = Decimal), @p122='?' (Precision = 18) (Scale = 2) (DbType = Decimal), @p123='?' (Precision = 18) (Scale = 2) (DbType = Decimal), @p124='?' (Size = 4000), @p125='?' (DbType = DateTime2), @p126='?' (DbType = Int32), @p127='?' (Size = 4000), @p128='?' (DbType = DateTime2), @p129='?' (DbType = Int32), @p130='?' (Precision = 18) (Scale = 2) (DbType = Decimal), @p131='?' (DbType = DateTime2), @p132='?' (Precision = 18) (Scale = 2) (DbType = Decimal), @p133='?' (DbType = DateTime2), @p134='?' (Size = 450), @p135='?' (DbType = Int32), @p136='?' (DbType = Boolean), @p137='?' (Size = 4000), @p138='?' (Precision = 18) (Scale = 2) (DbType = Decimal), @p139='?' (DbType = Int32), @p140='?' (Precision = 18) (Scale = 2) (DbType = Decimal), @p141='?' (DbType = Int32), @p142='?' (Precision = 18) (Scale = 2) (DbType = Decimal), @p143='?' (Precision = 18) (Scale = 2) (DbType = Decimal), @p144='?' (Precision = 18) (Scale = 2) (DbType = Decimal), @p145='?' (Size = 4000), @p146='?' (DbType = DateTime2), @p147='?' (DbType = Int32), @p148='?' (Size = 4000), @p149='?' (DbType = DateTime2), @p150='?' (DbType = Int32), @p151='?' (Precision = 18) (Scale = 2) (DbType = Decimal), @p152='?' (DbType = DateTime2), @p153='?' (Precision = 18) (Scale = 2) (DbType = Decimal), @p154='?' (DbType = DateTime2), @p155='?' (Size = 450), @p156='?' (DbType = Int32), @p157='?' (DbType = Boolean), @p158='?' (Size = 4000), @p159='?' (Precision = 18) (Scale = 2) (DbType = Decimal), @p160='?' (DbType = Int32), @p161='?' (Precision = 18) (Scale = 2) (DbType = Decimal), @p162='?' (DbType = Int32), @p163='?' (Precision = 18) (Scale = 2) (DbType = Decimal), @p164='?' (Precision = 18) (Scale = 2) (DbType = Decimal), @p165='?' (Precision = 18) (Scale = 2) (DbType = Decimal), @p166='?' (Size = 4000), @p167='?' (DbType = DateTime2), @p168='?' (DbType = Int32), @p169='?' (Size = 4000), @p170='?' (DbType = DateTime2), @p171='?' (DbType = Int32), @p172='?' (Precision = 18) (Scale = 2) (DbType = Decimal), @p173='?' (DbType = DateTime2), @p174='?' (Precision = 18) (Scale = 2) (DbType = Decimal), @p175='?' (DbType = DateTime2), @p176='?' (Size = 450), @p177='?' (DbType = Int32), @p178='?' (DbType = Boolean), @p179='?' (Size = 4000), @p180='?' (Precision = 18) (Scale = 2) (DbType = Decimal), @p181='?' (DbType = Int32), @p182='?' (Precision = 18) (Scale = 2) (DbType = Decimal), @p183='?' (DbType = Int32), @p184='?' (Precision = 18) (Scale = 2) (DbType = Decimal), @p185='?' (Precision = 18) (Scale = 2) (DbType = Decimal), @p186='?' (Precision = 18) (Scale = 2) (DbType = Decimal), @p187='?' (Size = 4000), @p188='?' (DbType = DateTime2), @p189='?' (DbType = Int32), @p190='?' (Size = 4000), @p191='?' (DbType = DateTime2), @p192='?' (DbType = Int32), @p193='?' (Precision = 18) (Scale = 2) (DbType = Decimal), @p194='?' (DbType = DateTime2), @p195='?' (Precision = 18) (Scale = 2) (DbType = Decimal), @p196='?' (DbType = DateTime2), @p197='?' (Size = 450), @p198='?' (DbType = Int32), @p199='?' (DbType = Boolean), @p200='?' (Size = 4000), @p201='?' (Precision = 18) (Scale = 2) (DbType = Decimal), @p202='?' (DbType = Int32), @p203='?' (Precision = 18) (Scale = 2) (DbType = Decimal), @p204='?' (DbType = Int32), @p205='?' (Precision = 18) (Scale = 2) (DbType = Decimal), @p206='?' (Precision = 18) (Scale = 2) (DbType = Decimal), @p207='?' (Precision = 18) (Scale = 2) (DbType = Decimal), @p208='?' (Size = 4000), @p209='?' (DbType = DateTime2)], CommandType='Text', CommandTimeout='30']
      SET IMPLICIT_TRANSACTIONS OFF;
      SET NOCOUNT ON;
      INSERT INTO [Invoices] ([Id], [CreatedBy], [CreatedDate], [CustomerId], [DiscountAmount], [DueDate], [InsuranceShare], [InvoiceDate], [InvoiceNumber], [InvoiceType], [IsDeleted], [Notes], [PaidAmount], [PatientId], [PatientShare], [Status], [SubTotal], [TaxAmount], [TotalAmount], [UpdatedBy], [UpdatedDate])
      VALUES (@p0, @p1, @p2, @p3, @p4, @p5, @p6, @p7, @p8, @p9, @p10, @p11, @p12, @p13, @p14, @p15, @p16, @p17, @p18, @p19, @p20),
      (@p21, @p22, @p23, @p24, @p25, @p26, @p27, @p28, @p29, @p30, @p31, @p32, @p33, @p34, @p35, @p36, @p37, @p38, @p39, @p40, @p41),
      (@p42, @p43, @p44, @p45, @p46, @p47, @p48, @p49, @p50, @p51, @p52, @p53, @p54, @p55, @p56, @p57, @p58, @p59, @p60, @p61, @p62),
      (@p63, @p64, @p65, @p66, @p67, @p68, @p69, @p70, @p71, @p72, @p73, @p74, @p75, @p76, @p77, @p78, @p79, @p80, @p81, @p82, @p83),
      (@p84, @p85, @p86, @p87, @p88, @p89, @p90, @p91, @p92, @p93, @p94, @p95, @p96, @p97, @p98, @p99, @p100, @p101, @p102, @p103, @p104),
      (@p105, @p106, @p107, @p108, @p109, @p110, @p111, @p112, @p113, @p114, @p115, @p116, @p117, @p118, @p119, @p120, @p121, @p122, @p123, @p124, @p125),
      (@p126, @p127, @p128, @p129, @p130, @p131, @p132, @p133, @p134, @p135, @p136, @p137, @p138, @p139, @p140, @p141, @p142, @p143, @p144, @p145, @p146),
      (@p147, @p148, @p149, @p150, @p151, @p152, @p153, @p154, @p155, @p156, @p157, @p158, @p159, @p160, @p161, @p162, @p163, @p164, @p165, @p166, @p167),
      (@p168, @p169, @p170, @p171, @p172, @p173, @p174, @p175, @p176, @p177, @p178, @p179, @p180, @p181, @p182, @p183, @p184, @p185, @p186, @p187, @p188),
      (@p189, @p190, @p191, @p192, @p193, @p194, @p195, @p196, @p197, @p198, @p199, @p200, @p201, @p202, @p203, @p204, @p205, @p206, @p207, @p208, @p209);
info: Microsoft.EntityFrameworkCore.Database.Command[20101]
      Executed DbCommand (0ms) [Parameters=[], CommandType='Text', CommandTimeout='30']
      SET IDENTITY_INSERT [Invoices] OFF;
info: Microsoft.EntityFrameworkCore.Database.Command[20101]
      Executed DbCommand (1ms) [Parameters=[], CommandType='Text', CommandTimeout='30']
      SET IDENTITY_INSERT [Payments] ON;
info: Microsoft.EntityFrameworkCore.Database.Command[20101]
      Executed DbCommand (6ms) [Parameters=[@p0='?' (DbType = Int32), @p1='?' (Precision = 18) (Scale = 2) (DbType = Decimal), @p2='?' (Size = 4000), @p3='?' (DbType = DateTime2), @p4='?' (DbType = Int32), @p5='?' (DbType = Boolean), @p6='?' (Size = 4000), @p7='?' (DbType = Int32), @p8='?' (DbType = DateTime2), @p9='?' (DbType = Int32), @p10='?' (Size = 4000), @p11='?' (Size = 4000), @p12='?' (Size = 4000), @p13='?' (DbType = DateTime2), @p14='?' (DbType = Int32), @p15='?' (Precision = 18) (Scale = 2) (DbType = Decimal), @p16='?' (Size = 4000), @p17='?' (DbType = DateTime2), @p18='?' (DbType = Int32), @p19='?' (DbType = Boolean), @p20='?' (Size = 4000), @p21='?' (DbType = Int32), @p22='?' (DbType = DateTime2), @p23='?' (DbType = Int32), @p24='?' (Size = 4000), @p25='?' (Size = 4000), @p26='?' (Size = 4000), @p27='?' (DbType = DateTime2), @p28='?' (DbType = Int32), @p29='?' (Precision = 18) (Scale = 2) (DbType = Decimal), @p30='?' (Size = 4000), @p31='?' (DbType = DateTime2), @p32='?' (DbType = Int32), @p33='?' (DbType = Boolean), @p34='?' (Size = 4000), @p35='?' (DbType = Int32), @p36='?' (DbType = DateTime2), @p37='?' (DbType = Int32), @p38='?' (Size = 4000), @p39='?' (Size = 4000), @p40='?' (Size = 4000), @p41='?' (DbType = DateTime2), @p42='?' (DbType = Int32), @p43='?' (Precision = 18) (Scale = 2) (DbType = Decimal), @p44='?' (Size = 4000), @p45='?' (DbType = DateTime2), @p46='?' (DbType = Int32), @p47='?' (DbType = Boolean), @p48='?' (Size = 4000), @p49='?' (DbType = Int32), @p50='?' (DbType = DateTime2), @p51='?' (DbType = Int32), @p52='?' (Size = 4000), @p53='?' (Size = 4000), @p54='?' (Size = 4000), @p55='?' (DbType = DateTime2), @p56='?' (DbType = Int32), @p57='?' (Precision = 18) (Scale = 2) (DbType = Decimal), @p58='?' (Size = 4000), @p59='?' (DbType = DateTime2), @p60='?' (DbType = Int32), @p61='?' (DbType = Boolean), @p62='?' (Size = 4000), @p63='?' (DbType = Int32), @p64='?' (DbType = DateTime2), @p65='?' (DbType = Int32), @p66='?' (Size = 4000), @p67='?' (Size = 4000), @p68='?' (Size = 4000), @p69='?' (DbType = DateTime2), @p70='?' (DbType = Int32), @p71='?' (Precision = 18) (Scale = 2) (DbType = Decimal), @p72='?' (Size = 4000), @p73='?' (DbType = DateTime2), @p74='?' (DbType = Int32), @p75='?' (DbType = Boolean), @p76='?' (Size = 4000), @p77='?' (DbType = Int32), @p78='?' (DbType = DateTime2), @p79='?' (DbType = Int32), @p80='?' (Size = 4000), @p81='?' (Size = 4000), @p82='?' (Size = 4000), @p83='?' (DbType = DateTime2), @p84='?' (DbType = Int32), @p85='?' (Precision = 18) (Scale = 2) (DbType = Decimal), @p86='?' (Size = 4000), @p87='?' (DbType = DateTime2), @p88='?' (DbType = Int32), @p89='?' (DbType = Boolean), @p90='?' (Size = 4000), @p91='?' (DbType = Int32), @p92='?' (DbType = DateTime2), @p93='?' (DbType = Int32), @p94='?' (Size = 4000), @p95='?' (Size = 4000), @p96='?' (Size = 4000), @p97='?' (DbType = DateTime2), @p98='?' (DbType = Int32), @p99='?' (Precision = 18) (Scale = 2) (DbType = Decimal), @p100='?' (Size = 4000), @p101='?' (DbType = DateTime2), @p102='?' (DbType = Int32), @p103='?' (DbType = Boolean), @p104='?' (Size = 4000), @p105='?' (DbType = Int32), @p106='?' (DbType = DateTime2), @p107='?' (DbType = Int32), @p108='?' (Size = 4000), @p109='?' (Size = 4000), @p110='?' (Size = 4000), @p111='?' (DbType = DateTime2), @p112='?' (DbType = Int32), @p113='?' (Precision = 18) (Scale = 2) (DbType = Decimal), @p114='?' (Size = 4000), @p115='?' (DbType = DateTime2), @p116='?' (DbType = Int32), @p117='?' (DbType = Boolean), @p118='?' (Size = 4000), @p119='?' (DbType = Int32), @p120='?' (DbType = DateTime2), @p121='?' (DbType = Int32), @p122='?' (Size = 4000), @p123='?' (Size = 4000), @p124='?' (Size = 4000), @p125='?' (DbType = DateTime2)], CommandType='Text', CommandTimeout='30']
      SET IMPLICIT_TRANSACTIONS OFF;
      SET NOCOUNT ON;
      INSERT INTO [Payments] ([Id], [Amount], [CreatedBy], [CreatedDate], [InvoiceId], [IsDeleted], [Notes], [PatientId], [PaymentDate], [PaymentMethod], [PaymentNumber], [ReferenceNumber], [UpdatedBy], [UpdatedDate])
      VALUES (@p0, @p1, @p2, @p3, @p4, @p5, @p6, @p7, @p8, @p9, @p10, @p11, @p12, @p13),
      (@p14, @p15, @p16, @p17, @p18, @p19, @p20, @p21, @p22, @p23, @p24, @p25, @p26, @p27),
      (@p28, @p29, @p30, @p31, @p32, @p33, @p34, @p35, @p36, @p37, @p38, @p39, @p40, @p41),
      (@p42, @p43, @p44, @p45, @p46, @p47, @p48, @p49, @p50, @p51, @p52, @p53, @p54, @p55),
      (@p56, @p57, @p58, @p59, @p60, @p61, @p62, @p63, @p64, @p65, @p66, @p67, @p68, @p69),
      (@p70, @p71, @p72, @p73, @p74, @p75, @p76, @p77, @p78, @p79, @p80, @p81, @p82, @p83),
      (@p84, @p85, @p86, @p87, @p88, @p89, @p90, @p91, @p92, @p93, @p94, @p95, @p96, @p97),
      (@p98, @p99, @p100, @p101, @p102, @p103, @p104, @p105, @p106, @p107, @p108, @p109, @p110, @p111),
      (@p112, @p113, @p114, @p115, @p116, @p117, @p118, @p119, @p120, @p121, @p122, @p123, @p124, @p125);
info: Microsoft.EntityFrameworkCore.Database.Command[20101]
      Executed DbCommand (1ms) [Parameters=[], CommandType='Text', CommandTimeout='30']
      SET IDENTITY_INSERT [Payments] OFF;
info: Microsoft.EntityFrameworkCore.Database.Command[20101]
      Executed DbCommand (6ms) [Parameters=[@p0='?' (Precision = 18) (Scale = 2) (DbType = Decimal), @p1='?' (Size = 4000), @p2='?' (Precision = 18) (Scale = 2) (DbType = Decimal), @p3='?' (Size = 450), @p4='?' (Size = 4000), @p5='?' (DbType = DateTime2), @p6='?' (DbType = Int32), @p7='?' (DbType = Int32), @p8='?' (DbType = Boolean), @p9='?' (DbType = Int32), @p10='?' (Size = 4000), @p11='?' (Size = 4000), @p12='?' (DbType = DateTime2), @p13='?' (DbType = DateTime2), @p14='?' (Size = 4000), @p15='?' (DbType = DateTime2), @p16='?' (Precision = 18) (Scale = 2) (DbType = Decimal), @p17='?' (Size = 4000), @p18='?' (Precision = 18) (Scale = 2) (DbType = Decimal), @p19='?' (Size = 450), @p20='?' (Size = 4000), @p21='?' (DbType = DateTime2), @p22='?' (DbType = Int32), @p23='?' (DbType = Int32), @p24='?' (DbType = Boolean), @p25='?' (DbType = Int32), @p26='?' (Size = 4000), @p27='?' (Size = 4000), @p28='?' (DbType = DateTime2), @p29='?' (DbType = DateTime2), @p30='?' (Size = 4000), @p31='?' (DbType = DateTime2)], CommandType='Text', CommandTimeout='30']
      SET IMPLICIT_TRANSACTIONS OFF;
      SET NOCOUNT ON;
      MERGE [InsuranceClaims] USING (
      VALUES (@p0, @p1, @p2, @p3, @p4, @p5, @p6, @p7, @p8, @p9, @p10, @p11, @p12, @p13, @p14, @p15, 0),
      (@p16, @p17, @p18, @p19, @p20, @p21, @p22, @p23, @p24, @p25, @p26, @p27, @p28, @p29, @p30, @p31, 1)) AS i ([ApprovedAmount], [AuthCode], [ClaimAmount], [ClaimNumber], [CreatedBy], [CreatedDate], [InsuranceProviderId], [InvoiceId], [IsDeleted], [PatientId], [RejectionReason], [Status], [StatusDate], [SubmissionDate], [UpdatedBy], [UpdatedDate], _Position) ON 1=0
      WHEN NOT MATCHED THEN
      INSERT ([ApprovedAmount], [AuthCode], [ClaimAmount], [ClaimNumber], [CreatedBy], [CreatedDate], [InsuranceProviderId], [InvoiceId], [IsDeleted], [PatientId], [RejectionReason], [Status], [StatusDate], [SubmissionDate], [UpdatedBy], [UpdatedDate])
      VALUES (i.[ApprovedAmount], i.[AuthCode], i.[ClaimAmount], i.[ClaimNumber], i.[CreatedBy], i.[CreatedDate], i.[InsuranceProviderId], i.[InvoiceId], i.[IsDeleted], i.[PatientId], i.[RejectionReason], i.[Status], i.[StatusDate], i.[SubmissionDate], i.[UpdatedBy], i.[UpdatedDate])
      OUTPUT INSERTED.[Id], i._Position;
info: Bootstrap[0]
      Seeded 10 invoices and 2 insurance claims (BRD patient/insurer split applied).
info: Microsoft.EntityFrameworkCore.Database.Command[20101]
      Executed DbCommand (1ms) [Parameters=[], CommandType='Text', CommandTimeout='30']
      SET IDENTITY_INSERT [OperatingTheaters] ON;
info: Microsoft.EntityFrameworkCore.Database.Command[20101]
      Executed DbCommand (2ms) [Parameters=[@p0='?' (DbType = Int32), @p1='?' (Size = 4000), @p2='?' (DbType = DateTime2), @p3='?' (DbType = Boolean), @p4='?' (Size = 4000), @p5='?' (Size = 4000), @p6='?' (Size = 4000), @p7='?' (Size = 4000), @p8='?' (DbType = DateTime2), @p9='?' (DbType = Int32), @p10='?' (Size = 4000), @p11='?' (DbType = DateTime2), @p12='?' (DbType = Boolean), @p13='?' (Size = 4000), @p14='?' (Size = 4000), @p15='?' (Size = 4000), @p16='?' (Size = 4000), @p17='?' (DbType = DateTime2), @p18='?' (DbType = Int32), @p19='?' (Size = 4000), @p20='?' (DbType = DateTime2), @p21='?' (DbType = Boolean), @p22='?' (Size = 4000), @p23='?' (Size = 4000), @p24='?' (Size = 4000), @p25='?' (Size = 4000), @p26='?' (DbType = DateTime2)], CommandType='Text', CommandTimeout='30']
      SET IMPLICIT_TRANSACTIONS OFF;
      SET NOCOUNT ON;
      INSERT INTO [OperatingTheaters] ([Id], [CreatedBy], [CreatedDate], [IsDeleted], [Location], [Name], [Status], [UpdatedBy], [UpdatedDate])
      VALUES (@p0, @p1, @p2, @p3, @p4, @p5, @p6, @p7, @p8),
      (@p9, @p10, @p11, @p12, @p13, @p14, @p15, @p16, @p17),
      (@p18, @p19, @p20, @p21, @p22, @p23, @p24, @p25, @p26);
info: Microsoft.EntityFrameworkCore.Database.Command[20101]
      Executed DbCommand (1ms) [Parameters=[], CommandType='Text', CommandTimeout='30']
      SET IDENTITY_INSERT [OperatingTheaters] OFF;
info: Microsoft.EntityFrameworkCore.Database.Command[20101]
      Executed DbCommand (9ms) [Parameters=[@p0='?' (DbType = Int32), @p1='?' (DbType = Int32), @p2='?' (Size = 4000), @p3='?' (DbType = DateTime2), @p4='?' (DbType = Int32), @p5='?' (DbType = Boolean), @p6='?' (DbType = Int32), @p7='?' (Size = 4000), @p8='?' (DbType = Int32), @p9='?' (DbType = Int32), @p10='?' (Size = 4000), @p11='?' (Size = 4000), @p12='?' (Size = 4000), @p13='?' (Size = 4000), @p14='?' (DbType = DateTime2), @p15='?' (DbType = DateTime2), @p16='?' (Size = 4000), @p17='?' (Precision = 18) (Scale = 2) (DbType = Decimal), @p18='?' (Size = 4000), @p19='?' (DbType = DateTime2), @p20='?' (DbType = Int32), @p21='?' (DbType = Int32), @p22='?' (Size = 4000), @p23='?' (DbType = DateTime2), @p24='?' (DbType = Int32), @p25='?' (DbType = Boolean), @p26='?' (DbType = Int32), @p27='?' (Size = 4000), @p28='?' (DbType = Int32), @p29='?' (DbType = Int32), @p30='?' (Size = 4000), @p31='?' (Size = 4000), @p32='?' (Size = 4000), @p33='?' (Size = 4000), @p34='?' (DbType = DateTime2), @p35='?' (DbType = DateTime2), @p36='?' (Size = 4000), @p37='?' (Precision = 18) (Scale = 2) (DbType = Decimal), @p38='?' (Size = 4000), @p39='?' (DbType = DateTime2)], CommandType='Text', CommandTimeout='30']
      SET IMPLICIT_TRANSACTIONS OFF;
      SET NOCOUNT ON;
      MERGE [ScheduledSurgeries] USING (
      VALUES (@p0, @p1, @p2, @p3, @p4, @p5, @p6, @p7, @p8, @p9, @p10, @p11, @p12, @p13, @p14, @p15, @p16, @p17, @p18, @p19, 0),
      (@p20, @p21, @p22, @p23, @p24, @p25, @p26, @p27, @p28, @p29, @p30, @p31, @p32, @p33, @p34, @p35, @p36, @p37, @p38, @p39, 1)) AS i ([AnesthetistId], [BedAdmissionId], [CreatedBy], [CreatedDate], [InvoiceId], [IsDeleted], [LeadSurgeonId], [Notes], [OperatingTheaterId], [PatientId], [PostOpDiagnosis], [PreOpDiagnosis], [Priority], [ProcedureName], [ScheduledEndTime], [ScheduledStartTime], [Status], [TotalCost], [UpdatedBy], [UpdatedDate], _Position) ON 1=0
      WHEN NOT MATCHED THEN
      INSERT ([AnesthetistId], [BedAdmissionId], [CreatedBy], [CreatedDate], [InvoiceId], [IsDeleted], [LeadSurgeonId], [Notes], [OperatingTheaterId], [PatientId], [PostOpDiagnosis], [PreOpDiagnosis], [Priority], [ProcedureName], [ScheduledEndTime], [ScheduledStartTime], [Status], [TotalCost], [UpdatedBy], [UpdatedDate])
      VALUES (i.[AnesthetistId], i.[BedAdmissionId], i.[CreatedBy], i.[CreatedDate], i.[InvoiceId], i.[IsDeleted], i.[LeadSurgeonId], i.[Notes], i.[OperatingTheaterId], i.[PatientId], i.[PostOpDiagnosis], i.[PreOpDiagnosis], i.[Priority], i.[ProcedureName], i.[ScheduledEndTime], i.[ScheduledStartTime], i.[Status], i.[TotalCost], i.[UpdatedBy], i.[UpdatedDate])
      OUTPUT INSERTED.[Id], i._Position;
info: Bootstrap[0]
      Demo data seeded: 10 patients, 5 doctors, 15 appointments, 8 items, 3 theaters.
info: Bootstrap[0]
      Seeding completed.
info: HospitalERP.API.Background.AutomatedBillingWorker[0]
      Automated Billing Worker starting...
info: HospitalERP.API.Background.AutomatedBillingWorker[0]
      Next automated billing run scheduled for: 09/06/2026 01:00:00
info: Microsoft.Hosting.Lifetime[14]
      Now listening on: http://localhost:5080
info: Microsoft.Hosting.Lifetime[0]
      Application started. Press Ctrl+C to shut down.
info: Microsoft.Hosting.Lifetime[0]
      Hosting environment: Development
info: Microsoft.Hosting.Lifetime[0]
      Content root path: D:\Work\Projects\AI\ERP Hospital NEw\HospitalERP.API
info: Microsoft.EntityFrameworkCore.Database.Command[20101]
      Executed DbCommand (6ms) [Parameters=[@__dto_Username_0='?' (Size = 450)], CommandType='Text', CommandTimeout='30']
      SELECT TOP(1) [u].[Id], [u].[CreatedBy], [u].[CreatedDate], [u].[Email], [u].[FullName], [u].[IsActive], [u].[IsDeleted], [u].[PasswordHash], [u].[PhoneNumber], [u].[RefreshToken], [u].[RefreshTokenExpiry], [u].[RoleId], [u].[UpdatedBy], [u].[UpdatedDate], [u].[Username], [r].[Id], [r].[CreatedBy], [r].[CreatedDate], [r].[Description], [r].[IsDeleted], [r].[Name], [r].[UpdatedBy], [r].[UpdatedDate]
      FROM [Users] AS [u]
      INNER JOIN [Roles] AS [r] ON [u].[RoleId] = [r].[Id]
      WHERE [u].[IsDeleted] = CAST(0 AS bit) AND [u].[Username] = @__dto_Username_0 AND [u].[IsActive] = CAST(1 AS bit)
info: Microsoft.EntityFrameworkCore.Database.Command[20101]
      Executed DbCommand (9ms) [Parameters=[@p14='?' (DbType = Int32), @p0='?' (Size = 4000), @p1='?' (DbType = DateTime2), @p2='?' (Size = 450), @p3='?' (Size = 4000), @p4='?' (DbType = Boolean), @p5='?' (DbType = Boolean), @p6='?' (Size = 4000), @p7='?' (Size = 4000), @p8='?' (Size = 4000), @p9='?' (DbType = DateTime2), @p10='?' (DbType = Int32), @p11='?' (Size = 4000), @p12='?' (DbType = DateTime2), @p13='?' (Size = 450)], CommandType='Text', CommandTimeout='30']
      SET IMPLICIT_TRANSACTIONS OFF;
      SET NOCOUNT ON;
      UPDATE [Users] SET [CreatedBy] = @p0, [CreatedDate] = @p1, [Email] = @p2, [FullName] = @p3, [IsActive] = @p4, [IsDeleted] = @p5, [PasswordHash] = @p6, [PhoneNumber] = @p7, [RefreshToken] = @p8, [RefreshTokenExpiry] = @p9, [RoleId] = @p10, [UpdatedBy] = @p11, [UpdatedDate] = @p12, [Username] = @p13
      OUTPUT 1
      WHERE [Id] = @p14;
info: Microsoft.EntityFrameworkCore.Database.Command[20101]
      Executed DbCommand (3ms) [Parameters=[], CommandType='Text', CommandTimeout='30']
      SELECT COUNT(*)
      FROM [Patients] AS [p]
      WHERE [p].[IsDeleted] = CAST(0 AS bit)
info: Microsoft.EntityFrameworkCore.Database.Command[20101]
      Executed DbCommand (3ms) [Parameters=[@__today_0='?' (DbType = DateTime2)], CommandType='Text', CommandTimeout='30']
      SELECT COUNT(*)
      FROM [Appointments] AS [a]
      WHERE [a].[IsDeleted] = CAST(0 AS bit) AND CONVERT(date, [a].[AppointmentDate]) = @__today_0
info: Microsoft.EntityFrameworkCore.Database.Command[20101]
      Executed DbCommand (3ms) [Parameters=[], CommandType='Text', CommandTimeout='30']
      SELECT COUNT(*)
      FROM [Appointments] AS [a]
      WHERE [a].[IsDeleted] = CAST(0 AS bit) AND [a].[Status] IN (1, 2)
info: Microsoft.EntityFrameworkCore.Database.Command[20101]
      Executed DbCommand (3ms) [Parameters=[], CommandType='Text', CommandTimeout='30']
      SELECT COUNT(*)
      FROM [Doctors] AS [d]
      WHERE [d].[IsDeleted] = CAST(0 AS bit)
info: Microsoft.EntityFrameworkCore.Database.Command[20101]
      Executed DbCommand (2ms) [Parameters=[], CommandType='Text', CommandTimeout='30']
      SELECT COUNT(*)
      FROM [Employees] AS [e]
      WHERE [e].[IsDeleted] = CAST(0 AS bit)
info: Microsoft.EntityFrameworkCore.Database.Command[20101]
      Executed DbCommand (1ms) [Parameters=[], CommandType='Text', CommandTimeout='30']
      SELECT COUNT(*)
      FROM [WarehouseStocks] AS [w]
      WHERE [w].[Quantity] <= [w].[ReorderLevel]
info: Microsoft.EntityFrameworkCore.Database.Command[20101]
      Executed DbCommand (7ms) [Parameters=[], CommandType='Text', CommandTimeout='30']
      SELECT COUNT(*)
      FROM [Invoices] AS [i]
      WHERE [i].[IsDeleted] = CAST(0 AS bit) AND [i].[Status] = 1
info: Microsoft.EntityFrameworkCore.Database.Command[20101]
      Executed DbCommand (2ms) [Parameters=[@__today_0='?' (DbType = DateTime2), @__expiryThreshold_1='?' (DbType = DateTime2)], CommandType='Text', CommandTimeout='30']
      SELECT COUNT(*)
      FROM [ItemBatches] AS [i]
      WHERE [i].[IsDeleted] = CAST(0 AS bit) AND [i].[Status] = N'Active' AND [i].[ExpiryDate] > @__today_0 AND [i].[ExpiryDate] <= @__expiryThreshold_1
info: Microsoft.EntityFrameworkCore.Database.Command[20101]
      Executed DbCommand (5ms) [Parameters=[@__today_0='?' (DbType = DateTime2)], CommandType='Text', CommandTimeout='30']
      SELECT COALESCE(SUM([p].[Amount]), 0.0)
      FROM [Payments] AS [p]
      WHERE [p].[IsDeleted] = CAST(0 AS bit) AND CONVERT(date, [p].[PaymentDate]) = @__today_0
info: Microsoft.EntityFrameworkCore.Database.Command[20101]
      Executed DbCommand (2ms) [Parameters=[@__monthStart_0='?' (DbType = DateTime2)], CommandType='Text', CommandTimeout='30']
      SELECT COALESCE(SUM([p].[Amount]), 0.0)
      FROM [Payments] AS [p]
      WHERE [p].[IsDeleted] = CAST(0 AS bit) AND [p].[PaymentDate] >= @__monthStart_0
info: Microsoft.EntityFrameworkCore.Database.Command[20101]
      Executed DbCommand (2ms) [Parameters=[], CommandType='Text', CommandTimeout='30']
      SELECT COALESCE(SUM([p].[Amount]), 0.0)
      FROM [Payments] AS [p]
      WHERE [p].[IsDeleted] = CAST(0 AS bit)
info: Microsoft.EntityFrameworkCore.Database.Command[20101]
      Executed DbCommand (1ms) [Parameters=[], CommandType='Text', CommandTimeout='30']
      SELECT COALESCE(SUM([i].[TotalAmount] - [i].[PaidAmount]), 0.0)
      FROM [Invoices] AS [i]
      WHERE [i].[IsDeleted] = CAST(0 AS bit)
info: Microsoft.EntityFrameworkCore.Database.Command[20101]
      Executed DbCommand (2ms) [Parameters=[@__mStart_0='?' (DbType = DateTime2), @__mEnd_1='?' (DbType = DateTime2)], CommandType='Text', CommandTimeout='30']
      SELECT COALESCE(SUM([p].[Amount]), 0.0)
      FROM [Payments] AS [p]
      WHERE [p].[IsDeleted] = CAST(0 AS bit) AND [p].[PaymentDate] >= @__mStart_0 AND [p].[PaymentDate] < @__mEnd_1
info: Microsoft.EntityFrameworkCore.Database.Command[20101]
      Executed DbCommand (2ms) [Parameters=[@__mStart_0='?' (DbType = DateTime2), @__mEnd_1='?' (DbType = DateTime2)], CommandType='Text', CommandTimeout='30']
      SELECT COALESCE(SUM([e].[Amount]), 0.0)
      FROM [Expenses] AS [e]
      WHERE [e].[IsDeleted] = CAST(0 AS bit) AND [e].[ExpenseDate] >= @__mStart_0 AND [e].[ExpenseDate] < @__mEnd_1
info: Microsoft.EntityFrameworkCore.Database.Command[20101]
      Executed DbCommand (1ms) [Parameters=[@__mStart_0='?' (DbType = DateTime2), @__mEnd_1='?' (DbType = DateTime2)], CommandType='Text', CommandTimeout='30']
      SELECT COALESCE(SUM([p].[Amount]), 0.0)
      FROM [Payments] AS [p]
      WHERE [p].[IsDeleted] = CAST(0 AS bit) AND [p].[PaymentDate] >= @__mStart_0 AND [p].[PaymentDate] < @__mEnd_1
info: Microsoft.EntityFrameworkCore.Database.Command[20101]
      Executed DbCommand (1ms) [Parameters=[@__mStart_0='?' (DbType = DateTime2), @__mEnd_1='?' (DbType = DateTime2)], CommandType='Text', CommandTimeout='30']
      SELECT COALESCE(SUM([e].[Amount]), 0.0)
      FROM [Expenses] AS [e]
      WHERE [e].[IsDeleted] = CAST(0 AS bit) AND [e].[ExpenseDate] >= @__mStart_0 AND [e].[ExpenseDate] < @__mEnd_1
info: Microsoft.EntityFrameworkCore.Database.Command[20101]
      Executed DbCommand (1ms) [Parameters=[@__mStart_0='?' (DbType = DateTime2), @__mEnd_1='?' (DbType = DateTime2)], CommandType='Text', CommandTimeout='30']
      SELECT COALESCE(SUM([p].[Amount]), 0.0)
      FROM [Payments] AS [p]
      WHERE [p].[IsDeleted] = CAST(0 AS bit) AND [p].[PaymentDate] >= @__mStart_0 AND [p].[PaymentDate] < @__mEnd_1
info: Microsoft.EntityFrameworkCore.Database.Command[20101]
      Executed DbCommand (1ms) [Parameters=[@__mStart_0='?' (DbType = DateTime2), @__mEnd_1='?' (DbType = DateTime2)], CommandType='Text', CommandTimeout='30']
      SELECT COALESCE(SUM([e].[Amount]), 0.0)
      FROM [Expenses] AS [e]
      WHERE [e].[IsDeleted] = CAST(0 AS bit) AND [e].[ExpenseDate] >= @__mStart_0 AND [e].[ExpenseDate] < @__mEnd_1
info: Microsoft.EntityFrameworkCore.Database.Command[20101]
      Executed DbCommand (1ms) [Parameters=[@__mStart_0='?' (DbType = DateTime2), @__mEnd_1='?' (DbType = DateTime2)], CommandType='Text', CommandTimeout='30']
      SELECT COALESCE(SUM([p].[Amount]), 0.0)
      FROM [Payments] AS [p]
      WHERE [p].[IsDeleted] = CAST(0 AS bit) AND [p].[PaymentDate] >= @__mStart_0 AND [p].[PaymentDate] < @__mEnd_1
info: Microsoft.EntityFrameworkCore.Database.Command[20101]
      Executed DbCommand (0ms) [Parameters=[@__mStart_0='?' (DbType = DateTime2), @__mEnd_1='?' (DbType = DateTime2)], CommandType='Text', CommandTimeout='30']
      SELECT COALESCE(SUM([e].[Amount]), 0.0)
      FROM [Expenses] AS [e]
      WHERE [e].[IsDeleted] = CAST(0 AS bit) AND [e].[ExpenseDate] >= @__mStart_0 AND [e].[ExpenseDate] < @__mEnd_1
info: Microsoft.EntityFrameworkCore.Database.Command[20101]
      Executed DbCommand (0ms) [Parameters=[@__mStart_0='?' (DbType = DateTime2), @__mEnd_1='?' (DbType = DateTime2)], CommandType='Text', CommandTimeout='30']
      SELECT COALESCE(SUM([p].[Amount]), 0.0)
      FROM [Payments] AS [p]
      WHERE [p].[IsDeleted] = CAST(0 AS bit) AND [p].[PaymentDate] >= @__mStart_0 AND [p].[PaymentDate] < @__mEnd_1
info: Microsoft.EntityFrameworkCore.Database.Command[20101]
      Executed DbCommand (0ms) [Parameters=[@__mStart_0='?' (DbType = DateTime2), @__mEnd_1='?' (DbType = DateTime2)], CommandType='Text', CommandTimeout='30']
      SELECT COALESCE(SUM([e].[Amount]), 0.0)
      FROM [Expenses] AS [e]
      WHERE [e].[IsDeleted] = CAST(0 AS bit) AND [e].[ExpenseDate] >= @__mStart_0 AND [e].[ExpenseDate] < @__mEnd_1
info: Microsoft.EntityFrameworkCore.Database.Command[20101]
      Executed DbCommand (0ms) [Parameters=[@__mStart_0='?' (DbType = DateTime2), @__mEnd_1='?' (DbType = DateTime2)], CommandType='Text', CommandTimeout='30']
      SELECT COALESCE(SUM([p].[Amount]), 0.0)
      FROM [Payments] AS [p]
      WHERE [p].[IsDeleted] = CAST(0 AS bit) AND [p].[PaymentDate] >= @__mStart_0 AND [p].[PaymentDate] < @__mEnd_1
info: Microsoft.EntityFrameworkCore.Database.Command[20101]
      Executed DbCommand (0ms) [Parameters=[@__mStart_0='?' (DbType = DateTime2), @__mEnd_1='?' (DbType = DateTime2)], CommandType='Text', CommandTimeout='30']
      SELECT COALESCE(SUM([e].[Amount]), 0.0)
      FROM [Expenses] AS [e]
      WHERE [e].[IsDeleted] = CAST(0 AS bit) AND [e].[ExpenseDate] >= @__mStart_0 AND [e].[ExpenseDate] < @__mEnd_1
info: Microsoft.EntityFrameworkCore.Database.Command[20101]
      Executed DbCommand (0ms) [Parameters=[@__mStart_0='?' (DbType = DateTime2), @__mEnd_1='?' (DbType = DateTime2)], CommandType='Text', CommandTimeout='30']
      SELECT COALESCE(SUM([p].[Amount]), 0.0)
      FROM [Payments] AS [p]
      WHERE [p].[IsDeleted] = CAST(0 AS bit) AND [p].[PaymentDate] >= @__mStart_0 AND [p].[PaymentDate] < @__mEnd_1
info: Microsoft.EntityFrameworkCore.Database.Command[20101]
      Executed DbCommand (1ms) [Parameters=[@__mStart_0='?' (DbType = DateTime2), @__mEnd_1='?' (DbType = DateTime2)], CommandType='Text', CommandTimeout='30']
      SELECT COALESCE(SUM([e].[Amount]), 0.0)
      FROM [Expenses] AS [e]
      WHERE [e].[IsDeleted] = CAST(0 AS bit) AND [e].[ExpenseDate] >= @__mStart_0 AND [e].[ExpenseDate] < @__mEnd_1
info: Microsoft.EntityFrameworkCore.Database.Command[20101]
      Executed DbCommand (1ms) [Parameters=[@__mStart_0='?' (DbType = DateTime2), @__mEnd_1='?' (DbType = DateTime2)], CommandType='Text', CommandTimeout='30']
      SELECT COALESCE(SUM([p].[Amount]), 0.0)
      FROM [Payments] AS [p]
      WHERE [p].[IsDeleted] = CAST(0 AS bit) AND [p].[PaymentDate] >= @__mStart_0 AND [p].[PaymentDate] < @__mEnd_1
info: Microsoft.EntityFrameworkCore.Database.Command[20101]
      Executed DbCommand (0ms) [Parameters=[@__mStart_0='?' (DbType = DateTime2), @__mEnd_1='?' (DbType = DateTime2)], CommandType='Text', CommandTimeout='30']
      SELECT COALESCE(SUM([e].[Amount]), 0.0)
      FROM [Expenses] AS [e]
      WHERE [e].[IsDeleted] = CAST(0 AS bit) AND [e].[ExpenseDate] >= @__mStart_0 AND [e].[ExpenseDate] < @__mEnd_1
info: Microsoft.EntityFrameworkCore.Database.Command[20101]
      Executed DbCommand (0ms) [Parameters=[@__mStart_0='?' (DbType = DateTime2), @__mEnd_1='?' (DbType = DateTime2)], CommandType='Text', CommandTimeout='30']
      SELECT COALESCE(SUM([p].[Amount]), 0.0)
      FROM [Payments] AS [p]
      WHERE [p].[IsDeleted] = CAST(0 AS bit) AND [p].[PaymentDate] >= @__mStart_0 AND [p].[PaymentDate] < @__mEnd_1
info: Microsoft.EntityFrameworkCore.Database.Command[20101]
      Executed DbCommand (0ms) [Parameters=[@__mStart_0='?' (DbType = DateTime2), @__mEnd_1='?' (DbType = DateTime2)], CommandType='Text', CommandTimeout='30']
      SELECT COALESCE(SUM([e].[Amount]), 0.0)
      FROM [Expenses] AS [e]
      WHERE [e].[IsDeleted] = CAST(0 AS bit) AND [e].[ExpenseDate] >= @__mStart_0 AND [e].[ExpenseDate] < @__mEnd_1
info: Microsoft.EntityFrameworkCore.Database.Command[20101]
      Executed DbCommand (0ms) [Parameters=[@__mStart_0='?' (DbType = DateTime2), @__mEnd_1='?' (DbType = DateTime2)], CommandType='Text', CommandTimeout='30']
      SELECT COALESCE(SUM([p].[Amount]), 0.0)
      FROM [Payments] AS [p]
      WHERE [p].[IsDeleted] = CAST(0 AS bit) AND [p].[PaymentDate] >= @__mStart_0 AND [p].[PaymentDate] < @__mEnd_1
info: Microsoft.EntityFrameworkCore.Database.Command[20101]
      Executed DbCommand (0ms) [Parameters=[@__mStart_0='?' (DbType = DateTime2), @__mEnd_1='?' (DbType = DateTime2)], CommandType='Text', CommandTimeout='30']
      SELECT COALESCE(SUM([e].[Amount]), 0.0)
      FROM [Expenses] AS [e]
      WHERE [e].[IsDeleted] = CAST(0 AS bit) AND [e].[ExpenseDate] >= @__mStart_0 AND [e].[ExpenseDate] < @__mEnd_1
info: Microsoft.EntityFrameworkCore.Database.Command[20101]
      Executed DbCommand (0ms) [Parameters=[@__mStart_0='?' (DbType = DateTime2), @__mEnd_1='?' (DbType = DateTime2)], CommandType='Text', CommandTimeout='30']
      SELECT COALESCE(SUM([p].[Amount]), 0.0)
      FROM [Payments] AS [p]
      WHERE [p].[IsDeleted] = CAST(0 AS bit) AND [p].[PaymentDate] >= @__mStart_0 AND [p].[PaymentDate] < @__mEnd_1
info: Microsoft.EntityFrameworkCore.Database.Command[20101]
      Executed DbCommand (0ms) [Parameters=[@__mStart_0='?' (DbType = DateTime2), @__mEnd_1='?' (DbType = DateTime2)], CommandType='Text', CommandTimeout='30']
      SELECT COALESCE(SUM([e].[Amount]), 0.0)
      FROM [Expenses] AS [e]
      WHERE [e].[IsDeleted] = CAST(0 AS bit) AND [e].[ExpenseDate] >= @__mStart_0 AND [e].[ExpenseDate] < @__mEnd_1
info: Microsoft.EntityFrameworkCore.Database.Command[20101]
      Executed DbCommand (0ms) [Parameters=[@__mStart_0='?' (DbType = DateTime2), @__mEnd_1='?' (DbType = DateTime2)], CommandType='Text', CommandTimeout='30']
      SELECT COALESCE(SUM([p].[Amount]), 0.0)
      FROM [Payments] AS [p]
      WHERE [p].[IsDeleted] = CAST(0 AS bit) AND [p].[PaymentDate] >= @__mStart_0 AND [p].[PaymentDate] < @__mEnd_1
info: Microsoft.EntityFrameworkCore.Database.Command[20101]
      Executed DbCommand (0ms) [Parameters=[@__mStart_0='?' (DbType = DateTime2), @__mEnd_1='?' (DbType = DateTime2)], CommandType='Text', CommandTimeout='30']
      SELECT COALESCE(SUM([e].[Amount]), 0.0)
      FROM [Expenses] AS [e]
      WHERE [e].[IsDeleted] = CAST(0 AS bit) AND [e].[ExpenseDate] >= @__mStart_0 AND [e].[ExpenseDate] < @__mEnd_1
info: Microsoft.EntityFrameworkCore.Database.Command[20101]
      Executed DbCommand (5ms) [Parameters=[@__p_0='?' (DbType = Int32)], CommandType='Text', CommandTimeout='30']
      SELECT [t].[AppointmentCode], [t0].[FullName], [t].[CreatedDate]
      FROM (
          SELECT TOP(@__p_0) [a].[AppointmentCode], [a].[CreatedDate], [a].[PatientId]
          FROM [Appointments] AS [a]
          WHERE [a].[IsDeleted] = CAST(0 AS bit)
          ORDER BY [a].[CreatedDate] DESC
      ) AS [t]
      INNER JOIN (
          SELECT [p].[Id], [p].[FullName]
          FROM [Patients] AS [p]
          WHERE [p].[IsDeleted] = CAST(0 AS bit)
      ) AS [t0] ON [t].[PatientId] = [t0].[Id]
      ORDER BY [t].[CreatedDate] DESC
info: Microsoft.EntityFrameworkCore.Database.Command[20101]
      Executed DbCommand (2ms) [Parameters=[@__p_0='?' (DbType = Int32)], CommandType='Text', CommandTimeout='30']
      SELECT TOP(@__p_0) [p].[PaymentNumber], [p].[Amount], [p].[CreatedDate]
      FROM [Payments] AS [p]
      WHERE [p].[IsDeleted] = CAST(0 AS bit)
      ORDER BY [p].[CreatedDate] DESC
info: Microsoft.EntityFrameworkCore.Database.Command[20101]
      Executed DbCommand (5ms) [Parameters=[@__p_1='?' (DbType = Int32), @__today_0='?' (DbType = DateTime2)], CommandType='Text', CommandTimeout='30']
      SELECT [t].[Id], [t].[AppointmentCode], [t].[PatientId], [t0].[FullName], [t].[DoctorId], [t1].[FullName], [t1].[Specialization], [t].[AppointmentDate], [t].[AppointmentTime], [t].[DurationMinutes], [t].[Status], [t].[Notes], [t].[Diagnosis], [t].[Prescription], [t].[Fee], [t].[IsPaid], [t].[CreatedDate]
      FROM (
          SELECT TOP(@__p_1) [a].[Id], [a].[AppointmentCode], [a].[AppointmentDate], [a].[AppointmentTime], [a].[CreatedDate], [a].[Diagnosis], [a].[DoctorId], [a].[DurationMinutes], [a].[Fee], [a].[IsPaid], [a].[Notes], [a].[PatientId], [a].[Prescription], [a].[Status]
          FROM [Appointments] AS [a]
          WHERE [a].[IsDeleted] = CAST(0 AS bit) AND CONVERT(date, [a].[AppointmentDate]) = @__today_0
          ORDER BY [a].[AppointmentTime]
      ) AS [t]
      INNER JOIN (
          SELECT [p].[Id], [p].[FullName]
          FROM [Patients] AS [p]
          WHERE [p].[IsDeleted] = CAST(0 AS bit)
      ) AS [t0] ON [t].[PatientId] = [t0].[Id]
      INNER JOIN (
          SELECT [d].[Id], [d].[FullName], [d].[Specialization]
          FROM [Doctors] AS [d]
          WHERE [d].[IsDeleted] = CAST(0 AS bit)
      ) AS [t1] ON [t].[DoctorId] = [t1].[Id]
      ORDER BY [t].[AppointmentTime]
info: Microsoft.EntityFrameworkCore.Database.Command[20101]
      Executed DbCommand (4ms) [Parameters=[@__p_0='?' (DbType = Int32)], CommandType='Text', CommandTimeout='30']
      SELECT TOP(@__p_0) [t].[FullName] AS [DoctorName], [t].[Specialization], COUNT(*) AS [AppointmentCount]
      FROM [Appointments] AS [a]
      INNER JOIN (
          SELECT [d].[Id], [d].[FullName], [d].[Specialization]
          FROM [Doctors] AS [d]
          WHERE [d].[IsDeleted] = CAST(0 AS bit)
      ) AS [t] ON [a].[DoctorId] = [t].[Id]
      WHERE [a].[IsDeleted] = CAST(0 AS bit)
      GROUP BY [a].[DoctorId], [t].[FullName], [t].[Specialization]
      ORDER BY COUNT(*) DESC
info: Microsoft.EntityFrameworkCore.Database.Command[20101]
      Executed DbCommand (1ms) [Parameters=[], CommandType='Text', CommandTimeout='30']
      SELECT COUNT(*)
      FROM [Prescriptions] AS [p]
      WHERE [p].[IsDeleted] = CAST(0 AS bit) AND [p].[Status] IN (N'Pending', N'Partially Dispensed')
info: Microsoft.EntityFrameworkCore.Database.Command[20101]
      Executed DbCommand (2ms) [Parameters=[], CommandType='Text', CommandTimeout='30']
      SELECT COUNT(*)
      FROM [LabRequests] AS [l]
      WHERE [l].[IsDeleted] = CAST(0 AS bit) AND [l].[Status] IN (N'Pending', N'Partial')
info: Microsoft.EntityFrameworkCore.Database.Command[20101]
      Executed DbCommand (1ms) [Parameters=[], CommandType='Text', CommandTimeout='30']
      SELECT COUNT(*)
      FROM [RadiologyRequests] AS [r]
      WHERE [r].[IsDeleted] = CAST(0 AS bit) AND [r].[Status] = N'Pending'
info: Microsoft.EntityFrameworkCore.Database.Command[20101]
      Executed DbCommand (4ms) [Parameters=[@__monthStart_0='?' (DbType = DateTime2)], CommandType='Text', CommandTimeout='30']
      SELECT COALESCE(SUM([t].[Quantity] * [t0].[SalePrice]), 0.0)
      FROM [Prescriptions] AS [p]
      INNER JOIN (
          SELECT [p0].[ItemId], [p0].[PrescriptionId], [p0].[Quantity]
          FROM [PrescriptionItems] AS [p0]
          WHERE [p0].[IsDeleted] = CAST(0 AS bit)
      ) AS [t] ON [p].[Id] = [t].[PrescriptionId]
      INNER JOIN (
          SELECT [i].[Id], [i].[SalePrice]
          FROM [Items] AS [i]
          WHERE [i].[IsDeleted] = CAST(0 AS bit)
      ) AS [t0] ON [t].[ItemId] = [t0].[Id]
      WHERE [p].[IsDeleted] = CAST(0 AS bit) AND [p].[PrescriptionDate] >= @__monthStart_0
info: Microsoft.EntityFrameworkCore.Database.Command[20101]
      Executed DbCommand (5ms) [Parameters=[], CommandType='Text', CommandTimeout='30']
      SELECT COALESCE(SUM([w].[Quantity] * [t].[PurchasePrice]), 0.0)
      FROM [WarehouseStocks] AS [w]
      INNER JOIN (
          SELECT [i].[Id], [i].[PurchasePrice]
          FROM [Items] AS [i]
          WHERE [i].[IsDeleted] = CAST(0 AS bit)
      ) AS [t] ON [w].[ItemId] = [t].[Id]
info: Microsoft.EntityFrameworkCore.Database.Command[20101]
      Executed DbCommand (1ms) [Parameters=[], CommandType='Text', CommandTimeout='30']
      SELECT COUNT(*)
      FROM [Beds] AS [b]
      WHERE [b].[IsDeleted] = CAST(0 AS bit)
info: Microsoft.EntityFrameworkCore.Database.Command[20101]
      Executed DbCommand (1ms) [Parameters=[], CommandType='Text', CommandTimeout='30']
      SELECT COUNT(*)
      FROM [Beds] AS [b]
      WHERE [b].[IsDeleted] = CAST(0 AS bit) AND [b].[Status] = N'Occupied'
info: Microsoft.EntityFrameworkCore.Database.Command[20101]
      Executed DbCommand (4ms) [Parameters=[@__userId_0='?' (DbType = Int32)], CommandType='Text', CommandTimeout='30']
      SELECT COUNT(*)
      FROM [Notifications] AS [n]
      WHERE ([n].[UserId] = @__userId_0 OR [n].[UserId] IS NULL) AND [n].[IsRead] = CAST(0 AS bit)
info: Microsoft.EntityFrameworkCore.Database.Command[20101]
      Executed DbCommand (3ms) [Parameters=[], CommandType='Text', CommandTimeout='30']
      SELECT COUNT(*)
      FROM [Patients] AS [p]
      WHERE [p].[IsDeleted] = CAST(0 AS bit)
info: Microsoft.EntityFrameworkCore.Database.Command[20101]
      Executed DbCommand (2ms) [Parameters=[@__today_0='?' (DbType = DateTime2)], CommandType='Text', CommandTimeout='30']
      SELECT COUNT(*)
      FROM [Appointments] AS [a]
      WHERE [a].[IsDeleted] = CAST(0 AS bit) AND CONVERT(date, [a].[AppointmentDate]) = @__today_0
info: Microsoft.EntityFrameworkCore.Database.Command[20101]
      Executed DbCommand (3ms) [Parameters=[], CommandType='Text', CommandTimeout='30']
      SELECT COUNT(*)
      FROM [Appointments] AS [a]
      WHERE [a].[IsDeleted] = CAST(0 AS bit) AND [a].[Status] IN (1, 2)
info: Microsoft.EntityFrameworkCore.Database.Command[20101]
      Executed DbCommand (2ms) [Parameters=[], CommandType='Text', CommandTimeout='30']
      SELECT COUNT(*)
      FROM [Doctors] AS [d]
      WHERE [d].[IsDeleted] = CAST(0 AS bit)
info: Microsoft.EntityFrameworkCore.Database.Command[20101]
      Executed DbCommand (1ms) [Parameters=[], CommandType='Text', CommandTimeout='30']
      SELECT COUNT(*)
      FROM [Employees] AS [e]
      WHERE [e].[IsDeleted] = CAST(0 AS bit)
info: Microsoft.EntityFrameworkCore.Database.Command[20101]
      Executed DbCommand (1ms) [Parameters=[], CommandType='Text', CommandTimeout='30']
      SELECT COUNT(*)
      FROM [WarehouseStocks] AS [w]
      WHERE [w].[Quantity] <= [w].[ReorderLevel]
info: Microsoft.EntityFrameworkCore.Database.Command[20101]
      Executed DbCommand (3ms) [Parameters=[], CommandType='Text', CommandTimeout='30']
      SELECT COUNT(*)
      FROM [Invoices] AS [i]
      WHERE [i].[IsDeleted] = CAST(0 AS bit) AND [i].[Status] = 1
info: Microsoft.EntityFrameworkCore.Database.Command[20101]
      Executed DbCommand (2ms) [Parameters=[@__today_0='?' (DbType = DateTime2), @__expiryThreshold_1='?' (DbType = DateTime2)], CommandType='Text', CommandTimeout='30']
      SELECT COUNT(*)
      FROM [ItemBatches] AS [i]
      WHERE [i].[IsDeleted] = CAST(0 AS bit) AND [i].[Status] = N'Active' AND [i].[ExpiryDate] > @__today_0 AND [i].[ExpiryDate] <= @__expiryThreshold_1
info: Microsoft.EntityFrameworkCore.Database.Command[20101]
      Executed DbCommand (3ms) [Parameters=[@__today_0='?' (DbType = DateTime2)], CommandType='Text', CommandTimeout='30']
      SELECT COALESCE(SUM([p].[Amount]), 0.0)
      FROM [Payments] AS [p]
      WHERE [p].[IsDeleted] = CAST(0 AS bit) AND CONVERT(date, [p].[PaymentDate]) = @__today_0
info: Microsoft.EntityFrameworkCore.Database.Command[20101]
      Executed DbCommand (2ms) [Parameters=[@__monthStart_0='?' (DbType = DateTime2)], CommandType='Text', CommandTimeout='30']
      SELECT COALESCE(SUM([p].[Amount]), 0.0)
      FROM [Payments] AS [p]
      WHERE [p].[IsDeleted] = CAST(0 AS bit) AND [p].[PaymentDate] >= @__monthStart_0
info: Microsoft.EntityFrameworkCore.Database.Command[20101]
      Executed DbCommand (1ms) [Parameters=[], CommandType='Text', CommandTimeout='30']
      SELECT COALESCE(SUM([p].[Amount]), 0.0)
      FROM [Payments] AS [p]
      WHERE [p].[IsDeleted] = CAST(0 AS bit)
info: Microsoft.EntityFrameworkCore.Database.Command[20101]
      Executed DbCommand (2ms) [Parameters=[], CommandType='Text', CommandTimeout='30']
      SELECT COALESCE(SUM([i].[TotalAmount] - [i].[PaidAmount]), 0.0)
      FROM [Invoices] AS [i]
      WHERE [i].[IsDeleted] = CAST(0 AS bit)
info: Microsoft.EntityFrameworkCore.Database.Command[20101]
      Executed DbCommand (2ms) [Parameters=[@__mStart_0='?' (DbType = DateTime2), @__mEnd_1='?' (DbType = DateTime2)], CommandType='Text', CommandTimeout='30']
      SELECT COALESCE(SUM([p].[Amount]), 0.0)
      FROM [Payments] AS [p]
      WHERE [p].[IsDeleted] = CAST(0 AS bit) AND [p].[PaymentDate] >= @__mStart_0 AND [p].[PaymentDate] < @__mEnd_1
info: Microsoft.EntityFrameworkCore.Database.Command[20101]
      Executed DbCommand (2ms) [Parameters=[@__mStart_0='?' (DbType = DateTime2), @__mEnd_1='?' (DbType = DateTime2)], CommandType='Text', CommandTimeout='30']
      SELECT COALESCE(SUM([e].[Amount]), 0.0)
      FROM [Expenses] AS [e]
      WHERE [e].[IsDeleted] = CAST(0 AS bit) AND [e].[ExpenseDate] >= @__mStart_0 AND [e].[ExpenseDate] < @__mEnd_1
info: Microsoft.EntityFrameworkCore.Database.Command[20101]
      Executed DbCommand (0ms) [Parameters=[@__mStart_0='?' (DbType = DateTime2), @__mEnd_1='?' (DbType = DateTime2)], CommandType='Text', CommandTimeout='30']
      SELECT COALESCE(SUM([p].[Amount]), 0.0)
      FROM [Payments] AS [p]
      WHERE [p].[IsDeleted] = CAST(0 AS bit) AND [p].[PaymentDate] >= @__mStart_0 AND [p].[PaymentDate] < @__mEnd_1
info: Microsoft.EntityFrameworkCore.Database.Command[20101]
      Executed DbCommand (0ms) [Parameters=[@__mStart_0='?' (DbType = DateTime2), @__mEnd_1='?' (DbType = DateTime2)], CommandType='Text', CommandTimeout='30']
      SELECT COALESCE(SUM([e].[Amount]), 0.0)
      FROM [Expenses] AS [e]
      WHERE [e].[IsDeleted] = CAST(0 AS bit) AND [e].[ExpenseDate] >= @__mStart_0 AND [e].[ExpenseDate] < @__mEnd_1
info: Microsoft.EntityFrameworkCore.Database.Command[20101]
      Executed DbCommand (0ms) [Parameters=[@__mStart_0='?' (DbType = DateTime2), @__mEnd_1='?' (DbType = DateTime2)], CommandType='Text', CommandTimeout='30']
      SELECT COALESCE(SUM([p].[Amount]), 0.0)
      FROM [Payments] AS [p]
      WHERE [p].[IsDeleted] = CAST(0 AS bit) AND [p].[PaymentDate] >= @__mStart_0 AND [p].[PaymentDate] < @__mEnd_1
info: Microsoft.EntityFrameworkCore.Database.Command[20101]
      Executed DbCommand (0ms) [Parameters=[@__mStart_0='?' (DbType = DateTime2), @__mEnd_1='?' (DbType = DateTime2)], CommandType='Text', CommandTimeout='30']
      SELECT COALESCE(SUM([e].[Amount]), 0.0)
      FROM [Expenses] AS [e]
      WHERE [e].[IsDeleted] = CAST(0 AS bit) AND [e].[ExpenseDate] >= @__mStart_0 AND [e].[ExpenseDate] < @__mEnd_1
info: Microsoft.EntityFrameworkCore.Database.Command[20101]
      Executed DbCommand (0ms) [Parameters=[@__mStart_0='?' (DbType = DateTime2), @__mEnd_1='?' (DbType = DateTime2)], CommandType='Text', CommandTimeout='30']
      SELECT COALESCE(SUM([p].[Amount]), 0.0)
      FROM [Payments] AS [p]
      WHERE [p].[IsDeleted] = CAST(0 AS bit) AND [p].[PaymentDate] >= @__mStart_0 AND [p].[PaymentDate] < @__mEnd_1
info: Microsoft.EntityFrameworkCore.Database.Command[20101]
      Executed DbCommand (1ms) [Parameters=[@__mStart_0='?' (DbType = DateTime2), @__mEnd_1='?' (DbType = DateTime2)], CommandType='Text', CommandTimeout='30']
      SELECT COALESCE(SUM([e].[Amount]), 0.0)
      FROM [Expenses] AS [e]
      WHERE [e].[IsDeleted] = CAST(0 AS bit) AND [e].[ExpenseDate] >= @__mStart_0 AND [e].[ExpenseDate] < @__mEnd_1
info: Microsoft.EntityFrameworkCore.Database.Command[20101]
      Executed DbCommand (1ms) [Parameters=[@__mStart_0='?' (DbType = DateTime2), @__mEnd_1='?' (DbType = DateTime2)], CommandType='Text', CommandTimeout='30']
      SELECT COALESCE(SUM([p].[Amount]), 0.0)
      FROM [Payments] AS [p]
      WHERE [p].[IsDeleted] = CAST(0 AS bit) AND [p].[PaymentDate] >= @__mStart_0 AND [p].[PaymentDate] < @__mEnd_1
info: Microsoft.EntityFrameworkCore.Database.Command[20101]
      Executed DbCommand (1ms) [Parameters=[@__mStart_0='?' (DbType = DateTime2), @__mEnd_1='?' (DbType = DateTime2)], CommandType='Text', CommandTimeout='30']
      SELECT COALESCE(SUM([e].[Amount]), 0.0)
      FROM [Expenses] AS [e]
      WHERE [e].[IsDeleted] = CAST(0 AS bit) AND [e].[ExpenseDate] >= @__mStart_0 AND [e].[ExpenseDate] < @__mEnd_1
info: Microsoft.EntityFrameworkCore.Database.Command[20101]
      Executed DbCommand (1ms) [Parameters=[@__mStart_0='?' (DbType = DateTime2), @__mEnd_1='?' (DbType = DateTime2)], CommandType='Text', CommandTimeout='30']
      SELECT COALESCE(SUM([p].[Amount]), 0.0)
      FROM [Payments] AS [p]
      WHERE [p].[IsDeleted] = CAST(0 AS bit) AND [p].[PaymentDate] >= @__mStart_0 AND [p].[PaymentDate] < @__mEnd_1
info: Microsoft.EntityFrameworkCore.Database.Command[20101]
      Executed DbCommand (0ms) [Parameters=[@__mStart_0='?' (DbType = DateTime2), @__mEnd_1='?' (DbType = DateTime2)], CommandType='Text', CommandTimeout='30']
      SELECT COALESCE(SUM([e].[Amount]), 0.0)
      FROM [Expenses] AS [e]
      WHERE [e].[IsDeleted] = CAST(0 AS bit) AND [e].[ExpenseDate] >= @__mStart_0 AND [e].[ExpenseDate] < @__mEnd_1
info: Microsoft.EntityFrameworkCore.Database.Command[20101]
      Executed DbCommand (0ms) [Parameters=[@__mStart_0='?' (DbType = DateTime2), @__mEnd_1='?' (DbType = DateTime2)], CommandType='Text', CommandTimeout='30']
      SELECT COALESCE(SUM([p].[Amount]), 0.0)
      FROM [Payments] AS [p]
      WHERE [p].[IsDeleted] = CAST(0 AS bit) AND [p].[PaymentDate] >= @__mStart_0 AND [p].[PaymentDate] < @__mEnd_1
info: Microsoft.EntityFrameworkCore.Database.Command[20101]
      Executed DbCommand (1ms) [Parameters=[@__mStart_0='?' (DbType = DateTime2), @__mEnd_1='?' (DbType = DateTime2)], CommandType='Text', CommandTimeout='30']
      SELECT COALESCE(SUM([e].[Amount]), 0.0)
      FROM [Expenses] AS [e]
      WHERE [e].[IsDeleted] = CAST(0 AS bit) AND [e].[ExpenseDate] >= @__mStart_0 AND [e].[ExpenseDate] < @__mEnd_1
info: Microsoft.EntityFrameworkCore.Database.Command[20101]
      Executed DbCommand (0ms) [Parameters=[@__mStart_0='?' (DbType = DateTime2), @__mEnd_1='?' (DbType = DateTime2)], CommandType='Text', CommandTimeout='30']
      SELECT COALESCE(SUM([p].[Amount]), 0.0)
      FROM [Payments] AS [p]
      WHERE [p].[IsDeleted] = CAST(0 AS bit) AND [p].[PaymentDate] >= @__mStart_0 AND [p].[PaymentDate] < @__mEnd_1
info: Microsoft.EntityFrameworkCore.Database.Command[20101]
      Executed DbCommand (1ms) [Parameters=[@__mStart_0='?' (DbType = DateTime2), @__mEnd_1='?' (DbType = DateTime2)], CommandType='Text', CommandTimeout='30']
      SELECT COALESCE(SUM([e].[Amount]), 0.0)
      FROM [Expenses] AS [e]
      WHERE [e].[IsDeleted] = CAST(0 AS bit) AND [e].[ExpenseDate] >= @__mStart_0 AND [e].[ExpenseDate] < @__mEnd_1
info: Microsoft.EntityFrameworkCore.Database.Command[20101]
      Executed DbCommand (1ms) [Parameters=[@__mStart_0='?' (DbType = DateTime2), @__mEnd_1='?' (DbType = DateTime2)], CommandType='Text', CommandTimeout='30']
      SELECT COALESCE(SUM([p].[Amount]), 0.0)
      FROM [Payments] AS [p]
      WHERE [p].[IsDeleted] = CAST(0 AS bit) AND [p].[PaymentDate] >= @__mStart_0 AND [p].[PaymentDate] < @__mEnd_1
info: Microsoft.EntityFrameworkCore.Database.Command[20101]
      Executed DbCommand (0ms) [Parameters=[@__mStart_0='?' (DbType = DateTime2), @__mEnd_1='?' (DbType = DateTime2)], CommandType='Text', CommandTimeout='30']
      SELECT COALESCE(SUM([e].[Amount]), 0.0)
      FROM [Expenses] AS [e]
      WHERE [e].[IsDeleted] = CAST(0 AS bit) AND [e].[ExpenseDate] >= @__mStart_0 AND [e].[ExpenseDate] < @__mEnd_1
info: Microsoft.EntityFrameworkCore.Database.Command[20101]
      Executed DbCommand (0ms) [Parameters=[@__mStart_0='?' (DbType = DateTime2), @__mEnd_1='?' (DbType = DateTime2)], CommandType='Text', CommandTimeout='30']
      SELECT COALESCE(SUM([p].[Amount]), 0.0)
      FROM [Payments] AS [p]
      WHERE [p].[IsDeleted] = CAST(0 AS bit) AND [p].[PaymentDate] >= @__mStart_0 AND [p].[PaymentDate] < @__mEnd_1
info: Microsoft.EntityFrameworkCore.Database.Command[20101]
      Executed DbCommand (0ms) [Parameters=[@__mStart_0='?' (DbType = DateTime2), @__mEnd_1='?' (DbType = DateTime2)], CommandType='Text', CommandTimeout='30']
      SELECT COALESCE(SUM([e].[Amount]), 0.0)
      FROM [Expenses] AS [e]
      WHERE [e].[IsDeleted] = CAST(0 AS bit) AND [e].[ExpenseDate] >= @__mStart_0 AND [e].[ExpenseDate] < @__mEnd_1
info: Microsoft.EntityFrameworkCore.Database.Command[20101]
      Executed DbCommand (0ms) [Parameters=[@__mStart_0='?' (DbType = DateTime2), @__mEnd_1='?' (DbType = DateTime2)], CommandType='Text', CommandTimeout='30']
      SELECT COALESCE(SUM([p].[Amount]), 0.0)
      FROM [Payments] AS [p]
      WHERE [p].[IsDeleted] = CAST(0 AS bit) AND [p].[PaymentDate] >= @__mStart_0 AND [p].[PaymentDate] < @__mEnd_1
info: Microsoft.EntityFrameworkCore.Database.Command[20101]
      Executed DbCommand (0ms) [Parameters=[@__mStart_0='?' (DbType = DateTime2), @__mEnd_1='?' (DbType = DateTime2)], CommandType='Text', CommandTimeout='30']
      SELECT COALESCE(SUM([e].[Amount]), 0.0)
      FROM [Expenses] AS [e]
      WHERE [e].[IsDeleted] = CAST(0 AS bit) AND [e].[ExpenseDate] >= @__mStart_0 AND [e].[ExpenseDate] < @__mEnd_1
info: Microsoft.EntityFrameworkCore.Database.Command[20101]
      Executed DbCommand (0ms) [Parameters=[@__mStart_0='?' (DbType = DateTime2), @__mEnd_1='?' (DbType = DateTime2)], CommandType='Text', CommandTimeout='30']
      SELECT COALESCE(SUM([p].[Amount]), 0.0)
      FROM [Payments] AS [p]
      WHERE [p].[IsDeleted] = CAST(0 AS bit) AND [p].[PaymentDate] >= @__mStart_0 AND [p].[PaymentDate] < @__mEnd_1
info: Microsoft.EntityFrameworkCore.Database.Command[20101]
      Executed DbCommand (0ms) [Parameters=[@__mStart_0='?' (DbType = DateTime2), @__mEnd_1='?' (DbType = DateTime2)], CommandType='Text', CommandTimeout='30']
      SELECT COALESCE(SUM([e].[Amount]), 0.0)
      FROM [Expenses] AS [e]
      WHERE [e].[IsDeleted] = CAST(0 AS bit) AND [e].[ExpenseDate] >= @__mStart_0 AND [e].[ExpenseDate] < @__mEnd_1
info: Microsoft.EntityFrameworkCore.Database.Command[20101]
      Executed DbCommand (4ms) [Parameters=[@__p_0='?' (DbType = Int32)], CommandType='Text', CommandTimeout='30']
      SELECT [t].[AppointmentCode], [t0].[FullName], [t].[CreatedDate]
      FROM (
          SELECT TOP(@__p_0) [a].[AppointmentCode], [a].[CreatedDate], [a].[PatientId]
          FROM [Appointments] AS [a]
          WHERE [a].[IsDeleted] = CAST(0 AS bit)
          ORDER BY [a].[CreatedDate] DESC
      ) AS [t]
      INNER JOIN (
          SELECT [p].[Id], [p].[FullName]
          FROM [Patients] AS [p]
          WHERE [p].[IsDeleted] = CAST(0 AS bit)
      ) AS [t0] ON [t].[PatientId] = [t0].[Id]
      ORDER BY [t].[CreatedDate] DESC
info: Microsoft.EntityFrameworkCore.Database.Command[20101]
      Executed DbCommand (1ms) [Parameters=[@__p_0='?' (DbType = Int32)], CommandType='Text', CommandTimeout='30']
      SELECT TOP(@__p_0) [p].[PaymentNumber], [p].[Amount], [p].[CreatedDate]
      FROM [Payments] AS [p]
      WHERE [p].[IsDeleted] = CAST(0 AS bit)
      ORDER BY [p].[CreatedDate] DESC
info: Microsoft.EntityFrameworkCore.Database.Command[20101]
      Executed DbCommand (6ms) [Parameters=[@__p_1='?' (DbType = Int32), @__today_0='?' (DbType = DateTime2)], CommandType='Text', CommandTimeout='30']
      SELECT [t].[Id], [t].[AppointmentCode], [t].[PatientId], [t0].[FullName], [t].[DoctorId], [t1].[FullName], [t1].[Specialization], [t].[AppointmentDate], [t].[AppointmentTime], [t].[DurationMinutes], [t].[Status], [t].[Notes], [t].[Diagnosis], [t].[Prescription], [t].[Fee], [t].[IsPaid], [t].[CreatedDate]
      FROM (
          SELECT TOP(@__p_1) [a].[Id], [a].[AppointmentCode], [a].[AppointmentDate], [a].[AppointmentTime], [a].[CreatedDate], [a].[Diagnosis], [a].[DoctorId], [a].[DurationMinutes], [a].[Fee], [a].[IsPaid], [a].[Notes], [a].[PatientId], [a].[Prescription], [a].[Status]
          FROM [Appointments] AS [a]
          WHERE [a].[IsDeleted] = CAST(0 AS bit) AND CONVERT(date, [a].[AppointmentDate]) = @__today_0
          ORDER BY [a].[AppointmentTime]
      ) AS [t]
      INNER JOIN (
          SELECT [p].[Id], [p].[FullName]
          FROM [Patients] AS [p]
          WHERE [p].[IsDeleted] = CAST(0 AS bit)
      ) AS [t0] ON [t].[PatientId] = [t0].[Id]
      INNER JOIN (
          SELECT [d].[Id], [d].[FullName], [d].[Specialization]
          FROM [Doctors] AS [d]
          WHERE [d].[IsDeleted] = CAST(0 AS bit)
      ) AS [t1] ON [t].[DoctorId] = [t1].[Id]
      ORDER BY [t].[AppointmentTime]
info: Microsoft.EntityFrameworkCore.Database.Command[20101]
      Executed DbCommand (4ms) [Parameters=[@__p_0='?' (DbType = Int32)], CommandType='Text', CommandTimeout='30']
      SELECT TOP(@__p_0) [t].[FullName] AS [DoctorName], [t].[Specialization], COUNT(*) AS [AppointmentCount]
      FROM [Appointments] AS [a]
      INNER JOIN (
          SELECT [d].[Id], [d].[FullName], [d].[Specialization]
          FROM [Doctors] AS [d]
          WHERE [d].[IsDeleted] = CAST(0 AS bit)
      ) AS [t] ON [a].[DoctorId] = [t].[Id]
      WHERE [a].[IsDeleted] = CAST(0 AS bit)
      GROUP BY [a].[DoctorId], [t].[FullName], [t].[Specialization]
      ORDER BY COUNT(*) DESC
info: Microsoft.EntityFrameworkCore.Database.Command[20101]
      Executed DbCommand (2ms) [Parameters=[], CommandType='Text', CommandTimeout='30']
      SELECT COUNT(*)
      FROM [Prescriptions] AS [p]
      WHERE [p].[IsDeleted] = CAST(0 AS bit) AND [p].[Status] IN (N'Pending', N'Partially Dispensed')
info: Microsoft.EntityFrameworkCore.Database.Command[20101]
      Executed DbCommand (1ms) [Parameters=[], CommandType='Text', CommandTimeout='30']
      SELECT COUNT(*)
      FROM [LabRequests] AS [l]
      WHERE [l].[IsDeleted] = CAST(0 AS bit) AND [l].[Status] IN (N'Pending', N'Partial')
info: Microsoft.EntityFrameworkCore.Database.Command[20101]
      Executed DbCommand (1ms) [Parameters=[], CommandType='Text', CommandTimeout='30']
      SELECT COUNT(*)
      FROM [RadiologyRequests] AS [r]
      WHERE [r].[IsDeleted] = CAST(0 AS bit) AND [r].[Status] = N'Pending'
info: Microsoft.EntityFrameworkCore.Database.Command[20101]
      Executed DbCommand (5ms) [Parameters=[@__monthStart_0='?' (DbType = DateTime2)], CommandType='Text', CommandTimeout='30']
      SELECT COALESCE(SUM([t].[Quantity] * [t0].[SalePrice]), 0.0)
      FROM [Prescriptions] AS [p]
      INNER JOIN (
          SELECT [p0].[ItemId], [p0].[PrescriptionId], [p0].[Quantity]
          FROM [PrescriptionItems] AS [p0]
          WHERE [p0].[IsDeleted] = CAST(0 AS bit)
      ) AS [t] ON [p].[Id] = [t].[PrescriptionId]
      INNER JOIN (
          SELECT [i].[Id], [i].[SalePrice]
          FROM [Items] AS [i]
          WHERE [i].[IsDeleted] = CAST(0 AS bit)
      ) AS [t0] ON [t].[ItemId] = [t0].[Id]
      WHERE [p].[IsDeleted] = CAST(0 AS bit) AND [p].[PrescriptionDate] >= @__monthStart_0
info: Microsoft.EntityFrameworkCore.Database.Command[20101]
      Executed DbCommand (2ms) [Parameters=[], CommandType='Text', CommandTimeout='30']
      SELECT COALESCE(SUM([w].[Quantity] * [t].[PurchasePrice]), 0.0)
      FROM [WarehouseStocks] AS [w]
      INNER JOIN (
          SELECT [i].[Id], [i].[PurchasePrice]
          FROM [Items] AS [i]
          WHERE [i].[IsDeleted] = CAST(0 AS bit)
      ) AS [t] ON [w].[ItemId] = [t].[Id]
info: Microsoft.EntityFrameworkCore.Database.Command[20101]
      Executed DbCommand (1ms) [Parameters=[], CommandType='Text', CommandTimeout='30']
      SELECT COUNT(*)
      FROM [Beds] AS [b]
      WHERE [b].[IsDeleted] = CAST(0 AS bit)
info: Microsoft.EntityFrameworkCore.Database.Command[20101]
      Executed DbCommand (2ms) [Parameters=[], CommandType='Text', CommandTimeout='30']
      SELECT COUNT(*)
      FROM [Beds] AS [b]
      WHERE [b].[IsDeleted] = CAST(0 AS bit) AND [b].[Status] = N'Occupied'
info: Microsoft.EntityFrameworkCore.Database.Command[20101]
      Executed DbCommand (0ms) [Parameters=[], CommandType='Text', CommandTimeout='30']
      SELECT COUNT(*)
      FROM [Patients] AS [p]
      WHERE [p].[IsDeleted] = CAST(0 AS bit)
info: Microsoft.EntityFrameworkCore.Database.Command[20101]
      Executed DbCommand (1ms) [Parameters=[@__today_0='?' (DbType = DateTime2)], CommandType='Text', CommandTimeout='30']
      SELECT COUNT(*)
      FROM [Appointments] AS [a]
      WHERE [a].[IsDeleted] = CAST(0 AS bit) AND CONVERT(date, [a].[AppointmentDate]) = @__today_0
info: Microsoft.EntityFrameworkCore.Database.Command[20101]
      Executed DbCommand (1ms) [Parameters=[], CommandType='Text', CommandTimeout='30']
      SELECT COUNT(*)
      FROM [Appointments] AS [a]
      WHERE [a].[IsDeleted] = CAST(0 AS bit) AND [a].[Status] IN (1, 2)
info: Microsoft.EntityFrameworkCore.Database.Command[20101]
      Executed DbCommand (1ms) [Parameters=[], CommandType='Text', CommandTimeout='30']
      SELECT COUNT(*)
      FROM [Doctors] AS [d]
      WHERE [d].[IsDeleted] = CAST(0 AS bit)
info: Microsoft.EntityFrameworkCore.Database.Command[20101]
      Executed DbCommand (0ms) [Parameters=[], CommandType='Text', CommandTimeout='30']
      SELECT COUNT(*)
      FROM [Employees] AS [e]
      WHERE [e].[IsDeleted] = CAST(0 AS bit)
info: Microsoft.EntityFrameworkCore.Database.Command[20101]
      Executed DbCommand (0ms) [Parameters=[], CommandType='Text', CommandTimeout='30']
      SELECT COUNT(*)
      FROM [WarehouseStocks] AS [w]
      WHERE [w].[Quantity] <= [w].[ReorderLevel]
info: Microsoft.EntityFrameworkCore.Database.Command[20101]
      Executed DbCommand (0ms) [Parameters=[], CommandType='Text', CommandTimeout='30']
      SELECT COUNT(*)
      FROM [Invoices] AS [i]
      WHERE [i].[IsDeleted] = CAST(0 AS bit) AND [i].[Status] = 1
info: Microsoft.EntityFrameworkCore.Database.Command[20101]
      Executed DbCommand (0ms) [Parameters=[@__today_0='?' (DbType = DateTime2), @__expiryThreshold_1='?' (DbType = DateTime2)], CommandType='Text', CommandTimeout='30']
      SELECT COUNT(*)
      FROM [ItemBatches] AS [i]
      WHERE [i].[IsDeleted] = CAST(0 AS bit) AND [i].[Status] = N'Active' AND [i].[ExpiryDate] > @__today_0 AND [i].[ExpiryDate] <= @__expiryThreshold_1
info: Microsoft.EntityFrameworkCore.Database.Command[20101]
      Executed DbCommand (0ms) [Parameters=[@__today_0='?' (DbType = DateTime2)], CommandType='Text', CommandTimeout='30']
      SELECT COALESCE(SUM([p].[Amount]), 0.0)
      FROM [Payments] AS [p]
      WHERE [p].[IsDeleted] = CAST(0 AS bit) AND CONVERT(date, [p].[PaymentDate]) = @__today_0
info: Microsoft.EntityFrameworkCore.Database.Command[20101]
      Executed DbCommand (0ms) [Parameters=[@__monthStart_0='?' (DbType = DateTime2)], CommandType='Text', CommandTimeout='30']
      SELECT COALESCE(SUM([p].[Amount]), 0.0)
      FROM [Payments] AS [p]
      WHERE [p].[IsDeleted] = CAST(0 AS bit) AND [p].[PaymentDate] >= @__monthStart_0
info: Microsoft.EntityFrameworkCore.Database.Command[20101]
      Executed DbCommand (0ms) [Parameters=[], CommandType='Text', CommandTimeout='30']
      SELECT COALESCE(SUM([p].[Amount]), 0.0)
      FROM [Payments] AS [p]
      WHERE [p].[IsDeleted] = CAST(0 AS bit)
info: Microsoft.EntityFrameworkCore.Database.Command[20101]
      Executed DbCommand (0ms) [Parameters=[], CommandType='Text', CommandTimeout='30']
      SELECT COALESCE(SUM([i].[TotalAmount] - [i].[PaidAmount]), 0.0)
      FROM [Invoices] AS [i]
      WHERE [i].[IsDeleted] = CAST(0 AS bit)
info: Microsoft.EntityFrameworkCore.Database.Command[20101]
      Executed DbCommand (0ms) [Parameters=[@__mStart_0='?' (DbType = DateTime2), @__mEnd_1='?' (DbType = DateTime2)], CommandType='Text', CommandTimeout='30']
      SELECT COALESCE(SUM([p].[Amount]), 0.0)
      FROM [Payments] AS [p]
      WHERE [p].[IsDeleted] = CAST(0 AS bit) AND [p].[PaymentDate] >= @__mStart_0 AND [p].[PaymentDate] < @__mEnd_1
info: Microsoft.EntityFrameworkCore.Database.Command[20101]
      Executed DbCommand (0ms) [Parameters=[@__mStart_0='?' (DbType = DateTime2), @__mEnd_1='?' (DbType = DateTime2)], CommandType='Text', CommandTimeout='30']
      SELECT COALESCE(SUM([e].[Amount]), 0.0)
      FROM [Expenses] AS [e]
      WHERE [e].[IsDeleted] = CAST(0 AS bit) AND [e].[ExpenseDate] >= @__mStart_0 AND [e].[ExpenseDate] < @__mEnd_1
info: Microsoft.EntityFrameworkCore.Database.Command[20101]
      Executed DbCommand (0ms) [Parameters=[@__mStart_0='?' (DbType = DateTime2), @__mEnd_1='?' (DbType = DateTime2)], CommandType='Text', CommandTimeout='30']
      SELECT COALESCE(SUM([p].[Amount]), 0.0)
      FROM [Payments] AS [p]
      WHERE [p].[IsDeleted] = CAST(0 AS bit) AND [p].[PaymentDate] >= @__mStart_0 AND [p].[PaymentDate] < @__mEnd_1
info: Microsoft.EntityFrameworkCore.Database.Command[20101]
      Executed DbCommand (1ms) [Parameters=[@__mStart_0='?' (DbType = DateTime2), @__mEnd_1='?' (DbType = DateTime2)], CommandType='Text', CommandTimeout='30']
      SELECT COALESCE(SUM([e].[Amount]), 0.0)
      FROM [Expenses] AS [e]
      WHERE [e].[IsDeleted] = CAST(0 AS bit) AND [e].[ExpenseDate] >= @__mStart_0 AND [e].[ExpenseDate] < @__mEnd_1
info: Microsoft.EntityFrameworkCore.Database.Command[20101]
      Executed DbCommand (1ms) [Parameters=[@__mStart_0='?' (DbType = DateTime2), @__mEnd_1='?' (DbType = DateTime2)], CommandType='Text', CommandTimeout='30']
      SELECT COALESCE(SUM([p].[Amount]), 0.0)
      FROM [Payments] AS [p]
      WHERE [p].[IsDeleted] = CAST(0 AS bit) AND [p].[PaymentDate] >= @__mStart_0 AND [p].[PaymentDate] < @__mEnd_1
info: Microsoft.EntityFrameworkCore.Database.Command[20101]
      Executed DbCommand (0ms) [Parameters=[@__mStart_0='?' (DbType = DateTime2), @__mEnd_1='?' (DbType = DateTime2)], CommandType='Text', CommandTimeout='30']
      SELECT COALESCE(SUM([e].[Amount]), 0.0)
      FROM [Expenses] AS [e]
      WHERE [e].[IsDeleted] = CAST(0 AS bit) AND [e].[ExpenseDate] >= @__mStart_0 AND [e].[ExpenseDate] < @__mEnd_1
info: Microsoft.EntityFrameworkCore.Database.Command[20101]
      Executed DbCommand (0ms) [Parameters=[@__mStart_0='?' (DbType = DateTime2), @__mEnd_1='?' (DbType = DateTime2)], CommandType='Text', CommandTimeout='30']
      SELECT COALESCE(SUM([p].[Amount]), 0.0)
      FROM [Payments] AS [p]
      WHERE [p].[IsDeleted] = CAST(0 AS bit) AND [p].[PaymentDate] >= @__mStart_0 AND [p].[PaymentDate] < @__mEnd_1
info: Microsoft.EntityFrameworkCore.Database.Command[20101]
      Executed DbCommand (0ms) [Parameters=[@__mStart_0='?' (DbType = DateTime2), @__mEnd_1='?' (DbType = DateTime2)], CommandType='Text', CommandTimeout='30']
      SELECT COALESCE(SUM([e].[Amount]), 0.0)
      FROM [Expenses] AS [e]
      WHERE [e].[IsDeleted] = CAST(0 AS bit) AND [e].[ExpenseDate] >= @__mStart_0 AND [e].[ExpenseDate] < @__mEnd_1
info: Microsoft.EntityFrameworkCore.Database.Command[20101]
      Executed DbCommand (0ms) [Parameters=[@__mStart_0='?' (DbType = DateTime2), @__mEnd_1='?' (DbType = DateTime2)], CommandType='Text', CommandTimeout='30']
      SELECT COALESCE(SUM([p].[Amount]), 0.0)
      FROM [Payments] AS [p]
      WHERE [p].[IsDeleted] = CAST(0 AS bit) AND [p].[PaymentDate] >= @__mStart_0 AND [p].[PaymentDate] < @__mEnd_1
info: Microsoft.EntityFrameworkCore.Database.Command[20101]
      Executed DbCommand (0ms) [Parameters=[@__mStart_0='?' (DbType = DateTime2), @__mEnd_1='?' (DbType = DateTime2)], CommandType='Text', CommandTimeout='30']
      SELECT COALESCE(SUM([e].[Amount]), 0.0)
      FROM [Expenses] AS [e]
      WHERE [e].[IsDeleted] = CAST(0 AS bit) AND [e].[ExpenseDate] >= @__mStart_0 AND [e].[ExpenseDate] < @__mEnd_1
info: Microsoft.EntityFrameworkCore.Database.Command[20101]
      Executed DbCommand (0ms) [Parameters=[@__mStart_0='?' (DbType = DateTime2), @__mEnd_1='?' (DbType = DateTime2)], CommandType='Text', CommandTimeout='30']
      SELECT COALESCE(SUM([p].[Amount]), 0.0)
      FROM [Payments] AS [p]
      WHERE [p].[IsDeleted] = CAST(0 AS bit) AND [p].[PaymentDate] >= @__mStart_0 AND [p].[PaymentDate] < @__mEnd_1
info: Microsoft.EntityFrameworkCore.Database.Command[20101]
      Executed DbCommand (0ms) [Parameters=[@__mStart_0='?' (DbType = DateTime2), @__mEnd_1='?' (DbType = DateTime2)], CommandType='Text', CommandTimeout='30']
      SELECT COALESCE(SUM([e].[Amount]), 0.0)
      FROM [Expenses] AS [e]
      WHERE [e].[IsDeleted] = CAST(0 AS bit) AND [e].[ExpenseDate] >= @__mStart_0 AND [e].[ExpenseDate] < @__mEnd_1
info: Microsoft.EntityFrameworkCore.Database.Command[20101]
      Executed DbCommand (0ms) [Parameters=[@__mStart_0='?' (DbType = DateTime2), @__mEnd_1='?' (DbType = DateTime2)], CommandType='Text', CommandTimeout='30']
      SELECT COALESCE(SUM([p].[Amount]), 0.0)
      FROM [Payments] AS [p]
      WHERE [p].[IsDeleted] = CAST(0 AS bit) AND [p].[PaymentDate] >= @__mStart_0 AND [p].[PaymentDate] < @__mEnd_1
info: Microsoft.EntityFrameworkCore.Database.Command[20101]
      Executed DbCommand (0ms) [Parameters=[@__mStart_0='?' (DbType = DateTime2), @__mEnd_1='?' (DbType = DateTime2)], CommandType='Text', CommandTimeout='30']
      SELECT COALESCE(SUM([e].[Amount]), 0.0)
      FROM [Expenses] AS [e]
      WHERE [e].[IsDeleted] = CAST(0 AS bit) AND [e].[ExpenseDate] >= @__mStart_0 AND [e].[ExpenseDate] < @__mEnd_1
info: Microsoft.EntityFrameworkCore.Database.Command[20101]
      Executed DbCommand (0ms) [Parameters=[@__mStart_0='?' (DbType = DateTime2), @__mEnd_1='?' (DbType = DateTime2)], CommandType='Text', CommandTimeout='30']
      SELECT COALESCE(SUM([p].[Amount]), 0.0)
      FROM [Payments] AS [p]
      WHERE [p].[IsDeleted] = CAST(0 AS bit) AND [p].[PaymentDate] >= @__mStart_0 AND [p].[PaymentDate] < @__mEnd_1
info: Microsoft.EntityFrameworkCore.Database.Command[20101]
      Executed DbCommand (1ms) [Parameters=[@__mStart_0='?' (DbType = DateTime2), @__mEnd_1='?' (DbType = DateTime2)], CommandType='Text', CommandTimeout='30']
      SELECT COALESCE(SUM([e].[Amount]), 0.0)
      FROM [Expenses] AS [e]
      WHERE [e].[IsDeleted] = CAST(0 AS bit) AND [e].[ExpenseDate] >= @__mStart_0 AND [e].[ExpenseDate] < @__mEnd_1
info: Microsoft.EntityFrameworkCore.Database.Command[20101]
      Executed DbCommand (1ms) [Parameters=[@__mStart_0='?' (DbType = DateTime2), @__mEnd_1='?' (DbType = DateTime2)], CommandType='Text', CommandTimeout='30']
      SELECT COALESCE(SUM([p].[Amount]), 0.0)
      FROM [Payments] AS [p]
      WHERE [p].[IsDeleted] = CAST(0 AS bit) AND [p].[PaymentDate] >= @__mStart_0 AND [p].[PaymentDate] < @__mEnd_1
info: Microsoft.EntityFrameworkCore.Database.Command[20101]
      Executed DbCommand (0ms) [Parameters=[@__mStart_0='?' (DbType = DateTime2), @__mEnd_1='?' (DbType = DateTime2)], CommandType='Text', CommandTimeout='30']
      SELECT COALESCE(SUM([e].[Amount]), 0.0)
      FROM [Expenses] AS [e]
      WHERE [e].[IsDeleted] = CAST(0 AS bit) AND [e].[ExpenseDate] >= @__mStart_0 AND [e].[ExpenseDate] < @__mEnd_1
info: Microsoft.EntityFrameworkCore.Database.Command[20101]
      Executed DbCommand (0ms) [Parameters=[@__mStart_0='?' (DbType = DateTime2), @__mEnd_1='?' (DbType = DateTime2)], CommandType='Text', CommandTimeout='30']
      SELECT COALESCE(SUM([p].[Amount]), 0.0)
      FROM [Payments] AS [p]
      WHERE [p].[IsDeleted] = CAST(0 AS bit) AND [p].[PaymentDate] >= @__mStart_0 AND [p].[PaymentDate] < @__mEnd_1
info: Microsoft.EntityFrameworkCore.Database.Command[20101]
      Executed DbCommand (0ms) [Parameters=[@__mStart_0='?' (DbType = DateTime2), @__mEnd_1='?' (DbType = DateTime2)], CommandType='Text', CommandTimeout='30']
      SELECT COALESCE(SUM([e].[Amount]), 0.0)
      FROM [Expenses] AS [e]
      WHERE [e].[IsDeleted] = CAST(0 AS bit) AND [e].[ExpenseDate] >= @__mStart_0 AND [e].[ExpenseDate] < @__mEnd_1
info: Microsoft.EntityFrameworkCore.Database.Command[20101]
      Executed DbCommand (0ms) [Parameters=[@__mStart_0='?' (DbType = DateTime2), @__mEnd_1='?' (DbType = DateTime2)], CommandType='Text', CommandTimeout='30']
      SELECT COALESCE(SUM([p].[Amount]), 0.0)
      FROM [Payments] AS [p]
      WHERE [p].[IsDeleted] = CAST(0 AS bit) AND [p].[PaymentDate] >= @__mStart_0 AND [p].[PaymentDate] < @__mEnd_1
info: Microsoft.EntityFrameworkCore.Database.Command[20101]
      Executed DbCommand (0ms) [Parameters=[@__mStart_0='?' (DbType = DateTime2), @__mEnd_1='?' (DbType = DateTime2)], CommandType='Text', CommandTimeout='30']
      SELECT COALESCE(SUM([e].[Amount]), 0.0)
      FROM [Expenses] AS [e]
      WHERE [e].[IsDeleted] = CAST(0 AS bit) AND [e].[ExpenseDate] >= @__mStart_0 AND [e].[ExpenseDate] < @__mEnd_1
info: Microsoft.EntityFrameworkCore.Database.Command[20101]
      Executed DbCommand (0ms) [Parameters=[@__mStart_0='?' (DbType = DateTime2), @__mEnd_1='?' (DbType = DateTime2)], CommandType='Text', CommandTimeout='30']
      SELECT COALESCE(SUM([p].[Amount]), 0.0)
      FROM [Payments] AS [p]
      WHERE [p].[IsDeleted] = CAST(0 AS bit) AND [p].[PaymentDate] >= @__mStart_0 AND [p].[PaymentDate] < @__mEnd_1
info: Microsoft.EntityFrameworkCore.Database.Command[20101]
      Executed DbCommand (0ms) [Parameters=[@__mStart_0='?' (DbType = DateTime2), @__mEnd_1='?' (DbType = DateTime2)], CommandType='Text', CommandTimeout='30']
      SELECT COALESCE(SUM([e].[Amount]), 0.0)
      FROM [Expenses] AS [e]
      WHERE [e].[IsDeleted] = CAST(0 AS bit) AND [e].[ExpenseDate] >= @__mStart_0 AND [e].[ExpenseDate] < @__mEnd_1
info: Microsoft.EntityFrameworkCore.Database.Command[20101]
      Executed DbCommand (0ms) [Parameters=[@__p_0='?' (DbType = Int32)], CommandType='Text', CommandTimeout='30']
      SELECT [t].[AppointmentCode], [t0].[FullName], [t].[CreatedDate]
      FROM (
          SELECT TOP(@__p_0) [a].[AppointmentCode], [a].[CreatedDate], [a].[PatientId]
          FROM [Appointments] AS [a]
          WHERE [a].[IsDeleted] = CAST(0 AS bit)
          ORDER BY [a].[CreatedDate] DESC
      ) AS [t]
      INNER JOIN (
          SELECT [p].[Id], [p].[FullName]
          FROM [Patients] AS [p]
          WHERE [p].[IsDeleted] = CAST(0 AS bit)
      ) AS [t0] ON [t].[PatientId] = [t0].[Id]
      ORDER BY [t].[CreatedDate] DESC
info: Microsoft.EntityFrameworkCore.Database.Command[20101]
      Executed DbCommand (0ms) [Parameters=[@__p_0='?' (DbType = Int32)], CommandType='Text', CommandTimeout='30']
      SELECT TOP(@__p_0) [p].[PaymentNumber], [p].[Amount], [p].[CreatedDate]
      FROM [Payments] AS [p]
      WHERE [p].[IsDeleted] = CAST(0 AS bit)
      ORDER BY [p].[CreatedDate] DESC
info: Microsoft.EntityFrameworkCore.Database.Command[20101]
      Executed DbCommand (1ms) [Parameters=[@__p_1='?' (DbType = Int32), @__today_0='?' (DbType = DateTime2)], CommandType='Text', CommandTimeout='30']
      SELECT [t].[Id], [t].[AppointmentCode], [t].[PatientId], [t0].[FullName], [t].[DoctorId], [t1].[FullName], [t1].[Specialization], [t].[AppointmentDate], [t].[AppointmentTime], [t].[DurationMinutes], [t].[Status], [t].[Notes], [t].[Diagnosis], [t].[Prescription], [t].[Fee], [t].[IsPaid], [t].[CreatedDate]
      FROM (
          SELECT TOP(@__p_1) [a].[Id], [a].[AppointmentCode], [a].[AppointmentDate], [a].[AppointmentTime], [a].[CreatedDate], [a].[Diagnosis], [a].[DoctorId], [a].[DurationMinutes], [a].[Fee], [a].[IsPaid], [a].[Notes], [a].[PatientId], [a].[Prescription], [a].[Status]
          FROM [Appointments] AS [a]
          WHERE [a].[IsDeleted] = CAST(0 AS bit) AND CONVERT(date, [a].[AppointmentDate]) = @__today_0
          ORDER BY [a].[AppointmentTime]
      ) AS [t]
      INNER JOIN (
          SELECT [p].[Id], [p].[FullName]
          FROM [Patients] AS [p]
          WHERE [p].[IsDeleted] = CAST(0 AS bit)
      ) AS [t0] ON [t].[PatientId] = [t0].[Id]
      INNER JOIN (
          SELECT [d].[Id], [d].[FullName], [d].[Specialization]
          FROM [Doctors] AS [d]
          WHERE [d].[IsDeleted] = CAST(0 AS bit)
      ) AS [t1] ON [t].[DoctorId] = [t1].[Id]
      ORDER BY [t].[AppointmentTime]
info: Microsoft.EntityFrameworkCore.Database.Command[20101]
      Executed DbCommand (1ms) [Parameters=[@__p_0='?' (DbType = Int32)], CommandType='Text', CommandTimeout='30']
      SELECT TOP(@__p_0) [t].[FullName] AS [DoctorName], [t].[Specialization], COUNT(*) AS [AppointmentCount]
      FROM [Appointments] AS [a]
      INNER JOIN (
          SELECT [d].[Id], [d].[FullName], [d].[Specialization]
          FROM [Doctors] AS [d]
          WHERE [d].[IsDeleted] = CAST(0 AS bit)
      ) AS [t] ON [a].[DoctorId] = [t].[Id]
      WHERE [a].[IsDeleted] = CAST(0 AS bit)
      GROUP BY [a].[DoctorId], [t].[FullName], [t].[Specialization]
      ORDER BY COUNT(*) DESC
info: Microsoft.EntityFrameworkCore.Database.Command[20101]
      Executed DbCommand (0ms) [Parameters=[], CommandType='Text', CommandTimeout='30']
      SELECT COUNT(*)
      FROM [Prescriptions] AS [p]
      WHERE [p].[IsDeleted] = CAST(0 AS bit) AND [p].[Status] IN (N'Pending', N'Partially Dispensed')
info: Microsoft.EntityFrameworkCore.Database.Command[20101]
      Executed DbCommand (0ms) [Parameters=[], CommandType='Text', CommandTimeout='30']
      SELECT COUNT(*)
      FROM [LabRequests] AS [l]
      WHERE [l].[IsDeleted] = CAST(0 AS bit) AND [l].[Status] IN (N'Pending', N'Partial')
info: Microsoft.EntityFrameworkCore.Database.Command[20101]
      Executed DbCommand (0ms) [Parameters=[], CommandType='Text', CommandTimeout='30']
      SELECT COUNT(*)
      FROM [RadiologyRequests] AS [r]
      WHERE [r].[IsDeleted] = CAST(0 AS bit) AND [r].[Status] = N'Pending'
info: Microsoft.EntityFrameworkCore.Database.Command[20101]
      Executed DbCommand (0ms) [Parameters=[@__monthStart_0='?' (DbType = DateTime2)], CommandType='Text', CommandTimeout='30']
      SELECT COALESCE(SUM([t].[Quantity] * [t0].[SalePrice]), 0.0)
      FROM [Prescriptions] AS [p]
      INNER JOIN (
          SELECT [p0].[ItemId], [p0].[PrescriptionId], [p0].[Quantity]
          FROM [PrescriptionItems] AS [p0]
          WHERE [p0].[IsDeleted] = CAST(0 AS bit)
      ) AS [t] ON [p].[Id] = [t].[PrescriptionId]
      INNER JOIN (
          SELECT [i].[Id], [i].[SalePrice]
          FROM [Items] AS [i]
          WHERE [i].[IsDeleted] = CAST(0 AS bit)
      ) AS [t0] ON [t].[ItemId] = [t0].[Id]
      WHERE [p].[IsDeleted] = CAST(0 AS bit) AND [p].[PrescriptionDate] >= @__monthStart_0
info: Microsoft.EntityFrameworkCore.Database.Command[20101]
      Executed DbCommand (0ms) [Parameters=[], CommandType='Text', CommandTimeout='30']
      SELECT COALESCE(SUM([w].[Quantity] * [t].[PurchasePrice]), 0.0)
      FROM [WarehouseStocks] AS [w]
      INNER JOIN (
          SELECT [i].[Id], [i].[PurchasePrice]
          FROM [Items] AS [i]
          WHERE [i].[IsDeleted] = CAST(0 AS bit)
      ) AS [t] ON [w].[ItemId] = [t].[Id]
info: Microsoft.EntityFrameworkCore.Database.Command[20101]
      Executed DbCommand (0ms) [Parameters=[], CommandType='Text', CommandTimeout='30']
      SELECT COUNT(*)
      FROM [Beds] AS [b]
      WHERE [b].[IsDeleted] = CAST(0 AS bit)
info: Microsoft.EntityFrameworkCore.Database.Command[20101]
      Executed DbCommand (0ms) [Parameters=[], CommandType='Text', CommandTimeout='30']
      SELECT COUNT(*)
      FROM [Beds] AS [b]
      WHERE [b].[IsDeleted] = CAST(0 AS bit) AND [b].[Status] = N'Occupied'
info: Microsoft.EntityFrameworkCore.Database.Command[20101]
      Executed DbCommand (2ms) [Parameters=[@__p_1='?' (DbType = Int32), @__userId_0='?' (DbType = Int32)], CommandType='Text', CommandTimeout='30']
      SELECT TOP(@__p_1) [n].[Id], [n].[CreatedBy], [n].[CreatedDate], [n].[EntityId], [n].[EntityType], [n].[IsDeleted], [n].[IsRead], [n].[Message], [n].[NotificationType], [n].[Title], [n].[UpdatedBy], [n].[UpdatedDate], [n].[UserId]
      FROM [Notifications] AS [n]
      WHERE [n].[UserId] = @__userId_0 OR [n].[UserId] IS NULL
      ORDER BY [n].[CreatedDate] DESC
info: Microsoft.EntityFrameworkCore.Database.Command[20101]
      Executed DbCommand (1ms) [Parameters=[], CommandType='Text', CommandTimeout='30']
      SELECT COUNT(*)
      FROM [Patients] AS [p]
      WHERE [p].[IsDeleted] = CAST(0 AS bit)
info: Microsoft.EntityFrameworkCore.Database.Command[20101]
      Executed DbCommand (0ms) [Parameters=[@__today_0='?' (DbType = DateTime2)], CommandType='Text', CommandTimeout='30']
      SELECT COUNT(*)
      FROM [Appointments] AS [a]
      WHERE [a].[IsDeleted] = CAST(0 AS bit) AND CONVERT(date, [a].[AppointmentDate]) = @__today_0
info: Microsoft.EntityFrameworkCore.Database.Command[20101]
      Executed DbCommand (0ms) [Parameters=[], CommandType='Text', CommandTimeout='30']
      SELECT COUNT(*)
      FROM [Appointments] AS [a]
      WHERE [a].[IsDeleted] = CAST(0 AS bit) AND [a].[Status] IN (1, 2)
info: Microsoft.EntityFrameworkCore.Database.Command[20101]
      Executed DbCommand (0ms) [Parameters=[], CommandType='Text', CommandTimeout='30']
      SELECT COUNT(*)
      FROM [Doctors] AS [d]
      WHERE [d].[IsDeleted] = CAST(0 AS bit)
info: Microsoft.EntityFrameworkCore.Database.Command[20101]
      Executed DbCommand (1ms) [Parameters=[], CommandType='Text', CommandTimeout='30']
      SELECT COUNT(*)
      FROM [Employees] AS [e]
      WHERE [e].[IsDeleted] = CAST(0 AS bit)
info: Microsoft.EntityFrameworkCore.Database.Command[20101]
      Executed DbCommand (0ms) [Parameters=[], CommandType='Text', CommandTimeout='30']
      SELECT COUNT(*)
      FROM [WarehouseStocks] AS [w]
      WHERE [w].[Quantity] <= [w].[ReorderLevel]
info: Microsoft.EntityFrameworkCore.Database.Command[20101]
      Executed DbCommand (0ms) [Parameters=[], CommandType='Text', CommandTimeout='30']
      SELECT COUNT(*)
      FROM [Invoices] AS [i]
      WHERE [i].[IsDeleted] = CAST(0 AS bit) AND [i].[Status] = 1
info: Microsoft.EntityFrameworkCore.Database.Command[20101]
      Executed DbCommand (0ms) [Parameters=[@__today_0='?' (DbType = DateTime2), @__expiryThreshold_1='?' (DbType = DateTime2)], CommandType='Text', CommandTimeout='30']
      SELECT COUNT(*)
      FROM [ItemBatches] AS [i]
      WHERE [i].[IsDeleted] = CAST(0 AS bit) AND [i].[Status] = N'Active' AND [i].[ExpiryDate] > @__today_0 AND [i].[ExpiryDate] <= @__expiryThreshold_1
info: Microsoft.EntityFrameworkCore.Database.Command[20101]
      Executed DbCommand (0ms) [Parameters=[@__today_0='?' (DbType = DateTime2)], CommandType='Text', CommandTimeout='30']
      SELECT COALESCE(SUM([p].[Amount]), 0.0)
      FROM [Payments] AS [p]
      WHERE [p].[IsDeleted] = CAST(0 AS bit) AND CONVERT(date, [p].[PaymentDate]) = @__today_0
info: Microsoft.EntityFrameworkCore.Database.Command[20101]
      Executed DbCommand (0ms) [Parameters=[@__monthStart_0='?' (DbType = DateTime2)], CommandType='Text', CommandTimeout='30']
      SELECT COALESCE(SUM([p].[Amount]), 0.0)
      FROM [Payments] AS [p]
      WHERE [p].[IsDeleted] = CAST(0 AS bit) AND [p].[PaymentDate] >= @__monthStart_0
info: Microsoft.EntityFrameworkCore.Database.Command[20101]
      Executed DbCommand (0ms) [Parameters=[], CommandType='Text', CommandTimeout='30']
      SELECT COALESCE(SUM([p].[Amount]), 0.0)
      FROM [Payments] AS [p]
      WHERE [p].[IsDeleted] = CAST(0 AS bit)
info: Microsoft.EntityFrameworkCore.Database.Command[20101]
      Executed DbCommand (0ms) [Parameters=[], CommandType='Text', CommandTimeout='30']
      SELECT COALESCE(SUM([i].[TotalAmount] - [i].[PaidAmount]), 0.0)
      FROM [Invoices] AS [i]
      WHERE [i].[IsDeleted] = CAST(0 AS bit)
info: Microsoft.EntityFrameworkCore.Database.Command[20101]
      Executed DbCommand (1ms) [Parameters=[@__mStart_0='?' (DbType = DateTime2), @__mEnd_1='?' (DbType = DateTime2)], CommandType='Text', CommandTimeout='30']
      SELECT COALESCE(SUM([p].[Amount]), 0.0)
      FROM [Payments] AS [p]
      WHERE [p].[IsDeleted] = CAST(0 AS bit) AND [p].[PaymentDate] >= @__mStart_0 AND [p].[PaymentDate] < @__mEnd_1
info: Microsoft.EntityFrameworkCore.Database.Command[20101]
      Executed DbCommand (1ms) [Parameters=[@__mStart_0='?' (DbType = DateTime2), @__mEnd_1='?' (DbType = DateTime2)], CommandType='Text', CommandTimeout='30']
      SELECT COALESCE(SUM([e].[Amount]), 0.0)
      FROM [Expenses] AS [e]
      WHERE [e].[IsDeleted] = CAST(0 AS bit) AND [e].[ExpenseDate] >= @__mStart_0 AND [e].[ExpenseDate] < @__mEnd_1
info: Microsoft.EntityFrameworkCore.Database.Command[20101]
      Executed DbCommand (0ms) [Parameters=[@__mStart_0='?' (DbType = DateTime2), @__mEnd_1='?' (DbType = DateTime2)], CommandType='Text', CommandTimeout='30']
      SELECT COALESCE(SUM([p].[Amount]), 0.0)
      FROM [Payments] AS [p]
      WHERE [p].[IsDeleted] = CAST(0 AS bit) AND [p].[PaymentDate] >= @__mStart_0 AND [p].[PaymentDate] < @__mEnd_1
info: Microsoft.EntityFrameworkCore.Database.Command[20101]
      Executed DbCommand (0ms) [Parameters=[@__mStart_0='?' (DbType = DateTime2), @__mEnd_1='?' (DbType = DateTime2)], CommandType='Text', CommandTimeout='30']
      SELECT COALESCE(SUM([e].[Amount]), 0.0)
      FROM [Expenses] AS [e]
      WHERE [e].[IsDeleted] = CAST(0 AS bit) AND [e].[ExpenseDate] >= @__mStart_0 AND [e].[ExpenseDate] < @__mEnd_1
info: Microsoft.EntityFrameworkCore.Database.Command[20101]
      Executed DbCommand (0ms) [Parameters=[@__mStart_0='?' (DbType = DateTime2), @__mEnd_1='?' (DbType = DateTime2)], CommandType='Text', CommandTimeout='30']
      SELECT COALESCE(SUM([p].[Amount]), 0.0)
      FROM [Payments] AS [p]
      WHERE [p].[IsDeleted] = CAST(0 AS bit) AND [p].[PaymentDate] >= @__mStart_0 AND [p].[PaymentDate] < @__mEnd_1
info: Microsoft.EntityFrameworkCore.Database.Command[20101]
      Executed DbCommand (0ms) [Parameters=[@__mStart_0='?' (DbType = DateTime2), @__mEnd_1='?' (DbType = DateTime2)], CommandType='Text', CommandTimeout='30']
      SELECT COALESCE(SUM([e].[Amount]), 0.0)
      FROM [Expenses] AS [e]
      WHERE [e].[IsDeleted] = CAST(0 AS bit) AND [e].[ExpenseDate] >= @__mStart_0 AND [e].[ExpenseDate] < @__mEnd_1
info: Microsoft.EntityFrameworkCore.Database.Command[20101]
      Executed DbCommand (0ms) [Parameters=[@__mStart_0='?' (DbType = DateTime2), @__mEnd_1='?' (DbType = DateTime2)], CommandType='Text', CommandTimeout='30']
      SELECT COALESCE(SUM([p].[Amount]), 0.0)
      FROM [Payments] AS [p]
      WHERE [p].[IsDeleted] = CAST(0 AS bit) AND [p].[PaymentDate] >= @__mStart_0 AND [p].[PaymentDate] < @__mEnd_1
info: Microsoft.EntityFrameworkCore.Database.Command[20101]
      Executed DbCommand (0ms) [Parameters=[@__mStart_0='?' (DbType = DateTime2), @__mEnd_1='?' (DbType = DateTime2)], CommandType='Text', CommandTimeout='30']
      SELECT COALESCE(SUM([e].[Amount]), 0.0)
      FROM [Expenses] AS [e]
      WHERE [e].[IsDeleted] = CAST(0 AS bit) AND [e].[ExpenseDate] >= @__mStart_0 AND [e].[ExpenseDate] < @__mEnd_1
info: Microsoft.EntityFrameworkCore.Database.Command[20101]
      Executed DbCommand (0ms) [Parameters=[@__mStart_0='?' (DbType = DateTime2), @__mEnd_1='?' (DbType = DateTime2)], CommandType='Text', CommandTimeout='30']
      SELECT COALESCE(SUM([p].[Amount]), 0.0)
      FROM [Payments] AS [p]
      WHERE [p].[IsDeleted] = CAST(0 AS bit) AND [p].[PaymentDate] >= @__mStart_0 AND [p].[PaymentDate] < @__mEnd_1
info: Microsoft.EntityFrameworkCore.Database.Command[20101]
      Executed DbCommand (0ms) [Parameters=[@__mStart_0='?' (DbType = DateTime2), @__mEnd_1='?' (DbType = DateTime2)], CommandType='Text', CommandTimeout='30']
      SELECT COALESCE(SUM([e].[Amount]), 0.0)
      FROM [Expenses] AS [e]
      WHERE [e].[IsDeleted] = CAST(0 AS bit) AND [e].[ExpenseDate] >= @__mStart_0 AND [e].[ExpenseDate] < @__mEnd_1
info: Microsoft.EntityFrameworkCore.Database.Command[20101]
      Executed DbCommand (0ms) [Parameters=[@__mStart_0='?' (DbType = DateTime2), @__mEnd_1='?' (DbType = DateTime2)], CommandType='Text', CommandTimeout='30']
      SELECT COALESCE(SUM([p].[Amount]), 0.0)
      FROM [Payments] AS [p]
      WHERE [p].[IsDeleted] = CAST(0 AS bit) AND [p].[PaymentDate] >= @__mStart_0 AND [p].[PaymentDate] < @__mEnd_1
info: Microsoft.EntityFrameworkCore.Database.Command[20101]
      Executed DbCommand (0ms) [Parameters=[@__mStart_0='?' (DbType = DateTime2), @__mEnd_1='?' (DbType = DateTime2)], CommandType='Text', CommandTimeout='30']
      SELECT COALESCE(SUM([e].[Amount]), 0.0)
      FROM [Expenses] AS [e]
      WHERE [e].[IsDeleted] = CAST(0 AS bit) AND [e].[ExpenseDate] >= @__mStart_0 AND [e].[ExpenseDate] < @__mEnd_1
info: Microsoft.EntityFrameworkCore.Database.Command[20101]
      Executed DbCommand (0ms) [Parameters=[@__mStart_0='?' (DbType = DateTime2), @__mEnd_1='?' (DbType = DateTime2)], CommandType='Text', CommandTimeout='30']
      SELECT COALESCE(SUM([p].[Amount]), 0.0)
      FROM [Payments] AS [p]
      WHERE [p].[IsDeleted] = CAST(0 AS bit) AND [p].[PaymentDate] >= @__mStart_0 AND [p].[PaymentDate] < @__mEnd_1
info: Microsoft.EntityFrameworkCore.Database.Command[20101]
      Executed DbCommand (0ms) [Parameters=[@__mStart_0='?' (DbType = DateTime2), @__mEnd_1='?' (DbType = DateTime2)], CommandType='Text', CommandTimeout='30']
      SELECT COALESCE(SUM([e].[Amount]), 0.0)
      FROM [Expenses] AS [e]
      WHERE [e].[IsDeleted] = CAST(0 AS bit) AND [e].[ExpenseDate] >= @__mStart_0 AND [e].[ExpenseDate] < @__mEnd_1
info: Microsoft.EntityFrameworkCore.Database.Command[20101]
      Executed DbCommand (0ms) [Parameters=[@__mStart_0='?' (DbType = DateTime2), @__mEnd_1='?' (DbType = DateTime2)], CommandType='Text', CommandTimeout='30']
      SELECT COALESCE(SUM([p].[Amount]), 0.0)
      FROM [Payments] AS [p]
      WHERE [p].[IsDeleted] = CAST(0 AS bit) AND [p].[PaymentDate] >= @__mStart_0 AND [p].[PaymentDate] < @__mEnd_1
info: Microsoft.EntityFrameworkCore.Database.Command[20101]
      Executed DbCommand (1ms) [Parameters=[@__mStart_0='?' (DbType = DateTime2), @__mEnd_1='?' (DbType = DateTime2)], CommandType='Text', CommandTimeout='30']
      SELECT COALESCE(SUM([e].[Amount]), 0.0)
      FROM [Expenses] AS [e]
      WHERE [e].[IsDeleted] = CAST(0 AS bit) AND [e].[ExpenseDate] >= @__mStart_0 AND [e].[ExpenseDate] < @__mEnd_1
info: Microsoft.EntityFrameworkCore.Database.Command[20101]
      Executed DbCommand (1ms) [Parameters=[@__mStart_0='?' (DbType = DateTime2), @__mEnd_1='?' (DbType = DateTime2)], CommandType='Text', CommandTimeout='30']
      SELECT COALESCE(SUM([p].[Amount]), 0.0)
      FROM [Payments] AS [p]
      WHERE [p].[IsDeleted] = CAST(0 AS bit) AND [p].[PaymentDate] >= @__mStart_0 AND [p].[PaymentDate] < @__mEnd_1
info: Microsoft.EntityFrameworkCore.Database.Command[20101]
      Executed DbCommand (0ms) [Parameters=[@__mStart_0='?' (DbType = DateTime2), @__mEnd_1='?' (DbType = DateTime2)], CommandType='Text', CommandTimeout='30']
      SELECT COALESCE(SUM([e].[Amount]), 0.0)
      FROM [Expenses] AS [e]
      WHERE [e].[IsDeleted] = CAST(0 AS bit) AND [e].[ExpenseDate] >= @__mStart_0 AND [e].[ExpenseDate] < @__mEnd_1
info: Microsoft.EntityFrameworkCore.Database.Command[20101]
      Executed DbCommand (0ms) [Parameters=[@__mStart_0='?' (DbType = DateTime2), @__mEnd_1='?' (DbType = DateTime2)], CommandType='Text', CommandTimeout='30']
      SELECT COALESCE(SUM([p].[Amount]), 0.0)
      FROM [Payments] AS [p]
      WHERE [p].[IsDeleted] = CAST(0 AS bit) AND [p].[PaymentDate] >= @__mStart_0 AND [p].[PaymentDate] < @__mEnd_1
info: Microsoft.EntityFrameworkCore.Database.Command[20101]
      Executed DbCommand (0ms) [Parameters=[@__mStart_0='?' (DbType = DateTime2), @__mEnd_1='?' (DbType = DateTime2)], CommandType='Text', CommandTimeout='30']
      SELECT COALESCE(SUM([e].[Amount]), 0.0)
      FROM [Expenses] AS [e]
      WHERE [e].[IsDeleted] = CAST(0 AS bit) AND [e].[ExpenseDate] >= @__mStart_0 AND [e].[ExpenseDate] < @__mEnd_1
info: Microsoft.EntityFrameworkCore.Database.Command[20101]
      Executed DbCommand (0ms) [Parameters=[@__mStart_0='?' (DbType = DateTime2), @__mEnd_1='?' (DbType = DateTime2)], CommandType='Text', CommandTimeout='30']
      SELECT COALESCE(SUM([p].[Amount]), 0.0)
      FROM [Payments] AS [p]
      WHERE [p].[IsDeleted] = CAST(0 AS bit) AND [p].[PaymentDate] >= @__mStart_0 AND [p].[PaymentDate] < @__mEnd_1
info: Microsoft.EntityFrameworkCore.Database.Command[20101]
      Executed DbCommand (0ms) [Parameters=[@__mStart_0='?' (DbType = DateTime2), @__mEnd_1='?' (DbType = DateTime2)], CommandType='Text', CommandTimeout='30']
      SELECT COALESCE(SUM([e].[Amount]), 0.0)
      FROM [Expenses] AS [e]
      WHERE [e].[IsDeleted] = CAST(0 AS bit) AND [e].[ExpenseDate] >= @__mStart_0 AND [e].[ExpenseDate] < @__mEnd_1
info: Microsoft.EntityFrameworkCore.Database.Command[20101]
      Executed DbCommand (0ms) [Parameters=[@__mStart_0='?' (DbType = DateTime2), @__mEnd_1='?' (DbType = DateTime2)], CommandType='Text', CommandTimeout='30']
      SELECT COALESCE(SUM([p].[Amount]), 0.0)
      FROM [Payments] AS [p]
      WHERE [p].[IsDeleted] = CAST(0 AS bit) AND [p].[PaymentDate] >= @__mStart_0 AND [p].[PaymentDate] < @__mEnd_1
info: Microsoft.EntityFrameworkCore.Database.Command[20101]
      Executed DbCommand (0ms) [Parameters=[@__mStart_0='?' (DbType = DateTime2), @__mEnd_1='?' (DbType = DateTime2)], CommandType='Text', CommandTimeout='30']
      SELECT COALESCE(SUM([e].[Amount]), 0.0)
      FROM [Expenses] AS [e]
      WHERE [e].[IsDeleted] = CAST(0 AS bit) AND [e].[ExpenseDate] >= @__mStart_0 AND [e].[ExpenseDate] < @__mEnd_1
info: Microsoft.EntityFrameworkCore.Database.Command[20101]
      Executed DbCommand (0ms) [Parameters=[@__p_0='?' (DbType = Int32)], CommandType='Text', CommandTimeout='30']
      SELECT [t].[AppointmentCode], [t0].[FullName], [t].[CreatedDate]
      FROM (
          SELECT TOP(@__p_0) [a].[AppointmentCode], [a].[CreatedDate], [a].[PatientId]
          FROM [Appointments] AS [a]
          WHERE [a].[IsDeleted] = CAST(0 AS bit)
          ORDER BY [a].[CreatedDate] DESC
      ) AS [t]
      INNER JOIN (
          SELECT [p].[Id], [p].[FullName]
          FROM [Patients] AS [p]
          WHERE [p].[IsDeleted] = CAST(0 AS bit)
      ) AS [t0] ON [t].[PatientId] = [t0].[Id]
      ORDER BY [t].[CreatedDate] DESC
info: Microsoft.EntityFrameworkCore.Database.Command[20101]
      Executed DbCommand (0ms) [Parameters=[@__p_0='?' (DbType = Int32)], CommandType='Text', CommandTimeout='30']
      SELECT TOP(@__p_0) [p].[PaymentNumber], [p].[Amount], [p].[CreatedDate]
      FROM [Payments] AS [p]
      WHERE [p].[IsDeleted] = CAST(0 AS bit)
      ORDER BY [p].[CreatedDate] DESC
info: Microsoft.EntityFrameworkCore.Database.Command[20101]
      Executed DbCommand (0ms) [Parameters=[@__p_1='?' (DbType = Int32), @__today_0='?' (DbType = DateTime2)], CommandType='Text', CommandTimeout='30']
      SELECT [t].[Id], [t].[AppointmentCode], [t].[PatientId], [t0].[FullName], [t].[DoctorId], [t1].[FullName], [t1].[Specialization], [t].[AppointmentDate], [t].[AppointmentTime], [t].[DurationMinutes], [t].[Status], [t].[Notes], [t].[Diagnosis], [t].[Prescription], [t].[Fee], [t].[IsPaid], [t].[CreatedDate]
      FROM (
          SELECT TOP(@__p_1) [a].[Id], [a].[AppointmentCode], [a].[AppointmentDate], [a].[AppointmentTime], [a].[CreatedDate], [a].[Diagnosis], [a].[DoctorId], [a].[DurationMinutes], [a].[Fee], [a].[IsPaid], [a].[Notes], [a].[PatientId], [a].[Prescription], [a].[Status]
          FROM [Appointments] AS [a]
          WHERE [a].[IsDeleted] = CAST(0 AS bit) AND CONVERT(date, [a].[AppointmentDate]) = @__today_0
          ORDER BY [a].[AppointmentTime]
      ) AS [t]
      INNER JOIN (
          SELECT [p].[Id], [p].[FullName]
          FROM [Patients] AS [p]
          WHERE [p].[IsDeleted] = CAST(0 AS bit)
      ) AS [t0] ON [t].[PatientId] = [t0].[Id]
      INNER JOIN (
          SELECT [d].[Id], [d].[FullName], [d].[Specialization]
          FROM [Doctors] AS [d]
          WHERE [d].[IsDeleted] = CAST(0 AS bit)
      ) AS [t1] ON [t].[DoctorId] = [t1].[Id]
      ORDER BY [t].[AppointmentTime]
info: Microsoft.EntityFrameworkCore.Database.Command[20101]
      Executed DbCommand (0ms) [Parameters=[@__p_0='?' (DbType = Int32)], CommandType='Text', CommandTimeout='30']
      SELECT TOP(@__p_0) [t].[FullName] AS [DoctorName], [t].[Specialization], COUNT(*) AS [AppointmentCount]
      FROM [Appointments] AS [a]
      INNER JOIN (
          SELECT [d].[Id], [d].[FullName], [d].[Specialization]
          FROM [Doctors] AS [d]
          WHERE [d].[IsDeleted] = CAST(0 AS bit)
      ) AS [t] ON [a].[DoctorId] = [t].[Id]
      WHERE [a].[IsDeleted] = CAST(0 AS bit)
      GROUP BY [a].[DoctorId], [t].[FullName], [t].[Specialization]
      ORDER BY COUNT(*) DESC
info: Microsoft.EntityFrameworkCore.Database.Command[20101]
      Executed DbCommand (1ms) [Parameters=[], CommandType='Text', CommandTimeout='30']
      SELECT COUNT(*)
      FROM [Prescriptions] AS [p]
      WHERE [p].[IsDeleted] = CAST(0 AS bit) AND [p].[Status] IN (N'Pending', N'Partially Dispensed')
info: Microsoft.EntityFrameworkCore.Database.Command[20101]
      Executed DbCommand (0ms) [Parameters=[], CommandType='Text', CommandTimeout='30']
      SELECT COUNT(*)
      FROM [LabRequests] AS [l]
      WHERE [l].[IsDeleted] = CAST(0 AS bit) AND [l].[Status] IN (N'Pending', N'Partial')
info: Microsoft.EntityFrameworkCore.Database.Command[20101]
      Executed DbCommand (0ms) [Parameters=[], CommandType='Text', CommandTimeout='30']
      SELECT COUNT(*)
      FROM [RadiologyRequests] AS [r]
      WHERE [r].[IsDeleted] = CAST(0 AS bit) AND [r].[Status] = N'Pending'
info: Microsoft.EntityFrameworkCore.Database.Command[20101]
      Executed DbCommand (0ms) [Parameters=[@__monthStart_0='?' (DbType = DateTime2)], CommandType='Text', CommandTimeout='30']
      SELECT COALESCE(SUM([t].[Quantity] * [t0].[SalePrice]), 0.0)
      FROM [Prescriptions] AS [p]
      INNER JOIN (
          SELECT [p0].[ItemId], [p0].[PrescriptionId], [p0].[Quantity]
          FROM [PrescriptionItems] AS [p0]
          WHERE [p0].[IsDeleted] = CAST(0 AS bit)
      ) AS [t] ON [p].[Id] = [t].[PrescriptionId]
      INNER JOIN (
          SELECT [i].[Id], [i].[SalePrice]
          FROM [Items] AS [i]
          WHERE [i].[IsDeleted] = CAST(0 AS bit)
      ) AS [t0] ON [t].[ItemId] = [t0].[Id]
      WHERE [p].[IsDeleted] = CAST(0 AS bit) AND [p].[PrescriptionDate] >= @__monthStart_0
info: Microsoft.EntityFrameworkCore.Database.Command[20101]
      Executed DbCommand (0ms) [Parameters=[], CommandType='Text', CommandTimeout='30']
      SELECT COALESCE(SUM([w].[Quantity] * [t].[PurchasePrice]), 0.0)
      FROM [WarehouseStocks] AS [w]
      INNER JOIN (
          SELECT [i].[Id], [i].[PurchasePrice]
          FROM [Items] AS [i]
          WHERE [i].[IsDeleted] = CAST(0 AS bit)
      ) AS [t] ON [w].[ItemId] = [t].[Id]
info: Microsoft.EntityFrameworkCore.Database.Command[20101]
      Executed DbCommand (0ms) [Parameters=[], CommandType='Text', CommandTimeout='30']
      SELECT COUNT(*)
      FROM [Beds] AS [b]
      WHERE [b].[IsDeleted] = CAST(0 AS bit)
info: Microsoft.EntityFrameworkCore.Database.Command[20101]
      Executed DbCommand (0ms) [Parameters=[], CommandType='Text', CommandTimeout='30']
      SELECT COUNT(*)
      FROM [Beds] AS [b]
      WHERE [b].[IsDeleted] = CAST(0 AS bit) AND [b].[Status] = N'Occupied'
info: Microsoft.EntityFrameworkCore.Database.Command[20101]
      Executed DbCommand (4ms) [Parameters=[@__userId_0='?' (DbType = Int32)], CommandType='Text', CommandTimeout='30']
      SELECT COUNT(*)
      FROM [Notifications] AS [n]
      WHERE ([n].[UserId] = @__userId_0 OR [n].[UserId] IS NULL) AND [n].[IsRead] = CAST(0 AS bit)
info: Microsoft.EntityFrameworkCore.Database.Command[20101]
      Executed DbCommand (4ms) [Parameters=[@__p_1='?' (DbType = Int32), @__userId_0='?' (DbType = Int32)], CommandType='Text', CommandTimeout='30']
      SELECT TOP(@__p_1) [n].[Id], [n].[CreatedBy], [n].[CreatedDate], [n].[EntityId], [n].[EntityType], [n].[IsDeleted], [n].[IsRead], [n].[Message], [n].[NotificationType], [n].[Title], [n].[UpdatedBy], [n].[UpdatedDate], [n].[UserId]
      FROM [Notifications] AS [n]
      WHERE [n].[UserId] = @__userId_0 OR [n].[UserId] IS NULL
      ORDER BY [n].[CreatedDate] DESC
info: Microsoft.EntityFrameworkCore.Database.Command[20101]
      Executed DbCommand (4ms) [Parameters=[], CommandType='Text', CommandTimeout='30']
      SELECT COUNT(*)
      FROM [InsuranceClaims] AS [i]
      WHERE [i].[IsDeleted] = CAST(0 AS bit)
info: Microsoft.EntityFrameworkCore.Database.Command[20101]
      Executed DbCommand (10ms) [Parameters=[], CommandType='Text', CommandTimeout='30']
      SELECT [i].[Id], [i].[Address], [i].[ContactPerson], [i].[CreatedBy], [i].[CreatedDate], [i].[Email], [i].[IsActive], [i].[IsDeleted], [i].[Name], [i].[PhoneNumber], [i].[TPA], [i].[UpdatedBy], [i].[UpdatedDate], [t].[Id], [t].[CoPayAmount], [t].[CoveragePercentage], [t].[CreatedBy], [t].[CreatedDate], [t].[Exclusions], [t].[InsuranceProviderId], [t].[IsActive], [t].[IsDeleted], [t].[MaxLimit], [t].[PlanCode], [t].[PlanName], [t].[RequiresPreAuth], [t].[UpdatedBy], [t].[UpdatedDate]
      FROM [InsuranceProviders] AS [i]
      LEFT JOIN (
          SELECT [i0].[Id], [i0].[CoPayAmount], [i0].[CoveragePercentage], [i0].[CreatedBy], [i0].[CreatedDate], [i0].[Exclusions], [i0].[InsuranceProviderId], [i0].[IsActive], [i0].[IsDeleted], [i0].[MaxLimit], [i0].[PlanCode], [i0].[PlanName], [i0].[RequiresPreAuth], [i0].[UpdatedBy], [i0].[UpdatedDate]
          FROM [InsurancePlans] AS [i0]
          WHERE [i0].[IsDeleted] = CAST(0 AS bit)
      ) AS [t] ON [i].[Id] = [t].[InsuranceProviderId]
      WHERE [i].[IsDeleted] = CAST(0 AS bit)
      ORDER BY [i].[Id]
info: Microsoft.EntityFrameworkCore.Database.Command[20101]
      Executed DbCommand (12ms) [Parameters=[@__p_0='?' (DbType = Int32), @__p_1='?' (DbType = Int32)], CommandType='Text', CommandTimeout='30']
      SELECT [t].[Id], [t].[ApprovedAmount], [t].[AuthCode], [t].[ClaimAmount], [t].[ClaimNumber], [t].[CreatedBy], [t].[CreatedDate], [t].[InsuranceProviderId], [t].[InvoiceId], [t].[IsDeleted], [t].[PatientId], [t].[RejectionReason], [t].[Status], [t].[StatusDate], [t].[SubmissionDate], [t].[UpdatedBy], [t].[UpdatedDate], [t0].[Id], [t0].[CreatedBy], [t0].[CreatedDate], [t0].[CustomerId], [t0].[DiscountAmount], [t0].[DueDate], [t0].[InsuranceShare], [t0].[InvoiceDate], [t0].[InvoiceNumber], [t0].[InvoiceType], [t0].[IsDeleted], [t0].[Notes], [t0].[PaidAmount], [t0].[PatientId], [t0].[PatientShare], [t0].[Status], [t0].[SubTotal], [t0].[TaxAmount], [t0].[TotalAmount], [t0].[UpdatedBy], [t0].[UpdatedDate], [t1].[Id], [t1].[Address], [t1].[Allergies], [t1].[BloodType], [t1].[CreatedBy], [t1].[CreatedDate], [t1].[DateOfBirth], [t1].[Email], [t1].[EmergencyContact], [t1].[EmergencyPhone], [t1].[FullName], [t1].[Gender], [t1].[InsuranceBalance], [t1].[InsuranceCoverageType], [t1].[InsurancePlanId], [t1].[InsurancePolicyNumber], [t1].[InsuranceProviderId], [t1].[InsuranceProviderNameManual], [t1].[IsActive], [t1].[IsDeleted], [t1].[MedicalHistory], [t1].[NationalId], [t1].[PatientCode], [t1].[PhoneNumber], [t1].[UpdatedBy], [t1].[UpdatedDate], [t2].[Id], [t2].[Address], [t2].[ContactPerson], [t2].[CreatedBy], [t2].[CreatedDate], [t2].[Email], [t2].[IsActive], [t2].[IsDeleted], [t2].[Name], [t2].[PhoneNumber], [t2].[TPA], [t2].[UpdatedBy], [t2].[UpdatedDate]
      FROM (
          SELECT [i].[Id], [i].[ApprovedAmount], [i].[AuthCode], [i].[ClaimAmount], [i].[ClaimNumber], [i].[CreatedBy], [i].[CreatedDate], [i].[InsuranceProviderId], [i].[InvoiceId], [i].[IsDeleted], [i].[PatientId], [i].[RejectionReason], [i].[Status], [i].[StatusDate], [i].[SubmissionDate], [i].[UpdatedBy], [i].[UpdatedDate]
          FROM [InsuranceClaims] AS [i]
          WHERE [i].[IsDeleted] = CAST(0 AS bit)
          ORDER BY [i].[CreatedDate] DESC
          OFFSET @__p_0 ROWS FETCH NEXT @__p_1 ROWS ONLY
      ) AS [t]
      INNER JOIN (
          SELECT [i0].[Id], [i0].[CreatedBy], [i0].[CreatedDate], [i0].[CustomerId], [i0].[DiscountAmount], [i0].[DueDate], [i0].[InsuranceShare], [i0].[InvoiceDate], [i0].[InvoiceNumber], [i0].[InvoiceType], [i0].[IsDeleted], [i0].[Notes], [i0].[PaidAmount], [i0].[PatientId], [i0].[PatientShare], [i0].[Status], [i0].[SubTotal], [i0].[TaxAmount], [i0].[TotalAmount], [i0].[UpdatedBy], [i0].[UpdatedDate]
          FROM [Invoices] AS [i0]
          WHERE [i0].[IsDeleted] = CAST(0 AS bit)
      ) AS [t0] ON [t].[InvoiceId] = [t0].[Id]
      INNER JOIN (
          SELECT [p].[Id], [p].[Address], [p].[Allergies], [p].[BloodType], [p].[CreatedBy], [p].[CreatedDate], [p].[DateOfBirth], [p].[Email], [p].[EmergencyContact], [p].[EmergencyPhone], [p].[FullName], [p].[Gender], [p].[InsuranceBalance], [p].[InsuranceCoverageType], [p].[InsurancePlanId], [p].[InsurancePolicyNumber], [p].[InsuranceProviderId], [p].[InsuranceProviderNameManual], [p].[IsActive], [p].[IsDeleted], [p].[MedicalHistory], [p].[NationalId], [p].[PatientCode], [p].[PhoneNumber], [p].[UpdatedBy], [p].[UpdatedDate]
          FROM [Patients] AS [p]
          WHERE [p].[IsDeleted] = CAST(0 AS bit)
      ) AS [t1] ON [t].[PatientId] = [t1].[Id]
      INNER JOIN (
          SELECT [i1].[Id], [i1].[Address], [i1].[ContactPerson], [i1].[CreatedBy], [i1].[CreatedDate], [i1].[Email], [i1].[IsActive], [i1].[IsDeleted], [i1].[Name], [i1].[PhoneNumber], [i1].[TPA], [i1].[UpdatedBy], [i1].[UpdatedDate]
          FROM [InsuranceProviders] AS [i1]
          WHERE [i1].[IsDeleted] = CAST(0 AS bit)
      ) AS [t2] ON [t].[InsuranceProviderId] = [t2].[Id]
      ORDER BY [t].[CreatedDate] DESC
info: Microsoft.EntityFrameworkCore.Database.Command[20101]
      Executed DbCommand (1ms) [Parameters=[@__userId_0='?' (DbType = Int32)], CommandType='Text', CommandTimeout='30']
      SELECT COUNT(*)
      FROM [Notifications] AS [n]
      WHERE ([n].[UserId] = @__userId_0 OR [n].[UserId] IS NULL) AND [n].[IsRead] = CAST(0 AS bit)
info: Microsoft.EntityFrameworkCore.Database.Command[20101]
      Executed DbCommand (1ms) [Parameters=[@__p_1='?' (DbType = Int32), @__userId_0='?' (DbType = Int32)], CommandType='Text', CommandTimeout='30']
      SELECT TOP(@__p_1) [n].[Id], [n].[CreatedBy], [n].[CreatedDate], [n].[EntityId], [n].[EntityType], [n].[IsDeleted], [n].[IsRead], [n].[Message], [n].[NotificationType], [n].[Title], [n].[UpdatedBy], [n].[UpdatedDate], [n].[UserId]
      FROM [Notifications] AS [n]
      WHERE [n].[UserId] = @__userId_0 OR [n].[UserId] IS NULL
      ORDER BY [n].[CreatedDate] DESC
info: Microsoft.EntityFrameworkCore.Database.Command[20101]
      Executed DbCommand (3ms) [Parameters=[], CommandType='Text', CommandTimeout='30']
      SELECT COUNT(*)
      FROM [Patients] AS [p]
      WHERE [p].[IsDeleted] = CAST(0 AS bit)
info: Microsoft.EntityFrameworkCore.Database.Command[20101]
      Executed DbCommand (1ms) [Parameters=[], CommandType='Text', CommandTimeout='30']
      SELECT COUNT(*)
      FROM [Invoices] AS [i]
      WHERE [i].[IsDeleted] = CAST(0 AS bit)
info: Microsoft.EntityFrameworkCore.Database.Command[20101]
      Executed DbCommand (5ms) [Parameters=[], CommandType='Text', CommandTimeout='30']
      SELECT COUNT(*)
      FROM [Customers] AS [c]
      WHERE [c].[IsDeleted] = CAST(0 AS bit)
info: Microsoft.EntityFrameworkCore.Database.Command[20101]
      Executed DbCommand (3ms) [Parameters=[], CommandType='Text', CommandTimeout='30']
      SELECT COUNT(*)
      FROM [Items] AS [i]
      WHERE [i].[IsDeleted] = CAST(0 AS bit)
info: Microsoft.EntityFrameworkCore.Database.Command[20101]
      Executed DbCommand (3ms) [Parameters=[@__p_0='?' (DbType = Int32), @__p_1='?' (DbType = Int32)], CommandType='Text', CommandTimeout='30']
      SELECT [c].[Id], [c].[Address], [c].[Balance], [c].[ContactPerson], [c].[CreatedBy], [c].[CreatedDate], [c].[CustomerCode], [c].[CustomerName], [c].[Email], [c].[IsActive], [c].[IsDeleted], [c].[PhoneNumber], [c].[TaxNumber], [c].[UpdatedBy], [c].[UpdatedDate]
      FROM [Customers] AS [c]
      WHERE [c].[IsDeleted] = CAST(0 AS bit)
      ORDER BY [c].[CustomerName]
      OFFSET @__p_0 ROWS FETCH NEXT @__p_1 ROWS ONLY
info: Microsoft.EntityFrameworkCore.Database.Command[20101]
      Executed DbCommand (4ms) [Parameters=[@__p_0='?' (DbType = Int32), @__p_1='?' (DbType = Int32)], CommandType='Text', CommandTimeout='30']
      SELECT [i].[Id], [i].[Barcode], [i].[Category], [i].[CreatedBy], [i].[CreatedDate], [i].[Description], [i].[DosageForm], [i].[GenericName], [i].[IsActive], [i].[IsDeleted], [i].[IsNarcotic], [i].[ItemCode], [i].[ItemName], [i].[ItemNameAr], [i].[PurchasePrice], [i].[RequiresRefrigeration], [i].[SalePrice], [i].[Strength], [i].[TaxRate], [i].[TrackBatches], [i].[Unit], [i].[UpdatedBy], [i].[UpdatedDate]
      FROM [Items] AS [i]
      WHERE [i].[IsDeleted] = CAST(0 AS bit)
      ORDER BY [i].[ItemName]
      OFFSET @__p_0 ROWS FETCH NEXT @__p_1 ROWS ONLY
info: Microsoft.EntityFrameworkCore.Database.Command[20101]
      Executed DbCommand (20ms) [Parameters=[@__p_0='?' (DbType = Int32), @__p_1='?' (DbType = Int32)], CommandType='Text', CommandTimeout='30']
      SELECT [t].[Id], [t].[Address], [t].[Allergies], [t].[BloodType], [t].[CreatedBy], [t].[CreatedDate], [t].[DateOfBirth], [t].[Email], [t].[EmergencyContact], [t].[EmergencyPhone], [t].[FullName], [t].[Gender], [t].[InsuranceBalance], [t].[InsuranceCoverageType], [t].[InsurancePlanId], [t].[InsurancePolicyNumber], [t].[InsuranceProviderId], [t].[InsuranceProviderNameManual], [t].[IsActive], [t].[IsDeleted], [t].[MedicalHistory], [t].[NationalId], [t].[PatientCode], [t].[PhoneNumber], [t].[UpdatedBy], [t].[UpdatedDate], [t0].[Id], [t0].[Address], [t0].[ContactPerson], [t0].[CreatedBy], [t0].[CreatedDate], [t0].[Email], [t0].[IsActive], [t0].[IsDeleted], [t0].[Name], [t0].[PhoneNumber], [t0].[TPA], [t0].[UpdatedBy], [t0].[UpdatedDate], [t1].[Id], [t1].[CoPayAmount], [t1].[CoveragePercentage], [t1].[CreatedBy], [t1].[CreatedDate], [t1].[Exclusions], [t1].[InsuranceProviderId], [t1].[IsActive], [t1].[IsDeleted], [t1].[MaxLimit], [t1].[PlanCode], [t1].[PlanName], [t1].[RequiresPreAuth], [t1].[UpdatedBy], [t1].[UpdatedDate]
      FROM (
          SELECT [p].[Id], [p].[Address], [p].[Allergies], [p].[BloodType], [p].[CreatedBy], [p].[CreatedDate], [p].[DateOfBirth], [p].[Email], [p].[EmergencyContact], [p].[EmergencyPhone], [p].[FullName], [p].[Gender], [p].[InsuranceBalance], [p].[InsuranceCoverageType], [p].[InsurancePlanId], [p].[InsurancePolicyNumber], [p].[InsuranceProviderId], [p].[InsuranceProviderNameManual], [p].[IsActive], [p].[IsDeleted], [p].[MedicalHistory], [p].[NationalId], [p].[PatientCode], [p].[PhoneNumber], [p].[UpdatedBy], [p].[UpdatedDate]
          FROM [Patients] AS [p]
          WHERE [p].[IsDeleted] = CAST(0 AS bit)
          ORDER BY [p].[CreatedDate] DESC
          OFFSET @__p_0 ROWS FETCH NEXT @__p_1 ROWS ONLY
      ) AS [t]
      LEFT JOIN (
          SELECT [i].[Id], [i].[Address], [i].[ContactPerson], [i].[CreatedBy], [i].[CreatedDate], [i].[Email], [i].[IsActive], [i].[IsDeleted], [i].[Name], [i].[PhoneNumber], [i].[TPA], [i].[UpdatedBy], [i].[UpdatedDate]
          FROM [InsuranceProviders] AS [i]
          WHERE [i].[IsDeleted] = CAST(0 AS bit)
      ) AS [t0] ON [t].[InsuranceProviderId] = [t0].[Id]
      LEFT JOIN (
          SELECT [i0].[Id], [i0].[CoPayAmount], [i0].[CoveragePercentage], [i0].[CreatedBy], [i0].[CreatedDate], [i0].[Exclusions], [i0].[InsuranceProviderId], [i0].[IsActive], [i0].[IsDeleted], [i0].[MaxLimit], [i0].[PlanCode], [i0].[PlanName], [i0].[RequiresPreAuth], [i0].[UpdatedBy], [i0].[UpdatedDate]
          FROM [InsurancePlans] AS [i0]
          WHERE [i0].[IsDeleted] = CAST(0 AS bit)
      ) AS [t1] ON [t].[InsurancePlanId] = [t1].[Id]
      ORDER BY [t].[CreatedDate] DESC
info: Microsoft.EntityFrameworkCore.Database.Command[20101]
      Executed DbCommand (20ms) [Parameters=[@__p_0='?' (DbType = Int32), @__p_1='?' (DbType = Int32)], CommandType='Text', CommandTimeout='30']
      SELECT [t].[Id], [t].[CreatedBy], [t].[CreatedDate], [t].[CustomerId], [t].[DiscountAmount], [t].[DueDate], [t].[InsuranceShare], [t].[InvoiceDate], [t].[InvoiceNumber], [t].[InvoiceType], [t].[IsDeleted], [t].[Notes], [t].[PaidAmount], [t].[PatientId], [t].[PatientShare], [t].[Status], [t].[SubTotal], [t].[TaxAmount], [t].[TotalAmount], [t].[UpdatedBy], [t].[UpdatedDate], [t0].[Id], [t0].[Address], [t0].[Allergies], [t0].[BloodType], [t0].[CreatedBy], [t0].[CreatedDate], [t0].[DateOfBirth], [t0].[Email], [t0].[EmergencyContact], [t0].[EmergencyPhone], [t0].[FullName], [t0].[Gender], [t0].[InsuranceBalance], [t0].[InsuranceCoverageType], [t0].[InsurancePlanId], [t0].[InsurancePolicyNumber], [t0].[InsuranceProviderId], [t0].[InsuranceProviderNameManual], [t0].[IsActive], [t0].[IsDeleted], [t0].[MedicalHistory], [t0].[NationalId], [t0].[PatientCode], [t0].[PhoneNumber], [t0].[UpdatedBy], [t0].[UpdatedDate], [t1].[Id], [t1].[Address], [t1].[Balance], [t1].[ContactPerson], [t1].[CreatedBy], [t1].[CreatedDate], [t1].[CustomerCode], [t1].[CustomerName], [t1].[Email], [t1].[IsActive], [t1].[IsDeleted], [t1].[PhoneNumber], [t1].[TaxNumber], [t1].[UpdatedBy], [t1].[UpdatedDate], [t2].[Id], [t2].[CreatedBy], [t2].[CreatedDate], [t2].[Description], [t2].[Discount], [t2].[InvoiceId], [t2].[IsDeleted], [t2].[ItemId], [t2].[Quantity], [t2].[TaxRate], [t2].[Total], [t2].[UnitPrice], [t2].[UpdatedBy], [t2].[UpdatedDate], [t2].[Id0], [t2].[Barcode], [t2].[Category], [t2].[CreatedBy0], [t2].[CreatedDate0], [t2].[Description0], [t2].[DosageForm], [t2].[GenericName], [t2].[IsActive], [t2].[IsDeleted0], [t2].[IsNarcotic], [t2].[ItemCode], [t2].[ItemName], [t2].[ItemNameAr], [t2].[PurchasePrice], [t2].[RequiresRefrigeration], [t2].[SalePrice], [t2].[Strength], [t2].[TaxRate0], [t2].[TrackBatches], [t2].[Unit], [t2].[UpdatedBy0], [t2].[UpdatedDate0]
      FROM (
          SELECT [i].[Id], [i].[CreatedBy], [i].[CreatedDate], [i].[CustomerId], [i].[DiscountAmount], [i].[DueDate], [i].[InsuranceShare], [i].[InvoiceDate], [i].[InvoiceNumber], [i].[InvoiceType], [i].[IsDeleted], [i].[Notes], [i].[PaidAmount], [i].[PatientId], [i].[PatientShare], [i].[Status], [i].[SubTotal], [i].[TaxAmount], [i].[TotalAmount], [i].[UpdatedBy], [i].[UpdatedDate]
          FROM [Invoices] AS [i]
          WHERE [i].[IsDeleted] = CAST(0 AS bit)
          ORDER BY [i].[InvoiceDate] DESC
          OFFSET @__p_0 ROWS FETCH NEXT @__p_1 ROWS ONLY
      ) AS [t]
      LEFT JOIN (
          SELECT [p].[Id], [p].[Address], [p].[Allergies], [p].[BloodType], [p].[CreatedBy], [p].[CreatedDate], [p].[DateOfBirth], [p].[Email], [p].[EmergencyContact], [p].[EmergencyPhone], [p].[FullName], [p].[Gender], [p].[InsuranceBalance], [p].[InsuranceCoverageType], [p].[InsurancePlanId], [p].[InsurancePolicyNumber], [p].[InsuranceProviderId], [p].[InsuranceProviderNameManual], [p].[IsActive], [p].[IsDeleted], [p].[MedicalHistory], [p].[NationalId], [p].[PatientCode], [p].[PhoneNumber], [p].[UpdatedBy], [p].[UpdatedDate]
          FROM [Patients] AS [p]
          WHERE [p].[IsDeleted] = CAST(0 AS bit)
      ) AS [t0] ON [t].[PatientId] = [t0].[Id]
      LEFT JOIN (
          SELECT [c].[Id], [c].[Address], [c].[Balance], [c].[ContactPerson], [c].[CreatedBy], [c].[CreatedDate], [c].[CustomerCode], [c].[CustomerName], [c].[Email], [c].[IsActive], [c].[IsDeleted], [c].[PhoneNumber], [c].[TaxNumber], [c].[UpdatedBy], [c].[UpdatedDate]
          FROM [Customers] AS [c]
          WHERE [c].[IsDeleted] = CAST(0 AS bit)
      ) AS [t1] ON [t].[CustomerId] = [t1].[Id]
      LEFT JOIN (
          SELECT [i0].[Id], [i0].[CreatedBy], [i0].[CreatedDate], [i0].[Description], [i0].[Discount], [i0].[InvoiceId], [i0].[IsDeleted], [i0].[ItemId], [i0].[Quantity], [i0].[TaxRate], [i0].[Total], [i0].[UnitPrice], [i0].[UpdatedBy], [i0].[UpdatedDate], [t3].[Id] AS [Id0], [t3].[Barcode], [t3].[Category], [t3].[CreatedBy] AS [CreatedBy0], [t3].[CreatedDate] AS [CreatedDate0], [t3].[Description] AS [Description0], [t3].[DosageForm], [t3].[GenericName], [t3].[IsActive], [t3].[IsDeleted] AS [IsDeleted0], [t3].[IsNarcotic], [t3].[ItemCode], [t3].[ItemName], [t3].[ItemNameAr], [t3].[PurchasePrice], [t3].[RequiresRefrigeration], [t3].[SalePrice], [t3].[Strength], [t3].[TaxRate] AS [TaxRate0], [t3].[TrackBatches], [t3].[Unit], [t3].[UpdatedBy] AS [UpdatedBy0], [t3].[UpdatedDate] AS [UpdatedDate0]
          FROM [InvoiceItems] AS [i0]
          LEFT JOIN (
              SELECT [i1].[Id], [i1].[Barcode], [i1].[Category], [i1].[CreatedBy], [i1].[CreatedDate], [i1].[Description], [i1].[DosageForm], [i1].[GenericName], [i1].[IsActive], [i1].[IsDeleted], [i1].[IsNarcotic], [i1].[ItemCode], [i1].[ItemName], [i1].[ItemNameAr], [i1].[PurchasePrice], [i1].[RequiresRefrigeration], [i1].[SalePrice], [i1].[Strength], [i1].[TaxRate], [i1].[TrackBatches], [i1].[Unit], [i1].[UpdatedBy], [i1].[UpdatedDate]
              FROM [Items] AS [i1]
              WHERE [i1].[IsDeleted] = CAST(0 AS bit)
          ) AS [t3] ON [i0].[ItemId] = [t3].[Id]
      ) AS [t2] ON [t].[Id] = [t2].[InvoiceId]
      ORDER BY [t].[InvoiceDate] DESC, [t].[Id], [t0].[Id], [t1].[Id], [t2].[Id]
info: Microsoft.EntityFrameworkCore.Database.Command[20101]
      Executed DbCommand (2ms) [Parameters=[@__userId_0='?' (DbType = Int32)], CommandType='Text', CommandTimeout='30']
      SELECT COUNT(*)
      FROM [Notifications] AS [n]
      WHERE ([n].[UserId] = @__userId_0 OR [n].[UserId] IS NULL) AND [n].[IsRead] = CAST(0 AS bit)
info: Microsoft.EntityFrameworkCore.Database.Command[20101]
      Executed DbCommand (2ms) [Parameters=[@__p_1='?' (DbType = Int32), @__userId_0='?' (DbType = Int32)], CommandType='Text', CommandTimeout='30']
      SELECT TOP(@__p_1) [n].[Id], [n].[CreatedBy], [n].[CreatedDate], [n].[EntityId], [n].[EntityType], [n].[IsDeleted], [n].[IsRead], [n].[Message], [n].[NotificationType], [n].[Title], [n].[UpdatedBy], [n].[UpdatedDate], [n].[UserId]
      FROM [Notifications] AS [n]
      WHERE [n].[UserId] = @__userId_0 OR [n].[UserId] IS NULL
      ORDER BY [n].[CreatedDate] DESC
info: Microsoft.EntityFrameworkCore.Database.Command[20101]
      Executed DbCommand (2ms) [Parameters=[], CommandType='Text', CommandTimeout='30']
      SELECT COUNT(*)
      FROM [Doctors] AS [d]
      WHERE [d].[IsDeleted] = CAST(0 AS bit)
info: Microsoft.EntityFrameworkCore.Database.Command[20101]
      Executed DbCommand (3ms) [Parameters=[@__p_0='?' (DbType = Int32), @__p_1='?' (DbType = Int32)], CommandType='Text', CommandTimeout='30']
      SELECT [d].[Id], [d].[ConsultationFee], [d].[CreatedBy], [d].[CreatedDate], [d].[DoctorCode], [d].[Email], [d].[EmployeeId], [d].[FullName], [d].[IsActive], [d].[IsDeleted], [d].[LicenseNumber], [d].[PhoneNumber], [d].[Specialization], [d].[SubSpecialization], [d].[UpdatedBy], [d].[UpdatedDate], [d].[WorkingDays], [d].[WorkingHours]
      FROM [Doctors] AS [d]
      WHERE [d].[IsDeleted] = CAST(0 AS bit)
      ORDER BY [d].[CreatedDate] DESC
      OFFSET @__p_0 ROWS FETCH NEXT @__p_1 ROWS ONLY
info: Microsoft.EntityFrameworkCore.Database.Command[20101]
      Executed DbCommand (1ms) [Parameters=[@__userId_0='?' (DbType = Int32)], CommandType='Text', CommandTimeout='30']
      SELECT COUNT(*)
      FROM [Notifications] AS [n]
      WHERE ([n].[UserId] = @__userId_0 OR [n].[UserId] IS NULL) AND [n].[IsRead] = CAST(0 AS bit)
info: Microsoft.EntityFrameworkCore.Database.Command[20101]
      Executed DbCommand (1ms) [Parameters=[@__p_1='?' (DbType = Int32), @__userId_0='?' (DbType = Int32)], CommandType='Text', CommandTimeout='30']
      SELECT TOP(@__p_1) [n].[Id], [n].[CreatedBy], [n].[CreatedDate], [n].[EntityId], [n].[EntityType], [n].[IsDeleted], [n].[IsRead], [n].[Message], [n].[NotificationType], [n].[Title], [n].[UpdatedBy], [n].[UpdatedDate], [n].[UserId]
      FROM [Notifications] AS [n]
      WHERE [n].[UserId] = @__userId_0 OR [n].[UserId] IS NULL
      ORDER BY [n].[CreatedDate] DESC
info: Microsoft.EntityFrameworkCore.Database.Command[20101]
      Executed DbCommand (1ms) [Parameters=[], CommandType='Text', CommandTimeout='30']
      SELECT COUNT(*)
      FROM [Doctors] AS [d]
      WHERE [d].[IsDeleted] = CAST(0 AS bit)
info: Microsoft.EntityFrameworkCore.Database.Command[20101]
      Executed DbCommand (1ms) [Parameters=[], CommandType='Text', CommandTimeout='30']
      SELECT COUNT(*)
      FROM [Patients] AS [p]
      WHERE [p].[IsDeleted] = CAST(0 AS bit)
info: Microsoft.EntityFrameworkCore.Database.Command[20101]
      Executed DbCommand (1ms) [Parameters=[@__p_0='?' (DbType = Int32), @__p_1='?' (DbType = Int32)], CommandType='Text', CommandTimeout='30']
      SELECT [d].[Id], [d].[ConsultationFee], [d].[CreatedBy], [d].[CreatedDate], [d].[DoctorCode], [d].[Email], [d].[EmployeeId], [d].[FullName], [d].[IsActive], [d].[IsDeleted], [d].[LicenseNumber], [d].[PhoneNumber], [d].[Specialization], [d].[SubSpecialization], [d].[UpdatedBy], [d].[UpdatedDate], [d].[WorkingDays], [d].[WorkingHours]
      FROM [Doctors] AS [d]
      WHERE [d].[IsDeleted] = CAST(0 AS bit)
      ORDER BY [d].[CreatedDate] DESC
      OFFSET @__p_0 ROWS FETCH NEXT @__p_1 ROWS ONLY
info: Microsoft.EntityFrameworkCore.Database.Command[20101]
      Executed DbCommand (1ms) [Parameters=[@__p_0='?' (DbType = Int32), @__p_1='?' (DbType = Int32)], CommandType='Text', CommandTimeout='30']
      SELECT [t].[Id], [t].[Address], [t].[Allergies], [t].[BloodType], [t].[CreatedBy], [t].[CreatedDate], [t].[DateOfBirth], [t].[Email], [t].[EmergencyContact], [t].[EmergencyPhone], [t].[FullName], [t].[Gender], [t].[InsuranceBalance], [t].[InsuranceCoverageType], [t].[InsurancePlanId], [t].[InsurancePolicyNumber], [t].[InsuranceProviderId], [t].[InsuranceProviderNameManual], [t].[IsActive], [t].[IsDeleted], [t].[MedicalHistory], [t].[NationalId], [t].[PatientCode], [t].[PhoneNumber], [t].[UpdatedBy], [t].[UpdatedDate], [t0].[Id], [t0].[Address], [t0].[ContactPerson], [t0].[CreatedBy], [t0].[CreatedDate], [t0].[Email], [t0].[IsActive], [t0].[IsDeleted], [t0].[Name], [t0].[PhoneNumber], [t0].[TPA], [t0].[UpdatedBy], [t0].[UpdatedDate], [t1].[Id], [t1].[CoPayAmount], [t1].[CoveragePercentage], [t1].[CreatedBy], [t1].[CreatedDate], [t1].[Exclusions], [t1].[InsuranceProviderId], [t1].[IsActive], [t1].[IsDeleted], [t1].[MaxLimit], [t1].[PlanCode], [t1].[PlanName], [t1].[RequiresPreAuth], [t1].[UpdatedBy], [t1].[UpdatedDate]
      FROM (
          SELECT [p].[Id], [p].[Address], [p].[Allergies], [p].[BloodType], [p].[CreatedBy], [p].[CreatedDate], [p].[DateOfBirth], [p].[Email], [p].[EmergencyContact], [p].[EmergencyPhone], [p].[FullName], [p].[Gender], [p].[InsuranceBalance], [p].[InsuranceCoverageType], [p].[InsurancePlanId], [p].[InsurancePolicyNumber], [p].[InsuranceProviderId], [p].[InsuranceProviderNameManual], [p].[IsActive], [p].[IsDeleted], [p].[MedicalHistory], [p].[NationalId], [p].[PatientCode], [p].[PhoneNumber], [p].[UpdatedBy], [p].[UpdatedDate]
          FROM [Patients] AS [p]
          WHERE [p].[IsDeleted] = CAST(0 AS bit)
          ORDER BY [p].[CreatedDate] DESC
          OFFSET @__p_0 ROWS FETCH NEXT @__p_1 ROWS ONLY
      ) AS [t]
      LEFT JOIN (
          SELECT [i].[Id], [i].[Address], [i].[ContactPerson], [i].[CreatedBy], [i].[CreatedDate], [i].[Email], [i].[IsActive], [i].[IsDeleted], [i].[Name], [i].[PhoneNumber], [i].[TPA], [i].[UpdatedBy], [i].[UpdatedDate]
          FROM [InsuranceProviders] AS [i]
          WHERE [i].[IsDeleted] = CAST(0 AS bit)
      ) AS [t0] ON [t].[InsuranceProviderId] = [t0].[Id]
      LEFT JOIN (
          SELECT [i0].[Id], [i0].[CoPayAmount], [i0].[CoveragePercentage], [i0].[CreatedBy], [i0].[CreatedDate], [i0].[Exclusions], [i0].[InsuranceProviderId], [i0].[IsActive], [i0].[IsDeleted], [i0].[MaxLimit], [i0].[PlanCode], [i0].[PlanName], [i0].[RequiresPreAuth], [i0].[UpdatedBy], [i0].[UpdatedDate]
          FROM [InsurancePlans] AS [i0]
          WHERE [i0].[IsDeleted] = CAST(0 AS bit)
      ) AS [t1] ON [t].[InsurancePlanId] = [t1].[Id]
      ORDER BY [t].[CreatedDate] DESC
info: Microsoft.EntityFrameworkCore.Database.Command[20101]
      Executed DbCommand (2ms) [Parameters=[], CommandType='Text', CommandTimeout='30']
      SELECT COUNT(*)
      FROM [Appointments] AS [a]
      WHERE [a].[IsDeleted] = CAST(0 AS bit)
info: Microsoft.EntityFrameworkCore.Database.Command[20101]
      Executed DbCommand (4ms) [Parameters=[@__p_0='?' (DbType = Int32), @__p_1='?' (DbType = Int32)], CommandType='Text', CommandTimeout='30']
      SELECT [t].[Id], [t].[AppointmentCode], [t].[AppointmentDate], [t].[AppointmentTime], [t].[CreatedBy], [t].[CreatedDate], [t].[Diagnosis], [t].[DoctorId], [t].[DurationMinutes], [t].[Fee], [t].[IsDeleted], [t].[IsPaid], [t].[IsTelehealth], [t].[MeetingLink], [t].[Notes], [t].[PatientId], [t].[Prescription], [t].[Status], [t].[UpdatedBy], [t].[UpdatedDate], [t].[VirtualWaitingRoomStatus], [t0].[Id], [t0].[Address], [t0].[Allergies], [t0].[BloodType], [t0].[CreatedBy], [t0].[CreatedDate], [t0].[DateOfBirth], [t0].[Email], [t0].[EmergencyContact], [t0].[EmergencyPhone], [t0].[FullName], [t0].[Gender], [t0].[InsuranceBalance], [t0].[InsuranceCoverageType], [t0].[InsurancePlanId], [t0].[InsurancePolicyNumber], [t0].[InsuranceProviderId], [t0].[InsuranceProviderNameManual], [t0].[IsActive], [t0].[IsDeleted], [t0].[MedicalHistory], [t0].[NationalId], [t0].[PatientCode], [t0].[PhoneNumber], [t0].[UpdatedBy], [t0].[UpdatedDate], [t1].[Id], [t1].[ConsultationFee], [t1].[CreatedBy], [t1].[CreatedDate], [t1].[DoctorCode], [t1].[Email], [t1].[EmployeeId], [t1].[FullName], [t1].[IsActive], [t1].[IsDeleted], [t1].[LicenseNumber], [t1].[PhoneNumber], [t1].[Specialization], [t1].[SubSpecialization], [t1].[UpdatedBy], [t1].[UpdatedDate], [t1].[WorkingDays], [t1].[WorkingHours]
      FROM (
          SELECT [a].[Id], [a].[AppointmentCode], [a].[AppointmentDate], [a].[AppointmentTime], [a].[CreatedBy], [a].[CreatedDate], [a].[Diagnosis], [a].[DoctorId], [a].[DurationMinutes], [a].[Fee], [a].[IsDeleted], [a].[IsPaid], [a].[IsTelehealth], [a].[MeetingLink], [a].[Notes], [a].[PatientId], [a].[Prescription], [a].[Status], [a].[UpdatedBy], [a].[UpdatedDate], [a].[VirtualWaitingRoomStatus]
          FROM [Appointments] AS [a]
          WHERE [a].[IsDeleted] = CAST(0 AS bit)
          ORDER BY [a].[AppointmentDate] DESC
          OFFSET @__p_0 ROWS FETCH NEXT @__p_1 ROWS ONLY
      ) AS [t]
      INNER JOIN (
          SELECT [p].[Id], [p].[Address], [p].[Allergies], [p].[BloodType], [p].[CreatedBy], [p].[CreatedDate], [p].[DateOfBirth], [p].[Email], [p].[EmergencyContact], [p].[EmergencyPhone], [p].[FullName], [p].[Gender], [p].[InsuranceBalance], [p].[InsuranceCoverageType], [p].[InsurancePlanId], [p].[InsurancePolicyNumber], [p].[InsuranceProviderId], [p].[InsuranceProviderNameManual], [p].[IsActive], [p].[IsDeleted], [p].[MedicalHistory], [p].[NationalId], [p].[PatientCode], [p].[PhoneNumber], [p].[UpdatedBy], [p].[UpdatedDate]
          FROM [Patients] AS [p]
          WHERE [p].[IsDeleted] = CAST(0 AS bit)
      ) AS [t0] ON [t].[PatientId] = [t0].[Id]
      INNER JOIN (
          SELECT [d].[Id], [d].[ConsultationFee], [d].[CreatedBy], [d].[CreatedDate], [d].[DoctorCode], [d].[Email], [d].[EmployeeId], [d].[FullName], [d].[IsActive], [d].[IsDeleted], [d].[LicenseNumber], [d].[PhoneNumber], [d].[Specialization], [d].[SubSpecialization], [d].[UpdatedBy], [d].[UpdatedDate], [d].[WorkingDays], [d].[WorkingHours]
          FROM [Doctors] AS [d]
          WHERE [d].[IsDeleted] = CAST(0 AS bit)
      ) AS [t1] ON [t].[DoctorId] = [t1].[Id]
      ORDER BY [t].[AppointmentDate] DESC
info: Microsoft.EntityFrameworkCore.Database.Command[20101]
      Executed DbCommand (1ms) [Parameters=[@__userId_0='?' (DbType = Int32)], CommandType='Text', CommandTimeout='30']
      SELECT COUNT(*)
      FROM [Notifications] AS [n]
      WHERE ([n].[UserId] = @__userId_0 OR [n].[UserId] IS NULL) AND [n].[IsRead] = CAST(0 AS bit)
info: Microsoft.EntityFrameworkCore.Database.Command[20101]
      Executed DbCommand (1ms) [Parameters=[@__p_1='?' (DbType = Int32), @__userId_0='?' (DbType = Int32)], CommandType='Text', CommandTimeout='30']
      SELECT TOP(@__p_1) [n].[Id], [n].[CreatedBy], [n].[CreatedDate], [n].[EntityId], [n].[EntityType], [n].[IsDeleted], [n].[IsRead], [n].[Message], [n].[NotificationType], [n].[Title], [n].[UpdatedBy], [n].[UpdatedDate], [n].[UserId]
      FROM [Notifications] AS [n]
      WHERE [n].[UserId] = @__userId_0 OR [n].[UserId] IS NULL
      ORDER BY [n].[CreatedDate] DESC
info: Microsoft.EntityFrameworkCore.Database.Command[20101]
      Executed DbCommand (1ms) [Parameters=[], CommandType='Text', CommandTimeout='30']
      SELECT COUNT(*)
      FROM [Patients] AS [p]
      WHERE [p].[IsDeleted] = CAST(0 AS bit)
info: Microsoft.EntityFrameworkCore.Database.Command[20101]
      Executed DbCommand (1ms) [Parameters=[@__p_0='?' (DbType = Int32), @__p_1='?' (DbType = Int32)], CommandType='Text', CommandTimeout='30']
      SELECT [t].[Id], [t].[Address], [t].[Allergies], [t].[BloodType], [t].[CreatedBy], [t].[CreatedDate], [t].[DateOfBirth], [t].[Email], [t].[EmergencyContact], [t].[EmergencyPhone], [t].[FullName], [t].[Gender], [t].[InsuranceBalance], [t].[InsuranceCoverageType], [t].[InsurancePlanId], [t].[InsurancePolicyNumber], [t].[InsuranceProviderId], [t].[InsuranceProviderNameManual], [t].[IsActive], [t].[IsDeleted], [t].[MedicalHistory], [t].[NationalId], [t].[PatientCode], [t].[PhoneNumber], [t].[UpdatedBy], [t].[UpdatedDate], [t0].[Id], [t0].[Address], [t0].[ContactPerson], [t0].[CreatedBy], [t0].[CreatedDate], [t0].[Email], [t0].[IsActive], [t0].[IsDeleted], [t0].[Name], [t0].[PhoneNumber], [t0].[TPA], [t0].[UpdatedBy], [t0].[UpdatedDate], [t1].[Id], [t1].[CoPayAmount], [t1].[CoveragePercentage], [t1].[CreatedBy], [t1].[CreatedDate], [t1].[Exclusions], [t1].[InsuranceProviderId], [t1].[IsActive], [t1].[IsDeleted], [t1].[MaxLimit], [t1].[PlanCode], [t1].[PlanName], [t1].[RequiresPreAuth], [t1].[UpdatedBy], [t1].[UpdatedDate]
      FROM (
          SELECT [p].[Id], [p].[Address], [p].[Allergies], [p].[BloodType], [p].[CreatedBy], [p].[CreatedDate], [p].[DateOfBirth], [p].[Email], [p].[EmergencyContact], [p].[EmergencyPhone], [p].[FullName], [p].[Gender], [p].[InsuranceBalance], [p].[InsuranceCoverageType], [p].[InsurancePlanId], [p].[InsurancePolicyNumber], [p].[InsuranceProviderId], [p].[InsuranceProviderNameManual], [p].[IsActive], [p].[IsDeleted], [p].[MedicalHistory], [p].[NationalId], [p].[PatientCode], [p].[PhoneNumber], [p].[UpdatedBy], [p].[UpdatedDate]
          FROM [Patients] AS [p]
          WHERE [p].[IsDeleted] = CAST(0 AS bit)
          ORDER BY [p].[CreatedDate] DESC
          OFFSET @__p_0 ROWS FETCH NEXT @__p_1 ROWS ONLY
      ) AS [t]
      LEFT JOIN (
          SELECT [i].[Id], [i].[Address], [i].[ContactPerson], [i].[CreatedBy], [i].[CreatedDate], [i].[Email], [i].[IsActive], [i].[IsDeleted], [i].[Name], [i].[PhoneNumber], [i].[TPA], [i].[UpdatedBy], [i].[UpdatedDate]
          FROM [InsuranceProviders] AS [i]
          WHERE [i].[IsDeleted] = CAST(0 AS bit)
      ) AS [t0] ON [t].[InsuranceProviderId] = [t0].[Id]
      LEFT JOIN (
          SELECT [i0].[Id], [i0].[CoPayAmount], [i0].[CoveragePercentage], [i0].[CreatedBy], [i0].[CreatedDate], [i0].[Exclusions], [i0].[InsuranceProviderId], [i0].[IsActive], [i0].[IsDeleted], [i0].[MaxLimit], [i0].[PlanCode], [i0].[PlanName], [i0].[RequiresPreAuth], [i0].[UpdatedBy], [i0].[UpdatedDate]
          FROM [InsurancePlans] AS [i0]
          WHERE [i0].[IsDeleted] = CAST(0 AS bit)
      ) AS [t1] ON [t].[InsurancePlanId] = [t1].[Id]
      ORDER BY [t].[CreatedDate] DESC
info: Microsoft.EntityFrameworkCore.Database.Command[20101]
      Executed DbCommand (2ms) [Parameters=[], CommandType='Text', CommandTimeout='30']
      SELECT COUNT(*)
      FROM [LabRequests] AS [l]
      WHERE [l].[IsDeleted] = CAST(0 AS bit)
info: Microsoft.EntityFrameworkCore.Database.Command[20101]
      Executed DbCommand (3ms) [Parameters=[], CommandType='Text', CommandTimeout='30']
      SELECT COUNT(*)
      FROM [LabTests] AS [l]
      WHERE [l].[IsDeleted] = CAST(0 AS bit)
info: Microsoft.EntityFrameworkCore.Database.Command[20101]
      Executed DbCommand (9ms) [Parameters=[@__p_0='?' (DbType = Int32), @__p_1='?' (DbType = Int32)], CommandType='Text', CommandTimeout='30']
      SELECT [t].[Id], [t].[Category], [t].[CreatedBy], [t].[CreatedDate], [t].[IsActive], [t].[IsDeleted], [t].[Name], [t].[NameAr], [t].[NormalRange], [t].[Price], [t].[TestCode], [t].[Unit], [t].[UpdatedBy], [t].[UpdatedDate], [t0].[Id], [t0].[CreatedBy], [t0].[CreatedDate], [t0].[CriticalHigh], [t0].[CriticalLow], [t0].[Description], [t0].[Gender], [t0].[IsDeleted], [t0].[LabTestId], [t0].[MaxAge], [t0].[MaxValue], [t0].[MinAge], [t0].[MinValue], [t0].[UpdatedBy], [t0].[UpdatedDate]
      FROM (
          SELECT [l].[Id], [l].[Category], [l].[CreatedBy], [l].[CreatedDate], [l].[IsActive], [l].[IsDeleted], [l].[Name], [l].[NameAr], [l].[NormalRange], [l].[Price], [l].[TestCode], [l].[Unit], [l].[UpdatedBy], [l].[UpdatedDate]
          FROM [LabTests] AS [l]
          WHERE [l].[IsDeleted] = CAST(0 AS bit)
          ORDER BY [l].[Name]
          OFFSET @__p_0 ROWS FETCH NEXT @__p_1 ROWS ONLY
      ) AS [t]
      LEFT JOIN (
          SELECT [l0].[Id], [l0].[CreatedBy], [l0].[CreatedDate], [l0].[CriticalHigh], [l0].[CriticalLow], [l0].[Description], [l0].[Gender], [l0].[IsDeleted], [l0].[LabTestId], [l0].[MaxAge], [l0].[MaxValue], [l0].[MinAge], [l0].[MinValue], [l0].[UpdatedBy], [l0].[UpdatedDate]
          FROM [LabTestReferenceRanges] AS [l0]
          WHERE [l0].[IsDeleted] = CAST(0 AS bit)
      ) AS [t0] ON [t].[Id] = [t0].[LabTestId]
      ORDER BY [t].[Name], [t].[Id]
info: Microsoft.EntityFrameworkCore.Database.Command[20101]
      Executed DbCommand (19ms) [Parameters=[@__p_0='?' (DbType = Int32), @__p_1='?' (DbType = Int32)], CommandType='Text', CommandTimeout='30']
      SELECT [t].[Id], [t].[CollectedBy], [t].[CollectionDate], [t].[CreatedBy], [t].[CreatedDate], [t].[DoctorId], [t].[EmergencyAdmissionId], [t].[IsDeleted], [t].[Notes], [t].[PatientId], [t].[ReceivedAtLabDate], [t].[RequestDate], [t].[RequestNumber], [t].[Status], [t].[TotalAmount], [t].[UpdatedBy], [t].[UpdatedDate], [t0].[Id], [t0].[Address], [t0].[Allergies], [t0].[BloodType], [t0].[CreatedBy], [t0].[CreatedDate], [t0].[DateOfBirth], [t0].[Email], [t0].[EmergencyContact], [t0].[EmergencyPhone], [t0].[FullName], [t0].[Gender], [t0].[InsuranceBalance], [t0].[InsuranceCoverageType], [t0].[InsurancePlanId], [t0].[InsurancePolicyNumber], [t0].[InsuranceProviderId], [t0].[InsuranceProviderNameManual], [t0].[IsActive], [t0].[IsDeleted], [t0].[MedicalHistory], [t0].[NationalId], [t0].[PatientCode], [t0].[PhoneNumber], [t0].[UpdatedBy], [t0].[UpdatedDate], [t1].[Id], [t1].[ConsultationFee], [t1].[CreatedBy], [t1].[CreatedDate], [t1].[DoctorCode], [t1].[Email], [t1].[EmployeeId], [t1].[FullName], [t1].[IsActive], [t1].[IsDeleted], [t1].[LicenseNumber], [t1].[PhoneNumber], [t1].[Specialization], [t1].[SubSpecialization], [t1].[UpdatedBy], [t1].[UpdatedDate], [t1].[WorkingDays], [t1].[WorkingHours], [t2].[Id], [t2].[CreatedBy], [t2].[CreatedDate], [t2].[IsCritical], [t2].[IsDeleted], [t2].[LabRequestId], [t2].[LabTestId], [t2].[NormalRange], [t2].[PerformedBy], [t2].[Remarks], [t2].[ResultDate], [t2].[ResultFlag], [t2].[ResultValue], [t2].[Unit], [t2].[UpdatedBy], [t2].[UpdatedDate], [t2].[Id0], [t2].[Category], [t2].[CreatedBy0], [t2].[CreatedDate0], [t2].[IsActive], [t2].[IsDeleted0], [t2].[Name], [t2].[NameAr], [t2].[NormalRange0], [t2].[Price], [t2].[TestCode], [t2].[Unit0], [t2].[UpdatedBy0], [t2].[UpdatedDate0]
      FROM (
          SELECT [l].[Id], [l].[CollectedBy], [l].[CollectionDate], [l].[CreatedBy], [l].[CreatedDate], [l].[DoctorId], [l].[EmergencyAdmissionId], [l].[IsDeleted], [l].[Notes], [l].[PatientId], [l].[ReceivedAtLabDate], [l].[RequestDate], [l].[RequestNumber], [l].[Status], [l].[TotalAmount], [l].[UpdatedBy], [l].[UpdatedDate]
          FROM [LabRequests] AS [l]
          WHERE [l].[IsDeleted] = CAST(0 AS bit)
          ORDER BY [l].[CreatedDate] DESC
          OFFSET @__p_0 ROWS FETCH NEXT @__p_1 ROWS ONLY
      ) AS [t]
      INNER JOIN (
          SELECT [p].[Id], [p].[Address], [p].[Allergies], [p].[BloodType], [p].[CreatedBy], [p].[CreatedDate], [p].[DateOfBirth], [p].[Email], [p].[EmergencyContact], [p].[EmergencyPhone], [p].[FullName], [p].[Gender], [p].[InsuranceBalance], [p].[InsuranceCoverageType], [p].[InsurancePlanId], [p].[InsurancePolicyNumber], [p].[InsuranceProviderId], [p].[InsuranceProviderNameManual], [p].[IsActive], [p].[IsDeleted], [p].[MedicalHistory], [p].[NationalId], [p].[PatientCode], [p].[PhoneNumber], [p].[UpdatedBy], [p].[UpdatedDate]
          FROM [Patients] AS [p]
          WHERE [p].[IsDeleted] = CAST(0 AS bit)
      ) AS [t0] ON [t].[PatientId] = [t0].[Id]
      LEFT JOIN (
          SELECT [d].[Id], [d].[ConsultationFee], [d].[CreatedBy], [d].[CreatedDate], [d].[DoctorCode], [d].[Email], [d].[EmployeeId], [d].[FullName], [d].[IsActive], [d].[IsDeleted], [d].[LicenseNumber], [d].[PhoneNumber], [d].[Specialization], [d].[SubSpecialization], [d].[UpdatedBy], [d].[UpdatedDate], [d].[WorkingDays], [d].[WorkingHours]
          FROM [Doctors] AS [d]
          WHERE [d].[IsDeleted] = CAST(0 AS bit)
      ) AS [t1] ON [t].[DoctorId] = [t1].[Id]
      LEFT JOIN (
          SELECT [l0].[Id], [l0].[CreatedBy], [l0].[CreatedDate], [l0].[IsCritical], [l0].[IsDeleted], [l0].[LabRequestId], [l0].[LabTestId], [l0].[NormalRange], [l0].[PerformedBy], [l0].[Remarks], [l0].[ResultDate], [l0].[ResultFlag], [l0].[ResultValue], [l0].[Unit], [l0].[UpdatedBy], [l0].[UpdatedDate], [t3].[Id] AS [Id0], [t3].[Category], [t3].[CreatedBy] AS [CreatedBy0], [t3].[CreatedDate] AS [CreatedDate0], [t3].[IsActive], [t3].[IsDeleted] AS [IsDeleted0], [t3].[Name], [t3].[NameAr], [t3].[NormalRange] AS [NormalRange0], [t3].[Price], [t3].[TestCode], [t3].[Unit] AS [Unit0], [t3].[UpdatedBy] AS [UpdatedBy0], [t3].[UpdatedDate] AS [UpdatedDate0]
          FROM [LabResults] AS [l0]
          INNER JOIN (
              SELECT [l1].[Id], [l1].[Category], [l1].[CreatedBy], [l1].[CreatedDate], [l1].[IsActive], [l1].[IsDeleted], [l1].[Name], [l1].[NameAr], [l1].[NormalRange], [l1].[Price], [l1].[TestCode], [l1].[Unit], [l1].[UpdatedBy], [l1].[UpdatedDate]
              FROM [LabTests] AS [l1]
              WHERE [l1].[IsDeleted] = CAST(0 AS bit)
          ) AS [t3] ON [l0].[LabTestId] = [t3].[Id]
          WHERE [l0].[IsDeleted] = CAST(0 AS bit)
      ) AS [t2] ON [t].[Id] = [t2].[LabRequestId]
      ORDER BY [t].[CreatedDate] DESC, [t].[Id], [t0].[Id], [t1].[Id], [t2].[Id]
info: Microsoft.EntityFrameworkCore.Database.Command[20101]
      Executed DbCommand (1ms) [Parameters=[@__userId_0='?' (DbType = Int32)], CommandType='Text', CommandTimeout='30']
      SELECT COUNT(*)
      FROM [Notifications] AS [n]
      WHERE ([n].[UserId] = @__userId_0 OR [n].[UserId] IS NULL) AND [n].[IsRead] = CAST(0 AS bit)
info: Microsoft.EntityFrameworkCore.Database.Command[20101]
      Executed DbCommand (1ms) [Parameters=[@__p_1='?' (DbType = Int32), @__userId_0='?' (DbType = Int32)], CommandType='Text', CommandTimeout='30']
      SELECT TOP(@__p_1) [n].[Id], [n].[CreatedBy], [n].[CreatedDate], [n].[EntityId], [n].[EntityType], [n].[IsDeleted], [n].[IsRead], [n].[Message], [n].[NotificationType], [n].[Title], [n].[UpdatedBy], [n].[UpdatedDate], [n].[UserId]
      FROM [Notifications] AS [n]
      WHERE [n].[UserId] = @__userId_0 OR [n].[UserId] IS NULL
      ORDER BY [n].[CreatedDate] DESC
info: Microsoft.EntityFrameworkCore.Database.Command[20101]
      Executed DbCommand (2ms) [Parameters=[], CommandType='Text', CommandTimeout='30']
      SELECT COUNT(*)
      FROM [Patients] AS [p]
      WHERE [p].[IsDeleted] = CAST(0 AS bit)
info: Microsoft.EntityFrameworkCore.Database.Command[20101]
      Executed DbCommand (1ms) [Parameters=[@__p_0='?' (DbType = Int32), @__p_1='?' (DbType = Int32)], CommandType='Text', CommandTimeout='30']
      SELECT [t].[Id], [t].[Address], [t].[Allergies], [t].[BloodType], [t].[CreatedBy], [t].[CreatedDate], [t].[DateOfBirth], [t].[Email], [t].[EmergencyContact], [t].[EmergencyPhone], [t].[FullName], [t].[Gender], [t].[InsuranceBalance], [t].[InsuranceCoverageType], [t].[InsurancePlanId], [t].[InsurancePolicyNumber], [t].[InsuranceProviderId], [t].[InsuranceProviderNameManual], [t].[IsActive], [t].[IsDeleted], [t].[MedicalHistory], [t].[NationalId], [t].[PatientCode], [t].[PhoneNumber], [t].[UpdatedBy], [t].[UpdatedDate], [t0].[Id], [t0].[Address], [t0].[ContactPerson], [t0].[CreatedBy], [t0].[CreatedDate], [t0].[Email], [t0].[IsActive], [t0].[IsDeleted], [t0].[Name], [t0].[PhoneNumber], [t0].[TPA], [t0].[UpdatedBy], [t0].[UpdatedDate], [t1].[Id], [t1].[CoPayAmount], [t1].[CoveragePercentage], [t1].[CreatedBy], [t1].[CreatedDate], [t1].[Exclusions], [t1].[InsuranceProviderId], [t1].[IsActive], [t1].[IsDeleted], [t1].[MaxLimit], [t1].[PlanCode], [t1].[PlanName], [t1].[RequiresPreAuth], [t1].[UpdatedBy], [t1].[UpdatedDate]
      FROM (
          SELECT [p].[Id], [p].[Address], [p].[Allergies], [p].[BloodType], [p].[CreatedBy], [p].[CreatedDate], [p].[DateOfBirth], [p].[Email], [p].[EmergencyContact], [p].[EmergencyPhone], [p].[FullName], [p].[Gender], [p].[InsuranceBalance], [p].[InsuranceCoverageType], [p].[InsurancePlanId], [p].[InsurancePolicyNumber], [p].[InsuranceProviderId], [p].[InsuranceProviderNameManual], [p].[IsActive], [p].[IsDeleted], [p].[MedicalHistory], [p].[NationalId], [p].[PatientCode], [p].[PhoneNumber], [p].[UpdatedBy], [p].[UpdatedDate]
          FROM [Patients] AS [p]
          WHERE [p].[IsDeleted] = CAST(0 AS bit)
          ORDER BY [p].[CreatedDate] DESC
          OFFSET @__p_0 ROWS FETCH NEXT @__p_1 ROWS ONLY
      ) AS [t]
      LEFT JOIN (
          SELECT [i].[Id], [i].[Address], [i].[ContactPerson], [i].[CreatedBy], [i].[CreatedDate], [i].[Email], [i].[IsActive], [i].[IsDeleted], [i].[Name], [i].[PhoneNumber], [i].[TPA], [i].[UpdatedBy], [i].[UpdatedDate]
          FROM [InsuranceProviders] AS [i]
          WHERE [i].[IsDeleted] = CAST(0 AS bit)
      ) AS [t0] ON [t].[InsuranceProviderId] = [t0].[Id]
      LEFT JOIN (
          SELECT [i0].[Id], [i0].[CoPayAmount], [i0].[CoveragePercentage], [i0].[CreatedBy], [i0].[CreatedDate], [i0].[Exclusions], [i0].[InsuranceProviderId], [i0].[IsActive], [i0].[IsDeleted], [i0].[MaxLimit], [i0].[PlanCode], [i0].[PlanName], [i0].[RequiresPreAuth], [i0].[UpdatedBy], [i0].[UpdatedDate]
          FROM [InsurancePlans] AS [i0]
          WHERE [i0].[IsDeleted] = CAST(0 AS bit)
      ) AS [t1] ON [t].[InsurancePlanId] = [t1].[Id]
      ORDER BY [t].[CreatedDate] DESC
info: Microsoft.EntityFrameworkCore.Database.Command[20101]
      Executed DbCommand (2ms) [Parameters=[], CommandType='Text', CommandTimeout='30']
      SELECT COUNT(*)
      FROM [RadiologyRequests] AS [r]
      WHERE [r].[IsDeleted] = CAST(0 AS bit)
info: Microsoft.EntityFrameworkCore.Database.Command[20101]
      Executed DbCommand (4ms) [Parameters=[], CommandType='Text', CommandTimeout='30']
      SELECT COUNT(*)
      FROM [RadiologyTests] AS [r]
      WHERE [r].[IsDeleted] = CAST(0 AS bit)
info: Microsoft.EntityFrameworkCore.Database.Command[20101]
      Executed DbCommand (3ms) [Parameters=[@__p_0='?' (DbType = Int32), @__p_1='?' (DbType = Int32)], CommandType='Text', CommandTimeout='30']
      SELECT [r].[Id], [r].[Category], [r].[CreatedBy], [r].[CreatedDate], [r].[IsActive], [r].[IsDeleted], [r].[Name], [r].[NameAr], [r].[PreparationInstructions], [r].[PreparationInstructionsAr], [r].[Price], [r].[TestCode], [r].[UpdatedBy], [r].[UpdatedDate]
      FROM [RadiologyTests] AS [r]
      WHERE [r].[IsDeleted] = CAST(0 AS bit)
      ORDER BY [r].[Name]
      OFFSET @__p_0 ROWS FETCH NEXT @__p_1 ROWS ONLY
info: Microsoft.EntityFrameworkCore.Database.Command[20101]
      Executed DbCommand (17ms) [Parameters=[@__p_0='?' (DbType = Int32), @__p_1='?' (DbType = Int32)], CommandType='Text', CommandTimeout='30']
      SELECT [t].[Id], [t].[CreatedBy], [t].[CreatedDate], [t].[DoctorId], [t].[EmergencyAdmissionId], [t].[IsDeleted], [t].[Notes], [t].[PatientId], [t].[RequestDate], [t].[RequestNumber], [t].[Status], [t].[TotalAmount], [t].[UpdatedBy], [t].[UpdatedDate], [t0].[Id], [t0].[Address], [t0].[Allergies], [t0].[BloodType], [t0].[CreatedBy], [t0].[CreatedDate], [t0].[DateOfBirth], [t0].[Email], [t0].[EmergencyContact], [t0].[EmergencyPhone], [t0].[FullName], [t0].[Gender], [t0].[InsuranceBalance], [t0].[InsuranceCoverageType], [t0].[InsurancePlanId], [t0].[InsurancePolicyNumber], [t0].[InsuranceProviderId], [t0].[InsuranceProviderNameManual], [t0].[IsActive], [t0].[IsDeleted], [t0].[MedicalHistory], [t0].[NationalId], [t0].[PatientCode], [t0].[PhoneNumber], [t0].[UpdatedBy], [t0].[UpdatedDate], [t1].[Id], [t1].[ConsultationFee], [t1].[CreatedBy], [t1].[CreatedDate], [t1].[DoctorCode], [t1].[Email], [t1].[EmployeeId], [t1].[FullName], [t1].[IsActive], [t1].[IsDeleted], [t1].[LicenseNumber], [t1].[PhoneNumber], [t1].[Specialization], [t1].[SubSpecialization], [t1].[UpdatedBy], [t1].[UpdatedDate], [t1].[WorkingDays], [t1].[WorkingHours], [t2].[Id], [t2].[CreatedBy], [t2].[CreatedDate], [t2].[Findings], [t2].[ImageUrl], [t2].[Impression], [t2].[IsDeleted], [t2].[PerformedBy], [t2].[RadiologistName], [t2].[RadiologyRequestId], [t2].[RadiologyTemplateId], [t2].[RadiologyTestId], [t2].[ResultDate], [t2].[UpdatedBy], [t2].[UpdatedDate], [t2].[Id0], [t2].[Category], [t2].[CreatedBy0], [t2].[CreatedDate0], [t2].[IsActive], [t2].[IsDeleted0], [t2].[Name], [t2].[NameAr], [t2].[PreparationInstructions], [t2].[PreparationInstructionsAr], [t2].[Price], [t2].[TestCode], [t2].[UpdatedBy0], [t2].[UpdatedDate0]
      FROM (
          SELECT [r].[Id], [r].[CreatedBy], [r].[CreatedDate], [r].[DoctorId], [r].[EmergencyAdmissionId], [r].[IsDeleted], [r].[Notes], [r].[PatientId], [r].[RequestDate], [r].[RequestNumber], [r].[Status], [r].[TotalAmount], [r].[UpdatedBy], [r].[UpdatedDate]
          FROM [RadiologyRequests] AS [r]
          WHERE [r].[IsDeleted] = CAST(0 AS bit)
          ORDER BY [r].[CreatedDate] DESC
          OFFSET @__p_0 ROWS FETCH NEXT @__p_1 ROWS ONLY
      ) AS [t]
      INNER JOIN (
          SELECT [p].[Id], [p].[Address], [p].[Allergies], [p].[BloodType], [p].[CreatedBy], [p].[CreatedDate], [p].[DateOfBirth], [p].[Email], [p].[EmergencyContact], [p].[EmergencyPhone], [p].[FullName], [p].[Gender], [p].[InsuranceBalance], [p].[InsuranceCoverageType], [p].[InsurancePlanId], [p].[InsurancePolicyNumber], [p].[InsuranceProviderId], [p].[InsuranceProviderNameManual], [p].[IsActive], [p].[IsDeleted], [p].[MedicalHistory], [p].[NationalId], [p].[PatientCode], [p].[PhoneNumber], [p].[UpdatedBy], [p].[UpdatedDate]
          FROM [Patients] AS [p]
          WHERE [p].[IsDeleted] = CAST(0 AS bit)
      ) AS [t0] ON [t].[PatientId] = [t0].[Id]
      LEFT JOIN (
          SELECT [d].[Id], [d].[ConsultationFee], [d].[CreatedBy], [d].[CreatedDate], [d].[DoctorCode], [d].[Email], [d].[EmployeeId], [d].[FullName], [d].[IsActive], [d].[IsDeleted], [d].[LicenseNumber], [d].[PhoneNumber], [d].[Specialization], [d].[SubSpecialization], [d].[UpdatedBy], [d].[UpdatedDate], [d].[WorkingDays], [d].[WorkingHours]
          FROM [Doctors] AS [d]
          WHERE [d].[IsDeleted] = CAST(0 AS bit)
      ) AS [t1] ON [t].[DoctorId] = [t1].[Id]
      LEFT JOIN (
          SELECT [r0].[Id], [r0].[CreatedBy], [r0].[CreatedDate], [r0].[Findings], [r0].[ImageUrl], [r0].[Impression], [r0].[IsDeleted], [r0].[PerformedBy], [r0].[RadiologistName], [r0].[RadiologyRequestId], [r0].[RadiologyTemplateId], [r0].[RadiologyTestId], [r0].[ResultDate], [r0].[UpdatedBy], [r0].[UpdatedDate], [t3].[Id] AS [Id0], [t3].[Category], [t3].[CreatedBy] AS [CreatedBy0], [t3].[CreatedDate] AS [CreatedDate0], [t3].[IsActive], [t3].[IsDeleted] AS [IsDeleted0], [t3].[Name], [t3].[NameAr], [t3].[PreparationInstructions], [t3].[PreparationInstructionsAr], [t3].[Price], [t3].[TestCode], [t3].[UpdatedBy] AS [UpdatedBy0], [t3].[UpdatedDate] AS [UpdatedDate0]
          FROM [RadiologyResults] AS [r0]
          INNER JOIN (
              SELECT [r1].[Id], [r1].[Category], [r1].[CreatedBy], [r1].[CreatedDate], [r1].[IsActive], [r1].[IsDeleted], [r1].[Name], [r1].[NameAr], [r1].[PreparationInstructions], [r1].[PreparationInstructionsAr], [r1].[Price], [r1].[TestCode], [r1].[UpdatedBy], [r1].[UpdatedDate]
              FROM [RadiologyTests] AS [r1]
              WHERE [r1].[IsDeleted] = CAST(0 AS bit)
          ) AS [t3] ON [r0].[RadiologyTestId] = [t3].[Id]
          WHERE [r0].[IsDeleted] = CAST(0 AS bit)
      ) AS [t2] ON [t].[Id] = [t2].[RadiologyRequestId]
      ORDER BY [t].[CreatedDate] DESC, [t].[Id], [t0].[Id], [t1].[Id], [t2].[Id]
info: Microsoft.EntityFrameworkCore.Database.Command[20101]
      Executed DbCommand (1ms) [Parameters=[@__userId_0='?' (DbType = Int32)], CommandType='Text', CommandTimeout='30']
      SELECT COUNT(*)
      FROM [Notifications] AS [n]
      WHERE ([n].[UserId] = @__userId_0 OR [n].[UserId] IS NULL) AND [n].[IsRead] = CAST(0 AS bit)
info: Microsoft.EntityFrameworkCore.Database.Command[20101]
      Executed DbCommand (1ms) [Parameters=[@__p_1='?' (DbType = Int32), @__userId_0='?' (DbType = Int32)], CommandType='Text', CommandTimeout='30']
      SELECT TOP(@__p_1) [n].[Id], [n].[CreatedBy], [n].[CreatedDate], [n].[EntityId], [n].[EntityType], [n].[IsDeleted], [n].[IsRead], [n].[Message], [n].[NotificationType], [n].[Title], [n].[UpdatedBy], [n].[UpdatedDate], [n].[UserId]
      FROM [Notifications] AS [n]
      WHERE [n].[UserId] = @__userId_0 OR [n].[UserId] IS NULL
      ORDER BY [n].[CreatedDate] DESC
info: Microsoft.EntityFrameworkCore.Database.Command[20101]
      Executed DbCommand (1ms) [Parameters=[], CommandType='Text', CommandTimeout='30']
      SELECT COUNT(*)
      FROM [Patients] AS [p]
      WHERE [p].[IsDeleted] = CAST(0 AS bit)
info: Microsoft.EntityFrameworkCore.Database.Command[20101]
      Executed DbCommand (1ms) [Parameters=[@__p_0='?' (DbType = Int32), @__p_1='?' (DbType = Int32)], CommandType='Text', CommandTimeout='30']
      SELECT [t].[Id], [t].[Address], [t].[Allergies], [t].[BloodType], [t].[CreatedBy], [t].[CreatedDate], [t].[DateOfBirth], [t].[Email], [t].[EmergencyContact], [t].[EmergencyPhone], [t].[FullName], [t].[Gender], [t].[InsuranceBalance], [t].[InsuranceCoverageType], [t].[InsurancePlanId], [t].[InsurancePolicyNumber], [t].[InsuranceProviderId], [t].[InsuranceProviderNameManual], [t].[IsActive], [t].[IsDeleted], [t].[MedicalHistory], [t].[NationalId], [t].[PatientCode], [t].[PhoneNumber], [t].[UpdatedBy], [t].[UpdatedDate], [t0].[Id], [t0].[Address], [t0].[ContactPerson], [t0].[CreatedBy], [t0].[CreatedDate], [t0].[Email], [t0].[IsActive], [t0].[IsDeleted], [t0].[Name], [t0].[PhoneNumber], [t0].[TPA], [t0].[UpdatedBy], [t0].[UpdatedDate], [t1].[Id], [t1].[CoPayAmount], [t1].[CoveragePercentage], [t1].[CreatedBy], [t1].[CreatedDate], [t1].[Exclusions], [t1].[InsuranceProviderId], [t1].[IsActive], [t1].[IsDeleted], [t1].[MaxLimit], [t1].[PlanCode], [t1].[PlanName], [t1].[RequiresPreAuth], [t1].[UpdatedBy], [t1].[UpdatedDate]
      FROM (
          SELECT [p].[Id], [p].[Address], [p].[Allergies], [p].[BloodType], [p].[CreatedBy], [p].[CreatedDate], [p].[DateOfBirth], [p].[Email], [p].[EmergencyContact], [p].[EmergencyPhone], [p].[FullName], [p].[Gender], [p].[InsuranceBalance], [p].[InsuranceCoverageType], [p].[InsurancePlanId], [p].[InsurancePolicyNumber], [p].[InsuranceProviderId], [p].[InsuranceProviderNameManual], [p].[IsActive], [p].[IsDeleted], [p].[MedicalHistory], [p].[NationalId], [p].[PatientCode], [p].[PhoneNumber], [p].[UpdatedBy], [p].[UpdatedDate]
          FROM [Patients] AS [p]
          WHERE [p].[IsDeleted] = CAST(0 AS bit)
          ORDER BY [p].[CreatedDate] DESC
          OFFSET @__p_0 ROWS FETCH NEXT @__p_1 ROWS ONLY
      ) AS [t]
      LEFT JOIN (
          SELECT [i].[Id], [i].[Address], [i].[ContactPerson], [i].[CreatedBy], [i].[CreatedDate], [i].[Email], [i].[IsActive], [i].[IsDeleted], [i].[Name], [i].[PhoneNumber], [i].[TPA], [i].[UpdatedBy], [i].[UpdatedDate]
          FROM [InsuranceProviders] AS [i]
          WHERE [i].[IsDeleted] = CAST(0 AS bit)
      ) AS [t0] ON [t].[InsuranceProviderId] = [t0].[Id]
      LEFT JOIN (
          SELECT [i0].[Id], [i0].[CoPayAmount], [i0].[CoveragePercentage], [i0].[CreatedBy], [i0].[CreatedDate], [i0].[Exclusions], [i0].[InsuranceProviderId], [i0].[IsActive], [i0].[IsDeleted], [i0].[MaxLimit], [i0].[PlanCode], [i0].[PlanName], [i0].[RequiresPreAuth], [i0].[UpdatedBy], [i0].[UpdatedDate]
          FROM [InsurancePlans] AS [i0]
          WHERE [i0].[IsDeleted] = CAST(0 AS bit)
      ) AS [t1] ON [t].[InsurancePlanId] = [t1].[Id]
      ORDER BY [t].[CreatedDate] DESC
info: Microsoft.EntityFrameworkCore.Database.Command[20101]
      Executed DbCommand (1ms) [Parameters=[], CommandType='Text', CommandTimeout='30']
      SELECT COUNT(*)
      FROM [Items] AS [i]
      WHERE [i].[IsDeleted] = CAST(0 AS bit)
info: Microsoft.EntityFrameworkCore.Database.Command[20101]
      Executed DbCommand (1ms) [Parameters=[@__p_0='?' (DbType = Int32), @__p_1='?' (DbType = Int32)], CommandType='Text', CommandTimeout='30']
      SELECT [i].[Id], [i].[Barcode], [i].[Category], [i].[CreatedBy], [i].[CreatedDate], [i].[Description], [i].[DosageForm], [i].[GenericName], [i].[IsActive], [i].[IsDeleted], [i].[IsNarcotic], [i].[ItemCode], [i].[ItemName], [i].[ItemNameAr], [i].[PurchasePrice], [i].[RequiresRefrigeration], [i].[SalePrice], [i].[Strength], [i].[TaxRate], [i].[TrackBatches], [i].[Unit], [i].[UpdatedBy], [i].[UpdatedDate]
      FROM [Items] AS [i]
      WHERE [i].[IsDeleted] = CAST(0 AS bit)
      ORDER BY [i].[ItemName]
      OFFSET @__p_0 ROWS FETCH NEXT @__p_1 ROWS ONLY
info: Microsoft.EntityFrameworkCore.Database.Command[20101]
      Executed DbCommand (2ms) [Parameters=[], CommandType='Text', CommandTimeout='30']
      SELECT COUNT(*)
      FROM [Prescriptions] AS [p]
      WHERE [p].[IsDeleted] = CAST(0 AS bit) AND [p].[Status] IN (N'Pending', N'Partially Dispensed')
info: Microsoft.EntityFrameworkCore.Database.Command[20101]
      Executed DbCommand (10ms) [Parameters=[@__p_1='?' (DbType = Int32), @__expiringSoonDate_0='?' (DbType = DateTime2)], CommandType='Text', CommandTimeout='30']
      SELECT [t].[Id], [t].[Barcode], [t].[BatchNumber], [t].[CreatedBy], [t].[CreatedDate], [t].[ExpiryDate], [t].[IsDeleted], [t].[ItemId], [t].[LotNumber], [t].[ManufactureDate], [t].[Notes], [t].[QuantityReceived], [t].[QuantityRemaining], [t].[ReceivedDate], [t].[Status], [t].[SupplierId], [t].[UnitCost], [t].[UpdatedBy], [t].[UpdatedDate], [t].[WarehouseId], [t0].[Id], [t0].[Barcode], [t0].[Category], [t0].[CreatedBy], [t0].[CreatedDate], [t0].[Description], [t0].[DosageForm], [t0].[GenericName], [t0].[IsActive], [t0].[IsDeleted], [t0].[IsNarcotic], [t0].[ItemCode], [t0].[ItemName], [t0].[ItemNameAr], [t0].[PurchasePrice], [t0].[RequiresRefrigeration], [t0].[SalePrice], [t0].[Strength], [t0].[TaxRate], [t0].[TrackBatches], [t0].[Unit], [t0].[UpdatedBy], [t0].[UpdatedDate], [t1].[Id], [t1].[CreatedBy], [t1].[CreatedDate], [t1].[IsActive], [t1].[IsDeleted], [t1].[Location], [t1].[UpdatedBy], [t1].[UpdatedDate], [t1].[WarehouseCode], [t1].[WarehouseName]
      FROM (
          SELECT TOP(@__p_1) [i].[Id], [i].[Barcode], [i].[BatchNumber], [i].[CreatedBy], [i].[CreatedDate], [i].[ExpiryDate], [i].[IsDeleted], [i].[ItemId], [i].[LotNumber], [i].[ManufactureDate], [i].[Notes], [i].[QuantityReceived], [i].[QuantityRemaining], [i].[ReceivedDate], [i].[Status], [i].[SupplierId], [i].[UnitCost], [i].[UpdatedBy], [i].[UpdatedDate], [i].[WarehouseId]
          FROM [ItemBatches] AS [i]
          WHERE [i].[IsDeleted] = CAST(0 AS bit) AND [i].[ExpiryDate] <= @__expiringSoonDate_0 AND [i].[QuantityRemaining] > 0.0 AND [i].[Status] = N'Active'
          ORDER BY [i].[ExpiryDate]
      ) AS [t]
      INNER JOIN (
          SELECT [i0].[Id], [i0].[Barcode], [i0].[Category], [i0].[CreatedBy], [i0].[CreatedDate], [i0].[Description], [i0].[DosageForm], [i0].[GenericName], [i0].[IsActive], [i0].[IsDeleted], [i0].[IsNarcotic], [i0].[ItemCode], [i0].[ItemName], [i0].[ItemNameAr], [i0].[PurchasePrice], [i0].[RequiresRefrigeration], [i0].[SalePrice], [i0].[Strength], [i0].[TaxRate], [i0].[TrackBatches], [i0].[Unit], [i0].[UpdatedBy], [i0].[UpdatedDate]
          FROM [Items] AS [i0]
          WHERE [i0].[IsDeleted] = CAST(0 AS bit)
      ) AS [t0] ON [t].[ItemId] = [t0].[Id]
      LEFT JOIN (
          SELECT [w].[Id], [w].[CreatedBy], [w].[CreatedDate], [w].[IsActive], [w].[IsDeleted], [w].[Location], [w].[UpdatedBy], [w].[UpdatedDate], [w].[WarehouseCode], [w].[WarehouseName]
          FROM [Warehouses] AS [w]
          WHERE [w].[IsDeleted] = CAST(0 AS bit)
      ) AS [t1] ON [t].[WarehouseId] = [t1].[Id]
      ORDER BY [t].[ExpiryDate]
info: Microsoft.EntityFrameworkCore.Database.Command[20101]
      Executed DbCommand (2ms) [Parameters=[@__expiringSoonDate_0='?' (DbType = DateTime2)], CommandType='Text', CommandTimeout='30']
      SELECT COUNT(*)
      FROM [ItemBatches] AS [i]
      WHERE [i].[IsDeleted] = CAST(0 AS bit) AND [i].[ExpiryDate] <= @__expiringSoonDate_0 AND [i].[QuantityRemaining] > 0.0 AND [i].[Status] = N'Active'
info: Microsoft.EntityFrameworkCore.Database.Command[20101]
      Executed DbCommand (2ms) [Parameters=[], CommandType='Text', CommandTimeout='30']
      SELECT COUNT(*)
      FROM [WarehouseStocks] AS [w]
      WHERE [w].[Quantity] <= [w].[ReorderLevel]
info: Microsoft.EntityFrameworkCore.Database.Command[20101]
      Executed DbCommand (6ms) [Parameters=[@__p_0='?' (DbType = Int32)], CommandType='Text', CommandTimeout='30']
      SELECT [t].[Id], [t].[AppointmentId], [t].[BedAdmissionId], [t].[CreatedBy], [t].[CreatedDate], [t].[DoctorId], [t].[EmergencyAdmissionId], [t].[IsDeleted], [t].[Notes], [t].[PatientId], [t].[PrescriptionDate], [t].[PrescriptionNumber], [t].[Status], [t].[UpdatedBy], [t].[UpdatedDate], [t0].[Id], [t0].[Address], [t0].[Allergies], [t0].[BloodType], [t0].[CreatedBy], [t0].[CreatedDate], [t0].[DateOfBirth], [t0].[Email], [t0].[EmergencyContact], [t0].[EmergencyPhone], [t0].[FullName], [t0].[Gender], [t0].[InsuranceBalance], [t0].[InsuranceCoverageType], [t0].[InsurancePlanId], [t0].[InsurancePolicyNumber], [t0].[InsuranceProviderId], [t0].[InsuranceProviderNameManual], [t0].[IsActive], [t0].[IsDeleted], [t0].[MedicalHistory], [t0].[NationalId], [t0].[PatientCode], [t0].[PhoneNumber], [t0].[UpdatedBy], [t0].[UpdatedDate], [t1].[Id], [t1].[ConsultationFee], [t1].[CreatedBy], [t1].[CreatedDate], [t1].[DoctorCode], [t1].[Email], [t1].[EmployeeId], [t1].[FullName], [t1].[IsActive], [t1].[IsDeleted], [t1].[LicenseNumber], [t1].[PhoneNumber], [t1].[Specialization], [t1].[SubSpecialization], [t1].[UpdatedBy], [t1].[UpdatedDate], [t1].[WorkingDays], [t1].[WorkingHours]
      FROM (
          SELECT TOP(@__p_0) [p].[Id], [p].[AppointmentId], [p].[BedAdmissionId], [p].[CreatedBy], [p].[CreatedDate], [p].[DoctorId], [p].[EmergencyAdmissionId], [p].[IsDeleted], [p].[Notes], [p].[PatientId], [p].[PrescriptionDate], [p].[PrescriptionNumber], [p].[Status], [p].[UpdatedBy], [p].[UpdatedDate]
          FROM [Prescriptions] AS [p]
          WHERE [p].[IsDeleted] = CAST(0 AS bit)
          ORDER BY [p].[PrescriptionDate] DESC
      ) AS [t]
      INNER JOIN (
          SELECT [p0].[Id], [p0].[Address], [p0].[Allergies], [p0].[BloodType], [p0].[CreatedBy], [p0].[CreatedDate], [p0].[DateOfBirth], [p0].[Email], [p0].[EmergencyContact], [p0].[EmergencyPhone], [p0].[FullName], [p0].[Gender], [p0].[InsuranceBalance], [p0].[InsuranceCoverageType], [p0].[InsurancePlanId], [p0].[InsurancePolicyNumber], [p0].[InsuranceProviderId], [p0].[InsuranceProviderNameManual], [p0].[IsActive], [p0].[IsDeleted], [p0].[MedicalHistory], [p0].[NationalId], [p0].[PatientCode], [p0].[PhoneNumber], [p0].[UpdatedBy], [p0].[UpdatedDate]
          FROM [Patients] AS [p0]
          WHERE [p0].[IsDeleted] = CAST(0 AS bit)
      ) AS [t0] ON [t].[PatientId] = [t0].[Id]
      LEFT JOIN (
          SELECT [d].[Id], [d].[ConsultationFee], [d].[CreatedBy], [d].[CreatedDate], [d].[DoctorCode], [d].[Email], [d].[EmployeeId], [d].[FullName], [d].[IsActive], [d].[IsDeleted], [d].[LicenseNumber], [d].[PhoneNumber], [d].[Specialization], [d].[SubSpecialization], [d].[UpdatedBy], [d].[UpdatedDate], [d].[WorkingDays], [d].[WorkingHours]
          FROM [Doctors] AS [d]
          WHERE [d].[IsDeleted] = CAST(0 AS bit)
      ) AS [t1] ON [t].[DoctorId] = [t1].[Id]
      ORDER BY [t].[PrescriptionDate] DESC
warn: Microsoft.EntityFrameworkCore.Query[10102]
      The query uses a row limiting operator ('Skip'/'Take') without an 'OrderBy' operator. This may lead to unpredictable results. If the 'Distinct' operator is used after 'OrderBy', then make sure to use the 'OrderBy' operator after 'Distinct' as the ordering would otherwise get erased.
info: Microsoft.EntityFrameworkCore.Database.Command[20101]
      Executed DbCommand (6ms) [Parameters=[@__p_0='?' (DbType = Int32)], CommandType='Text', CommandTimeout='30']
      SELECT [t0].[Id], [t0].[CreatedBy], [t0].[CreatedDate], [t0].[IsDeleted], [t0].[ItemId], [t0].[MaxLevel], [t0].[Quantity], [t0].[ReorderLevel], [t0].[UpdatedBy], [t0].[UpdatedDate], [t0].[WarehouseId], [t0].[Id0], [t0].[Barcode], [t0].[Category], [t0].[CreatedBy0], [t0].[CreatedDate0], [t0].[Description], [t0].[DosageForm], [t0].[GenericName], [t0].[IsActive], [t0].[IsDeleted0], [t0].[IsNarcotic], [t0].[ItemCode], [t0].[ItemName], [t0].[ItemNameAr], [t0].[PurchasePrice], [t0].[RequiresRefrigeration], [t0].[SalePrice], [t0].[Strength], [t0].[TaxRate], [t0].[TrackBatches], [t0].[Unit], [t0].[UpdatedBy0], [t0].[UpdatedDate0], [t1].[Id], [t1].[CreatedBy], [t1].[CreatedDate], [t1].[IsActive], [t1].[IsDeleted], [t1].[Location], [t1].[UpdatedBy], [t1].[UpdatedDate], [t1].[WarehouseCode], [t1].[WarehouseName]
      FROM (
          SELECT TOP(@__p_0) [w].[Id], [w].[CreatedBy], [w].[CreatedDate], [w].[IsDeleted], [w].[ItemId], [w].[MaxLevel], [w].[Quantity], [w].[ReorderLevel], [w].[UpdatedBy], [w].[UpdatedDate], [w].[WarehouseId], [t].[Id] AS [Id0], [t].[Barcode], [t].[Category], [t].[CreatedBy] AS [CreatedBy0], [t].[CreatedDate] AS [CreatedDate0], [t].[Description], [t].[DosageForm], [t].[GenericName], [t].[IsActive], [t].[IsDeleted] AS [IsDeleted0], [t].[IsNarcotic], [t].[ItemCode], [t].[ItemName], [t].[ItemNameAr], [t].[PurchasePrice], [t].[RequiresRefrigeration], [t].[SalePrice], [t].[Strength], [t].[TaxRate], [t].[TrackBatches], [t].[Unit], [t].[UpdatedBy] AS [UpdatedBy0], [t].[UpdatedDate] AS [UpdatedDate0]
          FROM [WarehouseStocks] AS [w]
          INNER JOIN (
              SELECT [i].[Id], [i].[Barcode], [i].[Category], [i].[CreatedBy], [i].[CreatedDate], [i].[Description], [i].[DosageForm], [i].[GenericName], [i].[IsActive], [i].[IsDeleted], [i].[IsNarcotic], [i].[ItemCode], [i].[ItemName], [i].[ItemNameAr], [i].[PurchasePrice], [i].[RequiresRefrigeration], [i].[SalePrice], [i].[Strength], [i].[TaxRate], [i].[TrackBatches], [i].[Unit], [i].[UpdatedBy], [i].[UpdatedDate]
              FROM [Items] AS [i]
              WHERE [i].[IsDeleted] = CAST(0 AS bit)
          ) AS [t] ON [w].[ItemId] = [t].[Id]
          WHERE [w].[Quantity] <= [w].[ReorderLevel] AND [t].[Category] = N'Medication'
      ) AS [t0]
      INNER JOIN (
          SELECT [w0].[Id], [w0].[CreatedBy], [w0].[CreatedDate], [w0].[IsActive], [w0].[IsDeleted], [w0].[Location], [w0].[UpdatedBy], [w0].[UpdatedDate], [w0].[WarehouseCode], [w0].[WarehouseName]
          FROM [Warehouses] AS [w0]
          WHERE [w0].[IsDeleted] = CAST(0 AS bit)
      ) AS [t1] ON [t0].[WarehouseId] = [t1].[Id]
info: Microsoft.EntityFrameworkCore.Database.Command[20101]
      Executed DbCommand (1ms) [Parameters=[@__p_1='?' (DbType = Int32), @__userId_0='?' (DbType = Int32)], CommandType='Text', CommandTimeout='30']
      SELECT TOP(@__p_1) [n].[Id], [n].[CreatedBy], [n].[CreatedDate], [n].[EntityId], [n].[EntityType], [n].[IsDeleted], [n].[IsRead], [n].[Message], [n].[NotificationType], [n].[Title], [n].[UpdatedBy], [n].[UpdatedDate], [n].[UserId]
      FROM [Notifications] AS [n]
      WHERE [n].[UserId] = @__userId_0 OR [n].[UserId] IS NULL
      ORDER BY [n].[CreatedDate] DESC
info: Microsoft.EntityFrameworkCore.Database.Command[20101]
      Executed DbCommand (1ms) [Parameters=[@__userId_0='?' (DbType = Int32)], CommandType='Text', CommandTimeout='30']
      SELECT COUNT(*)
      FROM [Notifications] AS [n]
      WHERE ([n].[UserId] = @__userId_0 OR [n].[UserId] IS NULL) AND [n].[IsRead] = CAST(0 AS bit)
info: Microsoft.EntityFrameworkCore.Database.Command[20101]
      Executed DbCommand (2ms) [Parameters=[], CommandType='Text', CommandTimeout='30']
      SELECT COUNT(*)
      FROM [Patients] AS [p]
      WHERE [p].[IsDeleted] = CAST(0 AS bit)
info: Microsoft.EntityFrameworkCore.Database.Command[20101]
      Executed DbCommand (2ms) [Parameters=[], CommandType='Text', CommandTimeout='30']
      SELECT COUNT(*)
      FROM [Doctors] AS [d]
      WHERE [d].[IsDeleted] = CAST(0 AS bit)
info: Microsoft.EntityFrameworkCore.Database.Command[20101]
      Executed DbCommand (2ms) [Parameters=[@__p_0='?' (DbType = Int32), @__p_1='?' (DbType = Int32)], CommandType='Text', CommandTimeout='30']
      SELECT [t].[Id], [t].[Address], [t].[Allergies], [t].[BloodType], [t].[CreatedBy], [t].[CreatedDate], [t].[DateOfBirth], [t].[Email], [t].[EmergencyContact], [t].[EmergencyPhone], [t].[FullName], [t].[Gender], [t].[InsuranceBalance], [t].[InsuranceCoverageType], [t].[InsurancePlanId], [t].[InsurancePolicyNumber], [t].[InsuranceProviderId], [t].[InsuranceProviderNameManual], [t].[IsActive], [t].[IsDeleted], [t].[MedicalHistory], [t].[NationalId], [t].[PatientCode], [t].[PhoneNumber], [t].[UpdatedBy], [t].[UpdatedDate], [t0].[Id], [t0].[Address], [t0].[ContactPerson], [t0].[CreatedBy], [t0].[CreatedDate], [t0].[Email], [t0].[IsActive], [t0].[IsDeleted], [t0].[Name], [t0].[PhoneNumber], [t0].[TPA], [t0].[UpdatedBy], [t0].[UpdatedDate], [t1].[Id], [t1].[CoPayAmount], [t1].[CoveragePercentage], [t1].[CreatedBy], [t1].[CreatedDate], [t1].[Exclusions], [t1].[InsuranceProviderId], [t1].[IsActive], [t1].[IsDeleted], [t1].[MaxLimit], [t1].[PlanCode], [t1].[PlanName], [t1].[RequiresPreAuth], [t1].[UpdatedBy], [t1].[UpdatedDate]
      FROM (
          SELECT [p].[Id], [p].[Address], [p].[Allergies], [p].[BloodType], [p].[CreatedBy], [p].[CreatedDate], [p].[DateOfBirth], [p].[Email], [p].[EmergencyContact], [p].[EmergencyPhone], [p].[FullName], [p].[Gender], [p].[InsuranceBalance], [p].[InsuranceCoverageType], [p].[InsurancePlanId], [p].[InsurancePolicyNumber], [p].[InsuranceProviderId], [p].[InsuranceProviderNameManual], [p].[IsActive], [p].[IsDeleted], [p].[MedicalHistory], [p].[NationalId], [p].[PatientCode], [p].[PhoneNumber], [p].[UpdatedBy], [p].[UpdatedDate]
          FROM [Patients] AS [p]
          WHERE [p].[IsDeleted] = CAST(0 AS bit)
          ORDER BY [p].[CreatedDate] DESC
          OFFSET @__p_0 ROWS FETCH NEXT @__p_1 ROWS ONLY
      ) AS [t]
      LEFT JOIN (
          SELECT [i].[Id], [i].[Address], [i].[ContactPerson], [i].[CreatedBy], [i].[CreatedDate], [i].[Email], [i].[IsActive], [i].[IsDeleted], [i].[Name], [i].[PhoneNumber], [i].[TPA], [i].[UpdatedBy], [i].[UpdatedDate]
          FROM [InsuranceProviders] AS [i]
          WHERE [i].[IsDeleted] = CAST(0 AS bit)
      ) AS [t0] ON [t].[InsuranceProviderId] = [t0].[Id]
      LEFT JOIN (
          SELECT [i0].[Id], [i0].[CoPayAmount], [i0].[CoveragePercentage], [i0].[CreatedBy], [i0].[CreatedDate], [i0].[Exclusions], [i0].[InsuranceProviderId], [i0].[IsActive], [i0].[IsDeleted], [i0].[MaxLimit], [i0].[PlanCode], [i0].[PlanName], [i0].[RequiresPreAuth], [i0].[UpdatedBy], [i0].[UpdatedDate]
          FROM [InsurancePlans] AS [i0]
          WHERE [i0].[IsDeleted] = CAST(0 AS bit)
      ) AS [t1] ON [t].[InsurancePlanId] = [t1].[Id]
      ORDER BY [t].[CreatedDate] DESC
info: Microsoft.EntityFrameworkCore.Database.Command[20101]
      Executed DbCommand (2ms) [Parameters=[@__p_0='?' (DbType = Int32), @__p_1='?' (DbType = Int32)], CommandType='Text', CommandTimeout='30']
      SELECT [d].[Id], [d].[ConsultationFee], [d].[CreatedBy], [d].[CreatedDate], [d].[DoctorCode], [d].[Email], [d].[EmployeeId], [d].[FullName], [d].[IsActive], [d].[IsDeleted], [d].[LicenseNumber], [d].[PhoneNumber], [d].[Specialization], [d].[SubSpecialization], [d].[UpdatedBy], [d].[UpdatedDate], [d].[WorkingDays], [d].[WorkingHours]
      FROM [Doctors] AS [d]
      WHERE [d].[IsDeleted] = CAST(0 AS bit)
      ORDER BY [d].[CreatedDate] DESC
      OFFSET @__p_0 ROWS FETCH NEXT @__p_1 ROWS ONLY
info: Microsoft.EntityFrameworkCore.Database.Command[20101]
      Executed DbCommand (7ms) [Parameters=[], CommandType='Text', CommandTimeout='30']
      SELECT COUNT(*)
      FROM [Wards] AS [w]
      WHERE [w].[IsDeleted] = CAST(0 AS bit)
warn: Microsoft.EntityFrameworkCore.Query[10102]
      The query uses a row limiting operator ('Skip'/'Take') without an 'OrderBy' operator. This may lead to unpredictable results. If the 'Distinct' operator is used after 'OrderBy', then make sure to use the 'OrderBy' operator after 'Distinct' as the ordering would otherwise get erased.
warn: Microsoft.EntityFrameworkCore.Query[10102]
      The query uses a row limiting operator ('Skip'/'Take') without an 'OrderBy' operator. This may lead to unpredictable results. If the 'Distinct' operator is used after 'OrderBy', then make sure to use the 'OrderBy' operator after 'Distinct' as the ordering would otherwise get erased.
info: Microsoft.EntityFrameworkCore.Database.Command[20101]
      Executed DbCommand (29ms) [Parameters=[@__p_0='?' (DbType = Int32), @__p_1='?' (DbType = Int32)], CommandType='Text', CommandTimeout='30']
      SELECT [w].[Id], [w].[WardCode], [w].[WardName], [w].[WardNameAr], [w].[WardType], [w].[FloorNumber], [w].[Description], [w].[IsActive], (
          SELECT COUNT(*)
          FROM [Rooms] AS [r]
          WHERE [r].[IsDeleted] = CAST(0 AS bit) AND [w].[Id] = [r].[WardId] AND [r].[IsDeleted] = CAST(0 AS bit)) AS [TotalRooms], (
          SELECT COUNT(*)
          FROM [Rooms] AS [r0]
          INNER JOIN (
              SELECT [b].[Id], [b].[BedNumber], [b].[CreatedBy], [b].[CreatedDate], [b].[IsDeleted], [b].[RoomId], [b].[Status], [b].[UpdatedBy], [b].[UpdatedDate]
              FROM [Beds] AS [b]
              WHERE [b].[IsDeleted] = CAST(0 AS bit)
          ) AS [t] ON [r0].[Id] = [t].[RoomId]
          WHERE [r0].[IsDeleted] = CAST(0 AS bit) AND [w].[Id] = [r0].[WardId] AND [r0].[IsDeleted] = CAST(0 AS bit) AND [t].[IsDeleted] = CAST(0 AS bit)) AS [TotalBeds], (
          SELECT COUNT(*)
          FROM [Rooms] AS [r1]
          INNER JOIN (
              SELECT [b0].[Id], [b0].[BedNumber], [b0].[CreatedBy], [b0].[CreatedDate], [b0].[IsDeleted], [b0].[RoomId], [b0].[Status], [b0].[UpdatedBy], [b0].[UpdatedDate]
              FROM [Beds] AS [b0]
              WHERE [b0].[IsDeleted] = CAST(0 AS bit)
          ) AS [t0] ON [r1].[Id] = [t0].[RoomId]
          WHERE [r1].[IsDeleted] = CAST(0 AS bit) AND [w].[Id] = [r1].[WardId] AND [r1].[IsDeleted] = CAST(0 AS bit) AND [t0].[IsDeleted] = CAST(0 AS bit) AND [t0].[Status] = N'Occupied') AS [OccupiedBeds]
      FROM [Wards] AS [w]
      WHERE [w].[IsDeleted] = CAST(0 AS bit)
      ORDER BY (SELECT 1)
      OFFSET @__p_0 ROWS FETCH NEXT @__p_1 ROWS ONLY
info: Microsoft.EntityFrameworkCore.Database.Command[20101]
      Executed DbCommand (1ms) [Parameters=[@__userId_0='?' (DbType = Int32)], CommandType='Text', CommandTimeout='30']
      SELECT COUNT(*)
      FROM [Notifications] AS [n]
      WHERE ([n].[UserId] = @__userId_0 OR [n].[UserId] IS NULL) AND [n].[IsRead] = CAST(0 AS bit)
info: Microsoft.EntityFrameworkCore.Database.Command[20101]
      Executed DbCommand (1ms) [Parameters=[@__p_1='?' (DbType = Int32), @__userId_0='?' (DbType = Int32)], CommandType='Text', CommandTimeout='30']
      SELECT TOP(@__p_1) [n].[Id], [n].[CreatedBy], [n].[CreatedDate], [n].[EntityId], [n].[EntityType], [n].[IsDeleted], [n].[IsRead], [n].[Message], [n].[NotificationType], [n].[Title], [n].[UpdatedBy], [n].[UpdatedDate], [n].[UserId]
      FROM [Notifications] AS [n]
      WHERE [n].[UserId] = @__userId_0 OR [n].[UserId] IS NULL
      ORDER BY [n].[CreatedDate] DESC
info: Microsoft.EntityFrameworkCore.Database.Command[20101]
      Executed DbCommand (1ms) [Parameters=[], CommandType='Text', CommandTimeout='30']
      SELECT COUNT(*)
      FROM [Patients] AS [p]
      WHERE [p].[IsDeleted] = CAST(0 AS bit)
info: Microsoft.EntityFrameworkCore.Database.Command[20101]
      Executed DbCommand (1ms) [Parameters=[@__p_0='?' (DbType = Int32), @__p_1='?' (DbType = Int32)], CommandType='Text', CommandTimeout='30']
      SELECT [t].[Id], [t].[Address], [t].[Allergies], [t].[BloodType], [t].[CreatedBy], [t].[CreatedDate], [t].[DateOfBirth], [t].[Email], [t].[EmergencyContact], [t].[EmergencyPhone], [t].[FullName], [t].[Gender], [t].[InsuranceBalance], [t].[InsuranceCoverageType], [t].[InsurancePlanId], [t].[InsurancePolicyNumber], [t].[InsuranceProviderId], [t].[InsuranceProviderNameManual], [t].[IsActive], [t].[IsDeleted], [t].[MedicalHistory], [t].[NationalId], [t].[PatientCode], [t].[PhoneNumber], [t].[UpdatedBy], [t].[UpdatedDate], [t0].[Id], [t0].[Address], [t0].[ContactPerson], [t0].[CreatedBy], [t0].[CreatedDate], [t0].[Email], [t0].[IsActive], [t0].[IsDeleted], [t0].[Name], [t0].[PhoneNumber], [t0].[TPA], [t0].[UpdatedBy], [t0].[UpdatedDate], [t1].[Id], [t1].[CoPayAmount], [t1].[CoveragePercentage], [t1].[CreatedBy], [t1].[CreatedDate], [t1].[Exclusions], [t1].[InsuranceProviderId], [t1].[IsActive], [t1].[IsDeleted], [t1].[MaxLimit], [t1].[PlanCode], [t1].[PlanName], [t1].[RequiresPreAuth], [t1].[UpdatedBy], [t1].[UpdatedDate]
      FROM (
          SELECT [p].[Id], [p].[Address], [p].[Allergies], [p].[BloodType], [p].[CreatedBy], [p].[CreatedDate], [p].[DateOfBirth], [p].[Email], [p].[EmergencyContact], [p].[EmergencyPhone], [p].[FullName], [p].[Gender], [p].[InsuranceBalance], [p].[InsuranceCoverageType], [p].[InsurancePlanId], [p].[InsurancePolicyNumber], [p].[InsuranceProviderId], [p].[InsuranceProviderNameManual], [p].[IsActive], [p].[IsDeleted], [p].[MedicalHistory], [p].[NationalId], [p].[PatientCode], [p].[PhoneNumber], [p].[UpdatedBy], [p].[UpdatedDate]
          FROM [Patients] AS [p]
          WHERE [p].[IsDeleted] = CAST(0 AS bit)
          ORDER BY [p].[CreatedDate] DESC
          OFFSET @__p_0 ROWS FETCH NEXT @__p_1 ROWS ONLY
      ) AS [t]
      LEFT JOIN (
          SELECT [i].[Id], [i].[Address], [i].[ContactPerson], [i].[CreatedBy], [i].[CreatedDate], [i].[Email], [i].[IsActive], [i].[IsDeleted], [i].[Name], [i].[PhoneNumber], [i].[TPA], [i].[UpdatedBy], [i].[UpdatedDate]
          FROM [InsuranceProviders] AS [i]
          WHERE [i].[IsDeleted] = CAST(0 AS bit)
      ) AS [t0] ON [t].[InsuranceProviderId] = [t0].[Id]
      LEFT JOIN (
          SELECT [i0].[Id], [i0].[CoPayAmount], [i0].[CoveragePercentage], [i0].[CreatedBy], [i0].[CreatedDate], [i0].[Exclusions], [i0].[InsuranceProviderId], [i0].[IsActive], [i0].[IsDeleted], [i0].[MaxLimit], [i0].[PlanCode], [i0].[PlanName], [i0].[RequiresPreAuth], [i0].[UpdatedBy], [i0].[UpdatedDate]
          FROM [InsurancePlans] AS [i0]
          WHERE [i0].[IsDeleted] = CAST(0 AS bit)
      ) AS [t1] ON [t].[InsurancePlanId] = [t1].[Id]
      ORDER BY [t].[CreatedDate] DESC
info: Microsoft.EntityFrameworkCore.Database.Command[20101]
      Executed DbCommand (2ms) [Parameters=[], CommandType='Text', CommandTimeout='30']
      SELECT COUNT(*)
      FROM [Items] AS [i]
      WHERE [i].[IsDeleted] = CAST(0 AS bit)
info: Microsoft.EntityFrameworkCore.Database.Command[20101]
      Executed DbCommand (1ms) [Parameters=[@__p_0='?' (DbType = Int32), @__p_1='?' (DbType = Int32)], CommandType='Text', CommandTimeout='30']
      SELECT [i].[Id], [i].[Barcode], [i].[Category], [i].[CreatedBy], [i].[CreatedDate], [i].[Description], [i].[DosageForm], [i].[GenericName], [i].[IsActive], [i].[IsDeleted], [i].[IsNarcotic], [i].[ItemCode], [i].[ItemName], [i].[ItemNameAr], [i].[PurchasePrice], [i].[RequiresRefrigeration], [i].[SalePrice], [i].[Strength], [i].[TaxRate], [i].[TrackBatches], [i].[Unit], [i].[UpdatedBy], [i].[UpdatedDate]
      FROM [Items] AS [i]
      WHERE [i].[IsDeleted] = CAST(0 AS bit)
      ORDER BY [i].[ItemName]
      OFFSET @__p_0 ROWS FETCH NEXT @__p_1 ROWS ONLY
info: Microsoft.EntityFrameworkCore.Database.Command[20101]
      Executed DbCommand (1ms) [Parameters=[], CommandType='Text', CommandTimeout='30']
      SELECT COUNT(*)
      FROM [Doctors] AS [d]
      WHERE [d].[IsDeleted] = CAST(0 AS bit)
info: Microsoft.EntityFrameworkCore.Database.Command[20101]
      Executed DbCommand (1ms) [Parameters=[@__p_0='?' (DbType = Int32), @__p_1='?' (DbType = Int32)], CommandType='Text', CommandTimeout='30']
      SELECT [d].[Id], [d].[ConsultationFee], [d].[CreatedBy], [d].[CreatedDate], [d].[DoctorCode], [d].[Email], [d].[EmployeeId], [d].[FullName], [d].[IsActive], [d].[IsDeleted], [d].[LicenseNumber], [d].[PhoneNumber], [d].[Specialization], [d].[SubSpecialization], [d].[UpdatedBy], [d].[UpdatedDate], [d].[WorkingDays], [d].[WorkingHours]
      FROM [Doctors] AS [d]
      WHERE [d].[IsDeleted] = CAST(0 AS bit)
      ORDER BY [d].[CreatedDate] DESC
      OFFSET @__p_0 ROWS FETCH NEXT @__p_1 ROWS ONLY
info: Microsoft.EntityFrameworkCore.Database.Command[20101]
      Executed DbCommand (5ms) [Parameters=[], CommandType='Text', CommandTimeout='30']
      SELECT COUNT(*)
      FROM [ScheduledSurgeries] AS [s]
      WHERE [s].[IsDeleted] = CAST(0 AS bit)
info: Microsoft.EntityFrameworkCore.Database.Command[20101]
      Executed DbCommand (4ms) [Parameters=[], CommandType='Text', CommandTimeout='30']
      SELECT [o].[Id], [o].[CreatedBy], [o].[CreatedDate], [o].[IsDeleted], [o].[Location], [o].[Name], [o].[Status], [o].[UpdatedBy], [o].[UpdatedDate]
      FROM [OperatingTheaters] AS [o]
      WHERE [o].[IsDeleted] = CAST(0 AS bit)
info: Microsoft.EntityFrameworkCore.Database.Command[20101]
      Executed DbCommand (20ms) [Parameters=[@__p_0='?' (DbType = Int32), @__p_1='?' (DbType = Int32)], CommandType='Text', CommandTimeout='30']
      SELECT [t].[Id], [t].[AnesthetistId], [t].[BedAdmissionId], [t].[CreatedBy], [t].[CreatedDate], [t].[InvoiceId], [t].[IsDeleted], [t].[LeadSurgeonId], [t].[Notes], [t].[OperatingTheaterId], [t].[PatientId], [t].[PostOpDiagnosis], [t].[PreOpDiagnosis], [t].[Priority], [t].[ProcedureName], [t].[ScheduledEndTime], [t].[ScheduledStartTime], [t].[Status], [t].[TotalCost], [t].[UpdatedBy], [t].[UpdatedDate], [t0].[Id], [t0].[Address], [t0].[Allergies], [t0].[BloodType], [t0].[CreatedBy], [t0].[CreatedDate], [t0].[DateOfBirth], [t0].[Email], [t0].[EmergencyContact], [t0].[EmergencyPhone], [t0].[FullName], [t0].[Gender], [t0].[InsuranceBalance], [t0].[InsuranceCoverageType], [t0].[InsurancePlanId], [t0].[InsurancePolicyNumber], [t0].[InsuranceProviderId], [t0].[InsuranceProviderNameManual], [t0].[IsActive], [t0].[IsDeleted], [t0].[MedicalHistory], [t0].[NationalId], [t0].[PatientCode], [t0].[PhoneNumber], [t0].[UpdatedBy], [t0].[UpdatedDate], [t1].[Id], [t1].[ConsultationFee], [t1].[CreatedBy], [t1].[CreatedDate], [t1].[DoctorCode], [t1].[Email], [t1].[EmployeeId], [t1].[FullName], [t1].[IsActive], [t1].[IsDeleted], [t1].[LicenseNumber], [t1].[PhoneNumber], [t1].[Specialization], [t1].[SubSpecialization], [t1].[UpdatedBy], [t1].[UpdatedDate], [t1].[WorkingDays], [t1].[WorkingHours], [t2].[Id], [t2].[ConsultationFee], [t2].[CreatedBy], [t2].[CreatedDate], [t2].[DoctorCode], [t2].[Email], [t2].[EmployeeId], [t2].[FullName], [t2].[IsActive], [t2].[IsDeleted], [t2].[LicenseNumber], [t2].[PhoneNumber], [t2].[Specialization], [t2].[SubSpecialization], [t2].[UpdatedBy], [t2].[UpdatedDate], [t2].[WorkingDays], [t2].[WorkingHours], [t3].[Id], [t3].[CreatedBy], [t3].[CreatedDate], [t3].[IsDeleted], [t3].[Location], [t3].[Name], [t3].[Status], [t3].[UpdatedBy], [t3].[UpdatedDate]
      FROM (
          SELECT [s].[Id], [s].[AnesthetistId], [s].[BedAdmissionId], [s].[CreatedBy], [s].[CreatedDate], [s].[InvoiceId], [s].[IsDeleted], [s].[LeadSurgeonId], [s].[Notes], [s].[OperatingTheaterId], [s].[PatientId], [s].[PostOpDiagnosis], [s].[PreOpDiagnosis], [s].[Priority], [s].[ProcedureName], [s].[ScheduledEndTime], [s].[ScheduledStartTime], [s].[Status], [s].[TotalCost], [s].[UpdatedBy], [s].[UpdatedDate]
          FROM [ScheduledSurgeries] AS [s]
          WHERE [s].[IsDeleted] = CAST(0 AS bit)
          ORDER BY [s].[ScheduledStartTime] DESC
          OFFSET @__p_0 ROWS FETCH NEXT @__p_1 ROWS ONLY
      ) AS [t]
      INNER JOIN (
          SELECT [p].[Id], [p].[Address], [p].[Allergies], [p].[BloodType], [p].[CreatedBy], [p].[CreatedDate], [p].[DateOfBirth], [p].[Email], [p].[EmergencyContact], [p].[EmergencyPhone], [p].[FullName], [p].[Gender], [p].[InsuranceBalance], [p].[InsuranceCoverageType], [p].[InsurancePlanId], [p].[InsurancePolicyNumber], [p].[InsuranceProviderId], [p].[InsuranceProviderNameManual], [p].[IsActive], [p].[IsDeleted], [p].[MedicalHistory], [p].[NationalId], [p].[PatientCode], [p].[PhoneNumber], [p].[UpdatedBy], [p].[UpdatedDate]
          FROM [Patients] AS [p]
          WHERE [p].[IsDeleted] = CAST(0 AS bit)
      ) AS [t0] ON [t].[PatientId] = [t0].[Id]
      INNER JOIN (
          SELECT [d].[Id], [d].[ConsultationFee], [d].[CreatedBy], [d].[CreatedDate], [d].[DoctorCode], [d].[Email], [d].[EmployeeId], [d].[FullName], [d].[IsActive], [d].[IsDeleted], [d].[LicenseNumber], [d].[PhoneNumber], [d].[Specialization], [d].[SubSpecialization], [d].[UpdatedBy], [d].[UpdatedDate], [d].[WorkingDays], [d].[WorkingHours]
          FROM [Doctors] AS [d]
          WHERE [d].[IsDeleted] = CAST(0 AS bit)
      ) AS [t1] ON [t].[LeadSurgeonId] = [t1].[Id]
      LEFT JOIN (
          SELECT [d0].[Id], [d0].[ConsultationFee], [d0].[CreatedBy], [d0].[CreatedDate], [d0].[DoctorCode], [d0].[Email], [d0].[EmployeeId], [d0].[FullName], [d0].[IsActive], [d0].[IsDeleted], [d0].[LicenseNumber], [d0].[PhoneNumber], [d0].[Specialization], [d0].[SubSpecialization], [d0].[UpdatedBy], [d0].[UpdatedDate], [d0].[WorkingDays], [d0].[WorkingHours]
          FROM [Doctors] AS [d0]
          WHERE [d0].[IsDeleted] = CAST(0 AS bit)
      ) AS [t2] ON [t].[AnesthetistId] = [t2].[Id]
      INNER JOIN (
          SELECT [o].[Id], [o].[CreatedBy], [o].[CreatedDate], [o].[IsDeleted], [o].[Location], [o].[Name], [o].[Status], [o].[UpdatedBy], [o].[UpdatedDate]
          FROM [OperatingTheaters] AS [o]
          WHERE [o].[IsDeleted] = CAST(0 AS bit)
      ) AS [t3] ON [t].[OperatingTheaterId] = [t3].[Id]
      ORDER BY [t].[ScheduledStartTime] DESC
info: Microsoft.EntityFrameworkCore.Database.Command[20101]
      Executed DbCommand (1ms) [Parameters=[@__userId_0='?' (DbType = Int32)], CommandType='Text', CommandTimeout='30']
      SELECT COUNT(*)
      FROM [Notifications] AS [n]
      WHERE ([n].[UserId] = @__userId_0 OR [n].[UserId] IS NULL) AND [n].[IsRead] = CAST(0 AS bit)
info: Microsoft.EntityFrameworkCore.Database.Command[20101]
      Executed DbCommand (1ms) [Parameters=[@__p_1='?' (DbType = Int32), @__userId_0='?' (DbType = Int32)], CommandType='Text', CommandTimeout='30']
      SELECT TOP(@__p_1) [n].[Id], [n].[CreatedBy], [n].[CreatedDate], [n].[EntityId], [n].[EntityType], [n].[IsDeleted], [n].[IsRead], [n].[Message], [n].[NotificationType], [n].[Title], [n].[UpdatedBy], [n].[UpdatedDate], [n].[UserId]
      FROM [Notifications] AS [n]
      WHERE [n].[UserId] = @__userId_0 OR [n].[UserId] IS NULL
      ORDER BY [n].[CreatedDate] DESC
info: Microsoft.EntityFrameworkCore.Database.Command[20101]
      Executed DbCommand (4ms) [Parameters=[], CommandType='Text', CommandTimeout='30']
      SELECT COUNT(*)
      FROM [EmergencyAdmissions] AS [e]
      WHERE [e].[IsDeleted] = CAST(0 AS bit) AND [e].[Status] NOT IN (N'Discharged', N'Admitted', N'Expired')
info: Microsoft.EntityFrameworkCore.Database.Command[20101]
      Executed DbCommand (2ms) [Parameters=[], CommandType='Text', CommandTimeout='30']
      SELECT [e].[Id], [e].[ArrivalMode], [e].[ArrivalTime], [e].[AssignedDoctorId], [e].[ChiefComplaint], [e].[CreatedBy], [e].[CreatedDate], [e].[Diagnosis], [e].[Disposition], [e].[DispositionTime], [e].[ERBayNumber], [e].[InitialVitalSigns], [e].[InpatientAdmissionId], [e].[IsDeleted], [e].[Notes], [e].[PatientId], [e].[Status], [e].[TriageCategory], [e].[TriageLevel], [e].[TriageNotes], [e].[TriageNurseId], [e].[TriageTime], [e].[UpdatedBy], [e].[UpdatedDate]
      FROM [EmergencyAdmissions] AS [e]
      WHERE [e].[IsDeleted] = CAST(0 AS bit) AND [e].[Status] NOT IN (N'Discharged', N'Admitted', N'Expired')
info: Microsoft.EntityFrameworkCore.Database.Command[20101]
      Executed DbCommand (13ms) [Parameters=[@__p_0='?' (DbType = Int32), @__p_1='?' (DbType = Int32)], CommandType='Text', CommandTimeout='30']
      SELECT [t].[Id], [t].[ArrivalMode], [t].[ArrivalTime], [t].[AssignedDoctorId], [t].[ChiefComplaint], [t].[CreatedBy], [t].[CreatedDate], [t].[Diagnosis], [t].[Disposition], [t].[DispositionTime], [t].[ERBayNumber], [t].[InitialVitalSigns], [t].[InpatientAdmissionId], [t].[IsDeleted], [t].[Notes], [t].[PatientId], [t].[Status], [t].[TriageCategory], [t].[TriageLevel], [t].[TriageNotes], [t].[TriageNurseId], [t].[TriageTime], [t].[UpdatedBy], [t].[UpdatedDate], [t0].[Id], [t0].[Address], [t0].[Allergies], [t0].[BloodType], [t0].[CreatedBy], [t0].[CreatedDate], [t0].[DateOfBirth], [t0].[Email], [t0].[EmergencyContact], [t0].[EmergencyPhone], [t0].[FullName], [t0].[Gender], [t0].[InsuranceBalance], [t0].[InsuranceCoverageType], [t0].[InsurancePlanId], [t0].[InsurancePolicyNumber], [t0].[InsuranceProviderId], [t0].[InsuranceProviderNameManual], [t0].[IsActive], [t0].[IsDeleted], [t0].[MedicalHistory], [t0].[NationalId], [t0].[PatientCode], [t0].[PhoneNumber], [t0].[UpdatedBy], [t0].[UpdatedDate], [t1].[Id], [t1].[CreatedBy], [t1].[CreatedDate], [t1].[Email], [t1].[FullName], [t1].[IsActive], [t1].[IsDeleted], [t1].[PasswordHash], [t1].[PhoneNumber], [t1].[RefreshToken], [t1].[RefreshTokenExpiry], [t1].[RoleId], [t1].[UpdatedBy], [t1].[UpdatedDate], [t1].[Username]
      FROM (
          SELECT [e].[Id], [e].[ArrivalMode], [e].[ArrivalTime], [e].[AssignedDoctorId], [e].[ChiefComplaint], [e].[CreatedBy], [e].[CreatedDate], [e].[Diagnosis], [e].[Disposition], [e].[DispositionTime], [e].[ERBayNumber], [e].[InitialVitalSigns], [e].[InpatientAdmissionId], [e].[IsDeleted], [e].[Notes], [e].[PatientId], [e].[Status], [e].[TriageCategory], [e].[TriageLevel], [e].[TriageNotes], [e].[TriageNurseId], [e].[TriageTime], [e].[UpdatedBy], [e].[UpdatedDate]
          FROM [EmergencyAdmissions] AS [e]
          WHERE [e].[IsDeleted] = CAST(0 AS bit) AND [e].[Status] NOT IN (N'Discharged', N'Admitted', N'Expired')
          ORDER BY [e].[TriageLevel] DESC, [e].[ArrivalTime]
          OFFSET @__p_0 ROWS FETCH NEXT @__p_1 ROWS ONLY
      ) AS [t]
      INNER JOIN (
          SELECT [p].[Id], [p].[Address], [p].[Allergies], [p].[BloodType], [p].[CreatedBy], [p].[CreatedDate], [p].[DateOfBirth], [p].[Email], [p].[EmergencyContact], [p].[EmergencyPhone], [p].[FullName], [p].[Gender], [p].[InsuranceBalance], [p].[InsuranceCoverageType], [p].[InsurancePlanId], [p].[InsurancePolicyNumber], [p].[InsuranceProviderId], [p].[InsuranceProviderNameManual], [p].[IsActive], [p].[IsDeleted], [p].[MedicalHistory], [p].[NationalId], [p].[PatientCode], [p].[PhoneNumber], [p].[UpdatedBy], [p].[UpdatedDate]
          FROM [Patients] AS [p]
          WHERE [p].[IsDeleted] = CAST(0 AS bit)
      ) AS [t0] ON [t].[PatientId] = [t0].[Id]
      LEFT JOIN (
          SELECT [u].[Id], [u].[CreatedBy], [u].[CreatedDate], [u].[Email], [u].[FullName], [u].[IsActive], [u].[IsDeleted], [u].[PasswordHash], [u].[PhoneNumber], [u].[RefreshToken], [u].[RefreshTokenExpiry], [u].[RoleId], [u].[UpdatedBy], [u].[UpdatedDate], [u].[Username]
          FROM [Users] AS [u]
          WHERE [u].[IsDeleted] = CAST(0 AS bit)
      ) AS [t1] ON [t].[AssignedDoctorId] = [t1].[Id]
      ORDER BY [t].[TriageLevel] DESC, [t].[ArrivalTime]
info: Microsoft.EntityFrameworkCore.Database.Command[20101]
      Executed DbCommand (1ms) [Parameters=[@__userId_0='?' (DbType = Int32)], CommandType='Text', CommandTimeout='30']
      SELECT COUNT(*)
      FROM [Notifications] AS [n]
      WHERE ([n].[UserId] = @__userId_0 OR [n].[UserId] IS NULL) AND [n].[IsRead] = CAST(0 AS bit)
info: Microsoft.EntityFrameworkCore.Database.Command[20101]
      Executed DbCommand (1ms) [Parameters=[@__p_1='?' (DbType = Int32), @__userId_0='?' (DbType = Int32)], CommandType='Text', CommandTimeout='30']
      SELECT TOP(@__p_1) [n].[Id], [n].[CreatedBy], [n].[CreatedDate], [n].[EntityId], [n].[EntityType], [n].[IsDeleted], [n].[IsRead], [n].[Message], [n].[NotificationType], [n].[Title], [n].[UpdatedBy], [n].[UpdatedDate], [n].[UserId]
      FROM [Notifications] AS [n]
      WHERE [n].[UserId] = @__userId_0 OR [n].[UserId] IS NULL
      ORDER BY [n].[CreatedDate] DESC
info: Microsoft.EntityFrameworkCore.Database.Command[20101]
      Executed DbCommand (2ms) [Parameters=[@__status_0='?' (Size = 4000)], CommandType='Text', CommandTimeout='30']
      SELECT COUNT(*)
      FROM [BedAdmissions] AS [b]
      WHERE [b].[IsDeleted] = CAST(0 AS bit) AND [b].[Status] = @__status_0
info: Microsoft.EntityFrameworkCore.Database.Command[20101]
      Executed DbCommand (23ms) [Parameters=[@__status_0='?' (Size = 4000), @__p_1='?' (DbType = Int32), @__p_2='?' (DbType = Int32)], CommandType='Text', CommandTimeout='30']
      SELECT [t].[Id], [t].[BedId], [t0].[BedNumber], [t1].[RoomNumber], [t2].[WardName], [t].[PatientId], [t3].[PatientCode], [t3].[FullName] AS [PatientName], [t].[DoctorId], CASE
          WHEN [t4].[Id] IS NOT NULL THEN N'Dr. ' + COALESCE([t5].[FullName], N'')
          ELSE NULL
      END AS [DoctorName], [t].[AdmissionDate], [t].[DischargeDate], [t].[AdmissionType], [t].[Status], [t].[AdmissionReason], [t].[DischargeNotes], [t].[DailyRate], [t].[Notes], [t].[EmergencyAdmissionId]
      FROM (
          SELECT [b].[Id], [b].[AdmissionDate], [b].[AdmissionReason], [b].[AdmissionType], [b].[BedId], [b].[DailyRate], [b].[DischargeDate], [b].[DischargeNotes], [b].[DoctorId], [b].[EmergencyAdmissionId], [b].[Notes], [b].[PatientId], [b].[Status]
          FROM [BedAdmissions] AS [b]
          WHERE [b].[IsDeleted] = CAST(0 AS bit) AND [b].[Status] = @__status_0
          ORDER BY [b].[AdmissionDate] DESC
          OFFSET @__p_1 ROWS FETCH NEXT @__p_2 ROWS ONLY
      ) AS [t]
      INNER JOIN (
          SELECT [b0].[Id], [b0].[BedNumber], [b0].[RoomId]
          FROM [Beds] AS [b0]
          WHERE [b0].[IsDeleted] = CAST(0 AS bit)
      ) AS [t0] ON [t].[BedId] = [t0].[Id]
      INNER JOIN (
          SELECT [r].[Id], [r].[RoomNumber], [r].[WardId]
          FROM [Rooms] AS [r]
          WHERE [r].[IsDeleted] = CAST(0 AS bit)
      ) AS [t1] ON [t0].[RoomId] = [t1].[Id]
      INNER JOIN (
          SELECT [w].[Id], [w].[WardName]
          FROM [Wards] AS [w]
          WHERE [w].[IsDeleted] = CAST(0 AS bit)
      ) AS [t2] ON [t1].[WardId] = [t2].[Id]
      INNER JOIN (
          SELECT [p].[Id], [p].[FullName], [p].[PatientCode]
          FROM [Patients] AS [p]
          WHERE [p].[IsDeleted] = CAST(0 AS bit)
      ) AS [t3] ON [t].[PatientId] = [t3].[Id]
      LEFT JOIN (
          SELECT [d].[Id], [d].[EmployeeId]
          FROM [Doctors] AS [d]
          WHERE [d].[IsDeleted] = CAST(0 AS bit)
      ) AS [t4] ON [t].[DoctorId] = [t4].[Id]
      LEFT JOIN (
          SELECT [e].[Id], [e].[FullName]
          FROM [Employees] AS [e]
          WHERE [e].[IsDeleted] = CAST(0 AS bit)
      ) AS [t5] ON [t4].[EmployeeId] = [t5].[Id]
      ORDER BY [t].[AdmissionDate] DESC
info: Microsoft.EntityFrameworkCore.Database.Command[20101]
      Executed DbCommand (1ms) [Parameters=[@__p_1='?' (DbType = Int32), @__userId_0='?' (DbType = Int32)], CommandType='Text', CommandTimeout='30']
      SELECT TOP(@__p_1) [n].[Id], [n].[CreatedBy], [n].[CreatedDate], [n].[EntityId], [n].[EntityType], [n].[IsDeleted], [n].[IsRead], [n].[Message], [n].[NotificationType], [n].[Title], [n].[UpdatedBy], [n].[UpdatedDate], [n].[UserId]
      FROM [Notifications] AS [n]
      WHERE [n].[UserId] = @__userId_0 OR [n].[UserId] IS NULL
      ORDER BY [n].[CreatedDate] DESC
info: Microsoft.EntityFrameworkCore.Database.Command[20101]
      Executed DbCommand (2ms) [Parameters=[@__userId_0='?' (DbType = Int32)], CommandType='Text', CommandTimeout='30']
      SELECT COUNT(*)
      FROM [Notifications] AS [n]
      WHERE ([n].[UserId] = @__userId_0 OR [n].[UserId] IS NULL) AND [n].[IsRead] = CAST(0 AS bit)
info: Microsoft.EntityFrameworkCore.Database.Command[20101]
      Executed DbCommand (1ms) [Parameters=[], CommandType='Text', CommandTimeout='30']
      SELECT COUNT(*)
      FROM [Items] AS [i]
      WHERE [i].[IsDeleted] = CAST(0 AS bit)
info: Microsoft.EntityFrameworkCore.Database.Command[20101]
      Executed DbCommand (1ms) [Parameters=[@__p_0='?' (DbType = Int32), @__p_1='?' (DbType = Int32)], CommandType='Text', CommandTimeout='30']
      SELECT [i].[Id], [i].[Barcode], [i].[Category], [i].[CreatedBy], [i].[CreatedDate], [i].[Description], [i].[DosageForm], [i].[GenericName], [i].[IsActive], [i].[IsDeleted], [i].[IsNarcotic], [i].[ItemCode], [i].[ItemName], [i].[ItemNameAr], [i].[PurchasePrice], [i].[RequiresRefrigeration], [i].[SalePrice], [i].[Strength], [i].[TaxRate], [i].[TrackBatches], [i].[Unit], [i].[UpdatedBy], [i].[UpdatedDate]
      FROM [Items] AS [i]
      WHERE [i].[IsDeleted] = CAST(0 AS bit)
      ORDER BY [i].[ItemName]
      OFFSET @__p_0 ROWS FETCH NEXT @__p_1 ROWS ONLY
info: Microsoft.EntityFrameworkCore.Database.Command[20101]
      Executed DbCommand (2ms) [Parameters=[], CommandType='Text', CommandTimeout='30']
      SELECT [w].[Id], [w].[CreatedBy], [w].[CreatedDate], [w].[IsActive], [w].[IsDeleted], [w].[Location], [w].[UpdatedBy], [w].[UpdatedDate], [w].[WarehouseCode], [w].[WarehouseName]
      FROM [Warehouses] AS [w]
      WHERE [w].[IsDeleted] = CAST(0 AS bit)
info: Microsoft.EntityFrameworkCore.Database.Command[20101]
      Executed DbCommand (1ms) [Parameters=[@__userId_0='?' (DbType = Int32)], CommandType='Text', CommandTimeout='30']
      SELECT COUNT(*)
      FROM [Notifications] AS [n]
      WHERE ([n].[UserId] = @__userId_0 OR [n].[UserId] IS NULL) AND [n].[IsRead] = CAST(0 AS bit)
info: Microsoft.EntityFrameworkCore.Database.Command[20101]
      Executed DbCommand (1ms) [Parameters=[@__p_1='?' (DbType = Int32), @__userId_0='?' (DbType = Int32)], CommandType='Text', CommandTimeout='30']
      SELECT TOP(@__p_1) [n].[Id], [n].[CreatedBy], [n].[CreatedDate], [n].[EntityId], [n].[EntityType], [n].[IsDeleted], [n].[IsRead], [n].[Message], [n].[NotificationType], [n].[Title], [n].[UpdatedBy], [n].[UpdatedDate], [n].[UserId]
      FROM [Notifications] AS [n]
      WHERE [n].[UserId] = @__userId_0 OR [n].[UserId] IS NULL
      ORDER BY [n].[CreatedDate] DESC
info: Microsoft.EntityFrameworkCore.Database.Command[20101]
      Executed DbCommand (1ms) [Parameters=[], CommandType='Text', CommandTimeout='30']
      SELECT COUNT(*)
      FROM [Items] AS [i]
      WHERE [i].[IsDeleted] = CAST(0 AS bit)
info: Microsoft.EntityFrameworkCore.Database.Command[20101]
      Executed DbCommand (1ms) [Parameters=[], CommandType='Text', CommandTimeout='30']
      SELECT [w].[Id], [w].[CreatedBy], [w].[CreatedDate], [w].[IsActive], [w].[IsDeleted], [w].[Location], [w].[UpdatedBy], [w].[UpdatedDate], [w].[WarehouseCode], [w].[WarehouseName]
      FROM [Warehouses] AS [w]
      WHERE [w].[IsDeleted] = CAST(0 AS bit)
info: Microsoft.EntityFrameworkCore.Database.Command[20101]
      Executed DbCommand (2ms) [Parameters=[@__p_0='?' (DbType = Int32), @__p_1='?' (DbType = Int32)], CommandType='Text', CommandTimeout='30']
      SELECT [i].[Id], [i].[Barcode], [i].[Category], [i].[CreatedBy], [i].[CreatedDate], [i].[Description], [i].[DosageForm], [i].[GenericName], [i].[IsActive], [i].[IsDeleted], [i].[IsNarcotic], [i].[ItemCode], [i].[ItemName], [i].[ItemNameAr], [i].[PurchasePrice], [i].[RequiresRefrigeration], [i].[SalePrice], [i].[Strength], [i].[TaxRate], [i].[TrackBatches], [i].[Unit], [i].[UpdatedBy], [i].[UpdatedDate]
      FROM [Items] AS [i]
      WHERE [i].[IsDeleted] = CAST(0 AS bit)
      ORDER BY [i].[ItemName]
      OFFSET @__p_0 ROWS FETCH NEXT @__p_1 ROWS ONLY
info: Microsoft.EntityFrameworkCore.Database.Command[20101]
      Executed DbCommand (5ms) [Parameters=[], CommandType='Text', CommandTimeout='30']
      SELECT COUNT(*)
      FROM [Suppliers] AS [s]
      WHERE [s].[IsDeleted] = CAST(0 AS bit)
info: Microsoft.EntityFrameworkCore.Database.Command[20101]
      Executed DbCommand (3ms) [Parameters=[@__p_0='?' (DbType = Int32), @__p_1='?' (DbType = Int32)], CommandType='Text', CommandTimeout='30']
      SELECT [s].[Id], [s].[Address], [s].[Balance], [s].[ContactPerson], [s].[CreatedBy], [s].[CreatedDate], [s].[Email], [s].[IsActive], [s].[IsDeleted], [s].[PhoneNumber], [s].[SupplierCode], [s].[SupplierName], [s].[TaxNumber], [s].[UpdatedBy], [s].[UpdatedDate]
      FROM [Suppliers] AS [s]
      WHERE [s].[IsDeleted] = CAST(0 AS bit)
      ORDER BY [s].[SupplierName]
      OFFSET @__p_0 ROWS FETCH NEXT @__p_1 ROWS ONLY
info: Microsoft.EntityFrameworkCore.Database.Command[20101]
      Executed DbCommand (1ms) [Parameters=[@__p_1='?' (DbType = Int32), @__userId_0='?' (DbType = Int32)], CommandType='Text', CommandTimeout='30']
      SELECT TOP(@__p_1) [n].[Id], [n].[CreatedBy], [n].[CreatedDate], [n].[EntityId], [n].[EntityType], [n].[IsDeleted], [n].[IsRead], [n].[Message], [n].[NotificationType], [n].[Title], [n].[UpdatedBy], [n].[UpdatedDate], [n].[UserId]
      FROM [Notifications] AS [n]
      WHERE [n].[UserId] = @__userId_0 OR [n].[UserId] IS NULL
      ORDER BY [n].[CreatedDate] DESC
info: Microsoft.EntityFrameworkCore.Database.Command[20101]
      Executed DbCommand (1ms) [Parameters=[@__userId_0='?' (DbType = Int32)], CommandType='Text', CommandTimeout='30']
      SELECT COUNT(*)
      FROM [Notifications] AS [n]
      WHERE ([n].[UserId] = @__userId_0 OR [n].[UserId] IS NULL) AND [n].[IsRead] = CAST(0 AS bit)
info: Microsoft.EntityFrameworkCore.Database.Command[20101]
      Executed DbCommand (1ms) [Parameters=[], CommandType='Text', CommandTimeout='30']
      SELECT COUNT(*)
      FROM [Items] AS [i]
      WHERE [i].[IsDeleted] = CAST(0 AS bit)
info: Microsoft.EntityFrameworkCore.Database.Command[20101]
      Executed DbCommand (1ms) [Parameters=[], CommandType='Text', CommandTimeout='30']
      SELECT COUNT(*)
      FROM [Customers] AS [c]
      WHERE [c].[IsDeleted] = CAST(0 AS bit)
info: Microsoft.EntityFrameworkCore.Database.Command[20101]
      Executed DbCommand (1ms) [Parameters=[@__p_0='?' (DbType = Int32), @__p_1='?' (DbType = Int32)], CommandType='Text', CommandTimeout='30']
      SELECT [i].[Id], [i].[Barcode], [i].[Category], [i].[CreatedBy], [i].[CreatedDate], [i].[Description], [i].[DosageForm], [i].[GenericName], [i].[IsActive], [i].[IsDeleted], [i].[IsNarcotic], [i].[ItemCode], [i].[ItemName], [i].[ItemNameAr], [i].[PurchasePrice], [i].[RequiresRefrigeration], [i].[SalePrice], [i].[Strength], [i].[TaxRate], [i].[TrackBatches], [i].[Unit], [i].[UpdatedBy], [i].[UpdatedDate]
      FROM [Items] AS [i]
      WHERE [i].[IsDeleted] = CAST(0 AS bit)
      ORDER BY [i].[ItemName]
      OFFSET @__p_0 ROWS FETCH NEXT @__p_1 ROWS ONLY
info: Microsoft.EntityFrameworkCore.Database.Command[20101]
      Executed DbCommand (1ms) [Parameters=[@__p_0='?' (DbType = Int32), @__p_1='?' (DbType = Int32)], CommandType='Text', CommandTimeout='30']
      SELECT [c].[Id], [c].[Address], [c].[Balance], [c].[ContactPerson], [c].[CreatedBy], [c].[CreatedDate], [c].[CustomerCode], [c].[CustomerName], [c].[Email], [c].[IsActive], [c].[IsDeleted], [c].[PhoneNumber], [c].[TaxNumber], [c].[UpdatedBy], [c].[UpdatedDate]
      FROM [Customers] AS [c]
      WHERE [c].[IsDeleted] = CAST(0 AS bit)
      ORDER BY [c].[CustomerName]
      OFFSET @__p_0 ROWS FETCH NEXT @__p_1 ROWS ONLY
info: Microsoft.EntityFrameworkCore.Database.Command[20101]
      Executed DbCommand (0ms) [Parameters=[], CommandType='Text', CommandTimeout='30']
      SELECT [w].[Id], [w].[CreatedBy], [w].[CreatedDate], [w].[IsActive], [w].[IsDeleted], [w].[Location], [w].[UpdatedBy], [w].[UpdatedDate], [w].[WarehouseCode], [w].[WarehouseName]
      FROM [Warehouses] AS [w]
      WHERE [w].[IsDeleted] = CAST(0 AS bit)
info: Microsoft.EntityFrameworkCore.Database.Command[20101]
      Executed DbCommand (3ms) [Parameters=[@__userId_0='?' (DbType = Int32)], CommandType='Text', CommandTimeout='30']
      SELECT COUNT(*)
      FROM [Notifications] AS [n]
      WHERE ([n].[UserId] = @__userId_0 OR [n].[UserId] IS NULL) AND [n].[IsRead] = CAST(0 AS bit)
info: Microsoft.EntityFrameworkCore.Database.Command[20101]
      Executed DbCommand (3ms) [Parameters=[@__p_1='?' (DbType = Int32), @__userId_0='?' (DbType = Int32)], CommandType='Text', CommandTimeout='30']
      SELECT TOP(@__p_1) [n].[Id], [n].[CreatedBy], [n].[CreatedDate], [n].[EntityId], [n].[EntityType], [n].[IsDeleted], [n].[IsRead], [n].[Message], [n].[NotificationType], [n].[Title], [n].[UpdatedBy], [n].[UpdatedDate], [n].[UserId]
      FROM [Notifications] AS [n]
      WHERE [n].[UserId] = @__userId_0 OR [n].[UserId] IS NULL
      ORDER BY [n].[CreatedDate] DESC
info: Microsoft.EntityFrameworkCore.Database.Command[20101]
      Executed DbCommand (2ms) [Parameters=[], CommandType='Text', CommandTimeout='30']
      SELECT COUNT(*)
      FROM [Employees] AS [e]
      WHERE [e].[IsDeleted] = CAST(0 AS bit)
info: Microsoft.EntityFrameworkCore.Database.Command[20101]
      Executed DbCommand (2ms) [Parameters=[@__p_0='?' (DbType = Int32), @__p_1='?' (DbType = Int32)], CommandType='Text', CommandTimeout='30']
      SELECT [e].[Id], [e].[Allowances], [e].[BasicSalary], [e].[CreatedBy], [e].[CreatedDate], [e].[Deductions], [e].[Department], [e].[Email], [e].[EmployeeCode], [e].[FullName], [e].[HireDate], [e].[IsActive], [e].[IsDeleted], [e].[NationalId], [e].[PhoneNumber], [e].[Position], [e].[UpdatedBy], [e].[UpdatedDate]
      FROM [Employees] AS [e]
      WHERE [e].[IsDeleted] = CAST(0 AS bit)
      ORDER BY [e].[FullName]
      OFFSET @__p_0 ROWS FETCH NEXT @__p_1 ROWS ONLY
info: Microsoft.EntityFrameworkCore.Database.Command[20101]
      Executed DbCommand (3ms) [Parameters=[@__p_1='?' (DbType = Int32), @__userId_0='?' (DbType = Int32)], CommandType='Text', CommandTimeout='30']
      SELECT TOP(@__p_1) [n].[Id], [n].[CreatedBy], [n].[CreatedDate], [n].[EntityId], [n].[EntityType], [n].[IsDeleted], [n].[IsRead], [n].[Message], [n].[NotificationType], [n].[Title], [n].[UpdatedBy], [n].[UpdatedDate], [n].[UserId]
      FROM [Notifications] AS [n]
      WHERE [n].[UserId] = @__userId_0 OR [n].[UserId] IS NULL
      ORDER BY [n].[CreatedDate] DESC
info: Microsoft.EntityFrameworkCore.Database.Command[20101]
      Executed DbCommand (3ms) [Parameters=[@__userId_0='?' (DbType = Int32)], CommandType='Text', CommandTimeout='30']
      SELECT COUNT(*)
      FROM [Notifications] AS [n]
      WHERE ([n].[UserId] = @__userId_0 OR [n].[UserId] IS NULL) AND [n].[IsRead] = CAST(0 AS bit)
info: Microsoft.EntityFrameworkCore.Database.Command[20101]
      Executed DbCommand (9ms) [Parameters=[], CommandType='Text', CommandTimeout='30']
      SELECT [a].[Id], [a].[AccountCode], [a].[AccountName], [a].[AccountNameAr], [a].[AccountType], [a].[ParentAccountId], [t].[AccountName], [a].[Balance], [a].[IsActive], [a].[Description]
      FROM [Accounts] AS [a]
      LEFT JOIN (
          SELECT [a0].[Id], [a0].[AccountName]
          FROM [Accounts] AS [a0]
          WHERE [a0].[IsDeleted] = CAST(0 AS bit)
      ) AS [t] ON [a].[ParentAccountId] = [t].[Id]
      WHERE [a].[IsDeleted] = CAST(0 AS bit)
      ORDER BY [a].[AccountCode]
info: Microsoft.EntityFrameworkCore.Database.Command[20101]
      Executed DbCommand (2ms) [Parameters=[@__userId_0='?' (DbType = Int32)], CommandType='Text', CommandTimeout='30']
      SELECT COUNT(*)
      FROM [Notifications] AS [n]
      WHERE ([n].[UserId] = @__userId_0 OR [n].[UserId] IS NULL) AND [n].[IsRead] = CAST(0 AS bit)
info: Microsoft.EntityFrameworkCore.Database.Command[20101]
      Executed DbCommand (2ms) [Parameters=[@__p_1='?' (DbType = Int32), @__userId_0='?' (DbType = Int32)], CommandType='Text', CommandTimeout='30']
      SELECT TOP(@__p_1) [n].[Id], [n].[CreatedBy], [n].[CreatedDate], [n].[EntityId], [n].[EntityType], [n].[IsDeleted], [n].[IsRead], [n].[Message], [n].[NotificationType], [n].[Title], [n].[UpdatedBy], [n].[UpdatedDate], [n].[UserId]
      FROM [Notifications] AS [n]
      WHERE [n].[UserId] = @__userId_0 OR [n].[UserId] IS NULL
      ORDER BY [n].[CreatedDate] DESC
info: Microsoft.EntityFrameworkCore.Database.Command[20101]
      Executed DbCommand (2ms) [Parameters=[], CommandType='Text', CommandTimeout='30']
      SELECT COUNT(*)
      FROM [Users] AS [u]
      WHERE [u].[IsDeleted] = CAST(0 AS bit)
info: Microsoft.EntityFrameworkCore.Database.Command[20101]
      Executed DbCommand (2ms) [Parameters=[], CommandType='Text', CommandTimeout='30']
      SELECT [r].[Id], [r].[CreatedBy], [r].[CreatedDate], [r].[Description], [r].[IsDeleted], [r].[Name], [r].[UpdatedBy], [r].[UpdatedDate]
      FROM [Roles] AS [r]
      ORDER BY [r].[Name]
info: Microsoft.EntityFrameworkCore.Database.Command[20101]
      Executed DbCommand (2ms) [Parameters=[@__p_0='?' (DbType = Int32), @__p_1='?' (DbType = Int32)], CommandType='Text', CommandTimeout='30']
      SELECT [t].[Id], [t].[CreatedBy], [t].[CreatedDate], [t].[Email], [t].[FullName], [t].[IsActive], [t].[IsDeleted], [t].[PasswordHash], [t].[PhoneNumber], [t].[RefreshToken], [t].[RefreshTokenExpiry], [t].[RoleId], [t].[UpdatedBy], [t].[UpdatedDate], [t].[Username], [r].[Id], [r].[CreatedBy], [r].[CreatedDate], [r].[Description], [r].[IsDeleted], [r].[Name], [r].[UpdatedBy], [r].[UpdatedDate]
      FROM (
          SELECT [u].[Id], [u].[CreatedBy], [u].[CreatedDate], [u].[Email], [u].[FullName], [u].[IsActive], [u].[IsDeleted], [u].[PasswordHash], [u].[PhoneNumber], [u].[RefreshToken], [u].[RefreshTokenExpiry], [u].[RoleId], [u].[UpdatedBy], [u].[UpdatedDate], [u].[Username]
          FROM [Users] AS [u]
          WHERE [u].[IsDeleted] = CAST(0 AS bit)
          ORDER BY [u].[FullName]
          OFFSET @__p_0 ROWS FETCH NEXT @__p_1 ROWS ONLY
      ) AS [t]
      INNER JOIN [Roles] AS [r] ON [t].[RoleId] = [r].[Id]
      ORDER BY [t].[FullName]
info: Microsoft.EntityFrameworkCore.Database.Command[20101]
      Executed DbCommand (0ms) [Parameters=[@__userId_0='?' (DbType = Int32)], CommandType='Text', CommandTimeout='30']
      SELECT COUNT(*)
      FROM [Notifications] AS [n]
      WHERE ([n].[UserId] = @__userId_0 OR [n].[UserId] IS NULL) AND [n].[IsRead] = CAST(0 AS bit)
info: Microsoft.EntityFrameworkCore.Database.Command[20101]
      Executed DbCommand (1ms) [Parameters=[@__p_1='?' (DbType = Int32), @__userId_0='?' (DbType = Int32)], CommandType='Text', CommandTimeout='30']
      SELECT TOP(@__p_1) [n].[Id], [n].[CreatedBy], [n].[CreatedDate], [n].[EntityId], [n].[EntityType], [n].[IsDeleted], [n].[IsRead], [n].[Message], [n].[NotificationType], [n].[Title], [n].[UpdatedBy], [n].[UpdatedDate], [n].[UserId]
      FROM [Notifications] AS [n]
      WHERE [n].[UserId] = @__userId_0 OR [n].[UserId] IS NULL
      ORDER BY [n].[CreatedDate] DESC
info: Microsoft.EntityFrameworkCore.Database.Command[20101]
      Executed DbCommand (1ms) [Parameters=[@__userId_0='?' (DbType = Int32)], CommandType='Text', CommandTimeout='30']
      SELECT COUNT(*)
      FROM [Notifications] AS [n]
      WHERE ([n].[UserId] = @__userId_0 OR [n].[UserId] IS NULL) AND [n].[IsRead] = CAST(0 AS bit)
info: Microsoft.EntityFrameworkCore.Database.Command[20101]
      Executed DbCommand (1ms) [Parameters=[@__p_1='?' (DbType = Int32), @__userId_0='?' (DbType = Int32)], CommandType='Text', CommandTimeout='30']
      SELECT TOP(@__p_1) [n].[Id], [n].[CreatedBy], [n].[CreatedDate], [n].[EntityId], [n].[EntityType], [n].[IsDeleted], [n].[IsRead], [n].[Message], [n].[NotificationType], [n].[Title], [n].[UpdatedBy], [n].[UpdatedDate], [n].[UserId]
      FROM [Notifications] AS [n]
      WHERE [n].[UserId] = @__userId_0 OR [n].[UserId] IS NULL
      ORDER BY [n].[CreatedDate] DESC
info: Microsoft.EntityFrameworkCore.Database.Command[20101]
      Executed DbCommand (2ms) [Parameters=[], CommandType='Text', CommandTimeout='30']
      SELECT COUNT(*)
      FROM [Patients] AS [p]
      WHERE [p].[IsDeleted] = CAST(0 AS bit)
info: Microsoft.EntityFrameworkCore.Database.Command[20101]
      Executed DbCommand (2ms) [Parameters=[@__today_0='?' (DbType = DateTime2)], CommandType='Text', CommandTimeout='30']
      SELECT COUNT(*)
      FROM [Appointments] AS [a]
      WHERE [a].[IsDeleted] = CAST(0 AS bit) AND CONVERT(date, [a].[AppointmentDate]) = @__today_0
info: Microsoft.EntityFrameworkCore.Database.Command[20101]
      Executed DbCommand (2ms) [Parameters=[], CommandType='Text', CommandTimeout='30']
      SELECT COUNT(*)
      FROM [Appointments] AS [a]
      WHERE [a].[IsDeleted] = CAST(0 AS bit) AND [a].[Status] IN (1, 2)
info: Microsoft.EntityFrameworkCore.Database.Command[20101]
      Executed DbCommand (2ms) [Parameters=[], CommandType='Text', CommandTimeout='30']
      SELECT COUNT(*)
      FROM [Doctors] AS [d]
      WHERE [d].[IsDeleted] = CAST(0 AS bit)
info: Microsoft.EntityFrameworkCore.Database.Command[20101]
      Executed DbCommand (1ms) [Parameters=[], CommandType='Text', CommandTimeout='30']
      SELECT COUNT(*)
      FROM [Employees] AS [e]
      WHERE [e].[IsDeleted] = CAST(0 AS bit)
info: Microsoft.EntityFrameworkCore.Database.Command[20101]
      Executed DbCommand (1ms) [Parameters=[], CommandType='Text', CommandTimeout='30']
      SELECT COUNT(*)
      FROM [WarehouseStocks] AS [w]
      WHERE [w].[Quantity] <= [w].[ReorderLevel]
info: Microsoft.EntityFrameworkCore.Database.Command[20101]
      Executed DbCommand (1ms) [Parameters=[], CommandType='Text', CommandTimeout='30']
      SELECT COUNT(*)
      FROM [Invoices] AS [i]
      WHERE [i].[IsDeleted] = CAST(0 AS bit) AND [i].[Status] = 1
info: Microsoft.EntityFrameworkCore.Database.Command[20101]
      Executed DbCommand (2ms) [Parameters=[@__today_0='?' (DbType = DateTime2), @__expiryThreshold_1='?' (DbType = DateTime2)], CommandType='Text', CommandTimeout='30']
      SELECT COUNT(*)
      FROM [ItemBatches] AS [i]
      WHERE [i].[IsDeleted] = CAST(0 AS bit) AND [i].[Status] = N'Active' AND [i].[ExpiryDate] > @__today_0 AND [i].[ExpiryDate] <= @__expiryThreshold_1
info: Microsoft.EntityFrameworkCore.Database.Command[20101]
      Executed DbCommand (3ms) [Parameters=[@__today_0='?' (DbType = DateTime2)], CommandType='Text', CommandTimeout='30']
      SELECT COALESCE(SUM([p].[Amount]), 0.0)
      FROM [Payments] AS [p]
      WHERE [p].[IsDeleted] = CAST(0 AS bit) AND CONVERT(date, [p].[PaymentDate]) = @__today_0
info: Microsoft.EntityFrameworkCore.Database.Command[20101]
      Executed DbCommand (1ms) [Parameters=[@__monthStart_0='?' (DbType = DateTime2)], CommandType='Text', CommandTimeout='30']
      SELECT COALESCE(SUM([p].[Amount]), 0.0)
      FROM [Payments] AS [p]
      WHERE [p].[IsDeleted] = CAST(0 AS bit) AND [p].[PaymentDate] >= @__monthStart_0
info: Microsoft.EntityFrameworkCore.Database.Command[20101]
      Executed DbCommand (1ms) [Parameters=[], CommandType='Text', CommandTimeout='30']
      SELECT COALESCE(SUM([p].[Amount]), 0.0)
      FROM [Payments] AS [p]
      WHERE [p].[IsDeleted] = CAST(0 AS bit)
info: Microsoft.EntityFrameworkCore.Database.Command[20101]
      Executed DbCommand (3ms) [Parameters=[], CommandType='Text', CommandTimeout='30']
      SELECT COALESCE(SUM([i].[TotalAmount] - [i].[PaidAmount]), 0.0)
      FROM [Invoices] AS [i]
      WHERE [i].[IsDeleted] = CAST(0 AS bit)
info: Microsoft.EntityFrameworkCore.Database.Command[20101]
      Executed DbCommand (2ms) [Parameters=[@__mStart_0='?' (DbType = DateTime2), @__mEnd_1='?' (DbType = DateTime2)], CommandType='Text', CommandTimeout='30']
      SELECT COALESCE(SUM([p].[Amount]), 0.0)
      FROM [Payments] AS [p]
      WHERE [p].[IsDeleted] = CAST(0 AS bit) AND [p].[PaymentDate] >= @__mStart_0 AND [p].[PaymentDate] < @__mEnd_1
info: Microsoft.EntityFrameworkCore.Database.Command[20101]
      Executed DbCommand (1ms) [Parameters=[@__mStart_0='?' (DbType = DateTime2), @__mEnd_1='?' (DbType = DateTime2)], CommandType='Text', CommandTimeout='30']
      SELECT COALESCE(SUM([e].[Amount]), 0.0)
      FROM [Expenses] AS [e]
      WHERE [e].[IsDeleted] = CAST(0 AS bit) AND [e].[ExpenseDate] >= @__mStart_0 AND [e].[ExpenseDate] < @__mEnd_1
info: Microsoft.EntityFrameworkCore.Database.Command[20101]
      Executed DbCommand (0ms) [Parameters=[@__mStart_0='?' (DbType = DateTime2), @__mEnd_1='?' (DbType = DateTime2)], CommandType='Text', CommandTimeout='30']
      SELECT COALESCE(SUM([p].[Amount]), 0.0)
      FROM [Payments] AS [p]
      WHERE [p].[IsDeleted] = CAST(0 AS bit) AND [p].[PaymentDate] >= @__mStart_0 AND [p].[PaymentDate] < @__mEnd_1
info: Microsoft.EntityFrameworkCore.Database.Command[20101]
      Executed DbCommand (1ms) [Parameters=[@__mStart_0='?' (DbType = DateTime2), @__mEnd_1='?' (DbType = DateTime2)], CommandType='Text', CommandTimeout='30']
      SELECT COALESCE(SUM([e].[Amount]), 0.0)
      FROM [Expenses] AS [e]
      WHERE [e].[IsDeleted] = CAST(0 AS bit) AND [e].[ExpenseDate] >= @__mStart_0 AND [e].[ExpenseDate] < @__mEnd_1
info: Microsoft.EntityFrameworkCore.Database.Command[20101]
      Executed DbCommand (1ms) [Parameters=[@__mStart_0='?' (DbType = DateTime2), @__mEnd_1='?' (DbType = DateTime2)], CommandType='Text', CommandTimeout='30']
      SELECT COALESCE(SUM([p].[Amount]), 0.0)
      FROM [Payments] AS [p]
      WHERE [p].[IsDeleted] = CAST(0 AS bit) AND [p].[PaymentDate] >= @__mStart_0 AND [p].[PaymentDate] < @__mEnd_1
info: Microsoft.EntityFrameworkCore.Database.Command[20101]
      Executed DbCommand (1ms) [Parameters=[@__mStart_0='?' (DbType = DateTime2), @__mEnd_1='?' (DbType = DateTime2)], CommandType='Text', CommandTimeout='30']
      SELECT COALESCE(SUM([e].[Amount]), 0.0)
      FROM [Expenses] AS [e]
      WHERE [e].[IsDeleted] = CAST(0 AS bit) AND [e].[ExpenseDate] >= @__mStart_0 AND [e].[ExpenseDate] < @__mEnd_1
info: Microsoft.EntityFrameworkCore.Database.Command[20101]
      Executed DbCommand (1ms) [Parameters=[@__mStart_0='?' (DbType = DateTime2), @__mEnd_1='?' (DbType = DateTime2)], CommandType='Text', CommandTimeout='30']
      SELECT COALESCE(SUM([p].[Amount]), 0.0)
      FROM [Payments] AS [p]
      WHERE [p].[IsDeleted] = CAST(0 AS bit) AND [p].[PaymentDate] >= @__mStart_0 AND [p].[PaymentDate] < @__mEnd_1
info: Microsoft.EntityFrameworkCore.Database.Command[20101]
      Executed DbCommand (0ms) [Parameters=[@__mStart_0='?' (DbType = DateTime2), @__mEnd_1='?' (DbType = DateTime2)], CommandType='Text', CommandTimeout='30']
      SELECT COALESCE(SUM([e].[Amount]), 0.0)
      FROM [Expenses] AS [e]
      WHERE [e].[IsDeleted] = CAST(0 AS bit) AND [e].[ExpenseDate] >= @__mStart_0 AND [e].[ExpenseDate] < @__mEnd_1
info: Microsoft.EntityFrameworkCore.Database.Command[20101]
      Executed DbCommand (0ms) [Parameters=[@__mStart_0='?' (DbType = DateTime2), @__mEnd_1='?' (DbType = DateTime2)], CommandType='Text', CommandTimeout='30']
      SELECT COALESCE(SUM([p].[Amount]), 0.0)
      FROM [Payments] AS [p]
      WHERE [p].[IsDeleted] = CAST(0 AS bit) AND [p].[PaymentDate] >= @__mStart_0 AND [p].[PaymentDate] < @__mEnd_1
info: Microsoft.EntityFrameworkCore.Database.Command[20101]
      Executed DbCommand (0ms) [Parameters=[@__mStart_0='?' (DbType = DateTime2), @__mEnd_1='?' (DbType = DateTime2)], CommandType='Text', CommandTimeout='30']
      SELECT COALESCE(SUM([e].[Amount]), 0.0)
      FROM [Expenses] AS [e]
      WHERE [e].[IsDeleted] = CAST(0 AS bit) AND [e].[ExpenseDate] >= @__mStart_0 AND [e].[ExpenseDate] < @__mEnd_1
info: Microsoft.EntityFrameworkCore.Database.Command[20101]
      Executed DbCommand (0ms) [Parameters=[@__mStart_0='?' (DbType = DateTime2), @__mEnd_1='?' (DbType = DateTime2)], CommandType='Text', CommandTimeout='30']
      SELECT COALESCE(SUM([p].[Amount]), 0.0)
      FROM [Payments] AS [p]
      WHERE [p].[IsDeleted] = CAST(0 AS bit) AND [p].[PaymentDate] >= @__mStart_0 AND [p].[PaymentDate] < @__mEnd_1
info: Microsoft.EntityFrameworkCore.Database.Command[20101]
      Executed DbCommand (0ms) [Parameters=[@__mStart_0='?' (DbType = DateTime2), @__mEnd_1='?' (DbType = DateTime2)], CommandType='Text', CommandTimeout='30']
      SELECT COALESCE(SUM([e].[Amount]), 0.0)
      FROM [Expenses] AS [e]
      WHERE [e].[IsDeleted] = CAST(0 AS bit) AND [e].[ExpenseDate] >= @__mStart_0 AND [e].[ExpenseDate] < @__mEnd_1
info: Microsoft.EntityFrameworkCore.Database.Command[20101]
      Executed DbCommand (0ms) [Parameters=[@__mStart_0='?' (DbType = DateTime2), @__mEnd_1='?' (DbType = DateTime2)], CommandType='Text', CommandTimeout='30']
      SELECT COALESCE(SUM([p].[Amount]), 0.0)
      FROM [Payments] AS [p]
      WHERE [p].[IsDeleted] = CAST(0 AS bit) AND [p].[PaymentDate] >= @__mStart_0 AND [p].[PaymentDate] < @__mEnd_1
info: Microsoft.EntityFrameworkCore.Database.Command[20101]
      Executed DbCommand (0ms) [Parameters=[@__mStart_0='?' (DbType = DateTime2), @__mEnd_1='?' (DbType = DateTime2)], CommandType='Text', CommandTimeout='30']
      SELECT COALESCE(SUM([e].[Amount]), 0.0)
      FROM [Expenses] AS [e]
      WHERE [e].[IsDeleted] = CAST(0 AS bit) AND [e].[ExpenseDate] >= @__mStart_0 AND [e].[ExpenseDate] < @__mEnd_1
info: Microsoft.EntityFrameworkCore.Database.Command[20101]
      Executed DbCommand (0ms) [Parameters=[@__mStart_0='?' (DbType = DateTime2), @__mEnd_1='?' (DbType = DateTime2)], CommandType='Text', CommandTimeout='30']
      SELECT COALESCE(SUM([p].[Amount]), 0.0)
      FROM [Payments] AS [p]
      WHERE [p].[IsDeleted] = CAST(0 AS bit) AND [p].[PaymentDate] >= @__mStart_0 AND [p].[PaymentDate] < @__mEnd_1
info: Microsoft.EntityFrameworkCore.Database.Command[20101]
      Executed DbCommand (0ms) [Parameters=[@__mStart_0='?' (DbType = DateTime2), @__mEnd_1='?' (DbType = DateTime2)], CommandType='Text', CommandTimeout='30']
      SELECT COALESCE(SUM([e].[Amount]), 0.0)
      FROM [Expenses] AS [e]
      WHERE [e].[IsDeleted] = CAST(0 AS bit) AND [e].[ExpenseDate] >= @__mStart_0 AND [e].[ExpenseDate] < @__mEnd_1
info: Microsoft.EntityFrameworkCore.Database.Command[20101]
      Executed DbCommand (1ms) [Parameters=[@__mStart_0='?' (DbType = DateTime2), @__mEnd_1='?' (DbType = DateTime2)], CommandType='Text', CommandTimeout='30']
      SELECT COALESCE(SUM([p].[Amount]), 0.0)
      FROM [Payments] AS [p]
      WHERE [p].[IsDeleted] = CAST(0 AS bit) AND [p].[PaymentDate] >= @__mStart_0 AND [p].[PaymentDate] < @__mEnd_1
info: Microsoft.EntityFrameworkCore.Database.Command[20101]
      Executed DbCommand (1ms) [Parameters=[@__mStart_0='?' (DbType = DateTime2), @__mEnd_1='?' (DbType = DateTime2)], CommandType='Text', CommandTimeout='30']
      SELECT COALESCE(SUM([e].[Amount]), 0.0)
      FROM [Expenses] AS [e]
      WHERE [e].[IsDeleted] = CAST(0 AS bit) AND [e].[ExpenseDate] >= @__mStart_0 AND [e].[ExpenseDate] < @__mEnd_1
info: Microsoft.EntityFrameworkCore.Database.Command[20101]
      Executed DbCommand (1ms) [Parameters=[@__mStart_0='?' (DbType = DateTime2), @__mEnd_1='?' (DbType = DateTime2)], CommandType='Text', CommandTimeout='30']
      SELECT COALESCE(SUM([p].[Amount]), 0.0)
      FROM [Payments] AS [p]
      WHERE [p].[IsDeleted] = CAST(0 AS bit) AND [p].[PaymentDate] >= @__mStart_0 AND [p].[PaymentDate] < @__mEnd_1
info: Microsoft.EntityFrameworkCore.Database.Command[20101]
      Executed DbCommand (0ms) [Parameters=[@__mStart_0='?' (DbType = DateTime2), @__mEnd_1='?' (DbType = DateTime2)], CommandType='Text', CommandTimeout='30']
      SELECT COALESCE(SUM([e].[Amount]), 0.0)
      FROM [Expenses] AS [e]
      WHERE [e].[IsDeleted] = CAST(0 AS bit) AND [e].[ExpenseDate] >= @__mStart_0 AND [e].[ExpenseDate] < @__mEnd_1
info: Microsoft.EntityFrameworkCore.Database.Command[20101]
      Executed DbCommand (0ms) [Parameters=[@__mStart_0='?' (DbType = DateTime2), @__mEnd_1='?' (DbType = DateTime2)], CommandType='Text', CommandTimeout='30']
      SELECT COALESCE(SUM([p].[Amount]), 0.0)
      FROM [Payments] AS [p]
      WHERE [p].[IsDeleted] = CAST(0 AS bit) AND [p].[PaymentDate] >= @__mStart_0 AND [p].[PaymentDate] < @__mEnd_1
info: Microsoft.EntityFrameworkCore.Database.Command[20101]
      Executed DbCommand (0ms) [Parameters=[@__mStart_0='?' (DbType = DateTime2), @__mEnd_1='?' (DbType = DateTime2)], CommandType='Text', CommandTimeout='30']
      SELECT COALESCE(SUM([e].[Amount]), 0.0)
      FROM [Expenses] AS [e]
      WHERE [e].[IsDeleted] = CAST(0 AS bit) AND [e].[ExpenseDate] >= @__mStart_0 AND [e].[ExpenseDate] < @__mEnd_1
info: Microsoft.EntityFrameworkCore.Database.Command[20101]
      Executed DbCommand (0ms) [Parameters=[@__mStart_0='?' (DbType = DateTime2), @__mEnd_1='?' (DbType = DateTime2)], CommandType='Text', CommandTimeout='30']
      SELECT COALESCE(SUM([p].[Amount]), 0.0)
      FROM [Payments] AS [p]
      WHERE [p].[IsDeleted] = CAST(0 AS bit) AND [p].[PaymentDate] >= @__mStart_0 AND [p].[PaymentDate] < @__mEnd_1
info: Microsoft.EntityFrameworkCore.Database.Command[20101]
      Executed DbCommand (0ms) [Parameters=[@__mStart_0='?' (DbType = DateTime2), @__mEnd_1='?' (DbType = DateTime2)], CommandType='Text', CommandTimeout='30']
      SELECT COALESCE(SUM([e].[Amount]), 0.0)
      FROM [Expenses] AS [e]
      WHERE [e].[IsDeleted] = CAST(0 AS bit) AND [e].[ExpenseDate] >= @__mStart_0 AND [e].[ExpenseDate] < @__mEnd_1
info: Microsoft.EntityFrameworkCore.Database.Command[20101]
      Executed DbCommand (2ms) [Parameters=[@__p_0='?' (DbType = Int32)], CommandType='Text', CommandTimeout='30']
      SELECT [t].[AppointmentCode], [t0].[FullName], [t].[CreatedDate]
      FROM (
          SELECT TOP(@__p_0) [a].[AppointmentCode], [a].[CreatedDate], [a].[PatientId]
          FROM [Appointments] AS [a]
          WHERE [a].[IsDeleted] = CAST(0 AS bit)
          ORDER BY [a].[CreatedDate] DESC
      ) AS [t]
      INNER JOIN (
          SELECT [p].[Id], [p].[FullName]
          FROM [Patients] AS [p]
          WHERE [p].[IsDeleted] = CAST(0 AS bit)
      ) AS [t0] ON [t].[PatientId] = [t0].[Id]
      ORDER BY [t].[CreatedDate] DESC
info: Microsoft.EntityFrameworkCore.Database.Command[20101]
      Executed DbCommand (2ms) [Parameters=[@__p_0='?' (DbType = Int32)], CommandType='Text', CommandTimeout='30']
      SELECT TOP(@__p_0) [p].[PaymentNumber], [p].[Amount], [p].[CreatedDate]
      FROM [Payments] AS [p]
      WHERE [p].[IsDeleted] = CAST(0 AS bit)
      ORDER BY [p].[CreatedDate] DESC
info: Microsoft.EntityFrameworkCore.Database.Command[20101]
      Executed DbCommand (4ms) [Parameters=[@__p_1='?' (DbType = Int32), @__today_0='?' (DbType = DateTime2)], CommandType='Text', CommandTimeout='30']
      SELECT [t].[Id], [t].[AppointmentCode], [t].[PatientId], [t0].[FullName], [t].[DoctorId], [t1].[FullName], [t1].[Specialization], [t].[AppointmentDate], [t].[AppointmentTime], [t].[DurationMinutes], [t].[Status], [t].[Notes], [t].[Diagnosis], [t].[Prescription], [t].[Fee], [t].[IsPaid], [t].[CreatedDate]
      FROM (
          SELECT TOP(@__p_1) [a].[Id], [a].[AppointmentCode], [a].[AppointmentDate], [a].[AppointmentTime], [a].[CreatedDate], [a].[Diagnosis], [a].[DoctorId], [a].[DurationMinutes], [a].[Fee], [a].[IsPaid], [a].[Notes], [a].[PatientId], [a].[Prescription], [a].[Status]
          FROM [Appointments] AS [a]
          WHERE [a].[IsDeleted] = CAST(0 AS bit) AND CONVERT(date, [a].[AppointmentDate]) = @__today_0
          ORDER BY [a].[AppointmentTime]
      ) AS [t]
      INNER JOIN (
          SELECT [p].[Id], [p].[FullName]
          FROM [Patients] AS [p]
          WHERE [p].[IsDeleted] = CAST(0 AS bit)
      ) AS [t0] ON [t].[PatientId] = [t0].[Id]
      INNER JOIN (
          SELECT [d].[Id], [d].[FullName], [d].[Specialization]
          FROM [Doctors] AS [d]
          WHERE [d].[IsDeleted] = CAST(0 AS bit)
      ) AS [t1] ON [t].[DoctorId] = [t1].[Id]
      ORDER BY [t].[AppointmentTime]
info: Microsoft.EntityFrameworkCore.Database.Command[20101]
      Executed DbCommand (3ms) [Parameters=[@__p_0='?' (DbType = Int32)], CommandType='Text', CommandTimeout='30']
      SELECT TOP(@__p_0) [t].[FullName] AS [DoctorName], [t].[Specialization], COUNT(*) AS [AppointmentCount]
      FROM [Appointments] AS [a]
      INNER JOIN (
          SELECT [d].[Id], [d].[FullName], [d].[Specialization]
          FROM [Doctors] AS [d]
          WHERE [d].[IsDeleted] = CAST(0 AS bit)
      ) AS [t] ON [a].[DoctorId] = [t].[Id]
      WHERE [a].[IsDeleted] = CAST(0 AS bit)
      GROUP BY [a].[DoctorId], [t].[FullName], [t].[Specialization]
      ORDER BY COUNT(*) DESC
info: Microsoft.EntityFrameworkCore.Database.Command[20101]
      Executed DbCommand (2ms) [Parameters=[], CommandType='Text', CommandTimeout='30']
      SELECT COUNT(*)
      FROM [Prescriptions] AS [p]
      WHERE [p].[IsDeleted] = CAST(0 AS bit) AND [p].[Status] IN (N'Pending', N'Partially Dispensed')
info: Microsoft.EntityFrameworkCore.Database.Command[20101]
      Executed DbCommand (1ms) [Parameters=[], CommandType='Text', CommandTimeout='30']
      SELECT COUNT(*)
      FROM [LabRequests] AS [l]
      WHERE [l].[IsDeleted] = CAST(0 AS bit) AND [l].[Status] IN (N'Pending', N'Partial')
info: Microsoft.EntityFrameworkCore.Database.Command[20101]
      Executed DbCommand (1ms) [Parameters=[], CommandType='Text', CommandTimeout='30']
      SELECT COUNT(*)
      FROM [RadiologyRequests] AS [r]
      WHERE [r].[IsDeleted] = CAST(0 AS bit) AND [r].[Status] = N'Pending'
info: Microsoft.EntityFrameworkCore.Database.Command[20101]
      Executed DbCommand (3ms) [Parameters=[@__monthStart_0='?' (DbType = DateTime2)], CommandType='Text', CommandTimeout='30']
      SELECT COALESCE(SUM([t].[Quantity] * [t0].[SalePrice]), 0.0)
      FROM [Prescriptions] AS [p]
      INNER JOIN (
          SELECT [p0].[ItemId], [p0].[PrescriptionId], [p0].[Quantity]
          FROM [PrescriptionItems] AS [p0]
          WHERE [p0].[IsDeleted] = CAST(0 AS bit)
      ) AS [t] ON [p].[Id] = [t].[PrescriptionId]
      INNER JOIN (
          SELECT [i].[Id], [i].[SalePrice]
          FROM [Items] AS [i]
          WHERE [i].[IsDeleted] = CAST(0 AS bit)
      ) AS [t0] ON [t].[ItemId] = [t0].[Id]
      WHERE [p].[IsDeleted] = CAST(0 AS bit) AND [p].[PrescriptionDate] >= @__monthStart_0
info: Microsoft.EntityFrameworkCore.Database.Command[20101]
      Executed DbCommand (2ms) [Parameters=[], CommandType='Text', CommandTimeout='30']
      SELECT COALESCE(SUM([w].[Quantity] * [t].[PurchasePrice]), 0.0)
      FROM [WarehouseStocks] AS [w]
      INNER JOIN (
          SELECT [i].[Id], [i].[PurchasePrice]
          FROM [Items] AS [i]
          WHERE [i].[IsDeleted] = CAST(0 AS bit)
      ) AS [t] ON [w].[ItemId] = [t].[Id]
info: Microsoft.EntityFrameworkCore.Database.Command[20101]
      Executed DbCommand (1ms) [Parameters=[], CommandType='Text', CommandTimeout='30']
      SELECT COUNT(*)
      FROM [Beds] AS [b]
      WHERE [b].[IsDeleted] = CAST(0 AS bit)
info: Microsoft.EntityFrameworkCore.Database.Command[20101]
      Executed DbCommand (1ms) [Parameters=[], CommandType='Text', CommandTimeout='30']
      SELECT COUNT(*)
      FROM [Beds] AS [b]
      WHERE [b].[IsDeleted] = CAST(0 AS bit) AND [b].[Status] = N'Occupied'
info: Microsoft.EntityFrameworkCore.Database.Command[20101]
      Executed DbCommand (1ms) [Parameters=[], CommandType='Text', CommandTimeout='30']
      SELECT COUNT(*)
      FROM [Patients] AS [p]
      WHERE [p].[IsDeleted] = CAST(0 AS bit)
info: Microsoft.EntityFrameworkCore.Database.Command[20101]
      Executed DbCommand (0ms) [Parameters=[@__today_0='?' (DbType = DateTime2)], CommandType='Text', CommandTimeout='30']
      SELECT COUNT(*)
      FROM [Appointments] AS [a]
      WHERE [a].[IsDeleted] = CAST(0 AS bit) AND CONVERT(date, [a].[AppointmentDate]) = @__today_0
info: Microsoft.EntityFrameworkCore.Database.Command[20101]
      Executed DbCommand (0ms) [Parameters=[], CommandType='Text', CommandTimeout='30']
      SELECT COUNT(*)
      FROM [Appointments] AS [a]
      WHERE [a].[IsDeleted] = CAST(0 AS bit) AND [a].[Status] IN (1, 2)
info: Microsoft.EntityFrameworkCore.Database.Command[20101]
      Executed DbCommand (0ms) [Parameters=[], CommandType='Text', CommandTimeout='30']
      SELECT COUNT(*)
      FROM [Doctors] AS [d]
      WHERE [d].[IsDeleted] = CAST(0 AS bit)
info: Microsoft.EntityFrameworkCore.Database.Command[20101]
      Executed DbCommand (0ms) [Parameters=[], CommandType='Text', CommandTimeout='30']
      SELECT COUNT(*)
      FROM [Employees] AS [e]
      WHERE [e].[IsDeleted] = CAST(0 AS bit)
info: Microsoft.EntityFrameworkCore.Database.Command[20101]
      Executed DbCommand (0ms) [Parameters=[], CommandType='Text', CommandTimeout='30']
      SELECT COUNT(*)
      FROM [WarehouseStocks] AS [w]
      WHERE [w].[Quantity] <= [w].[ReorderLevel]
info: Microsoft.EntityFrameworkCore.Database.Command[20101]
      Executed DbCommand (0ms) [Parameters=[], CommandType='Text', CommandTimeout='30']
      SELECT COUNT(*)
      FROM [Invoices] AS [i]
      WHERE [i].[IsDeleted] = CAST(0 AS bit) AND [i].[Status] = 1
info: Microsoft.EntityFrameworkCore.Database.Command[20101]
      Executed DbCommand (0ms) [Parameters=[@__today_0='?' (DbType = DateTime2), @__expiryThreshold_1='?' (DbType = DateTime2)], CommandType='Text', CommandTimeout='30']
      SELECT COUNT(*)
      FROM [ItemBatches] AS [i]
      WHERE [i].[IsDeleted] = CAST(0 AS bit) AND [i].[Status] = N'Active' AND [i].[ExpiryDate] > @__today_0 AND [i].[ExpiryDate] <= @__expiryThreshold_1
info: Microsoft.EntityFrameworkCore.Database.Command[20101]
      Executed DbCommand (0ms) [Parameters=[@__today_0='?' (DbType = DateTime2)], CommandType='Text', CommandTimeout='30']
      SELECT COALESCE(SUM([p].[Amount]), 0.0)
      FROM [Payments] AS [p]
      WHERE [p].[IsDeleted] = CAST(0 AS bit) AND CONVERT(date, [p].[PaymentDate]) = @__today_0
info: Microsoft.EntityFrameworkCore.Database.Command[20101]
      Executed DbCommand (0ms) [Parameters=[@__monthStart_0='?' (DbType = DateTime2)], CommandType='Text', CommandTimeout='30']
      SELECT COALESCE(SUM([p].[Amount]), 0.0)
      FROM [Payments] AS [p]
      WHERE [p].[IsDeleted] = CAST(0 AS bit) AND [p].[PaymentDate] >= @__monthStart_0
info: Microsoft.EntityFrameworkCore.Database.Command[20101]
      Executed DbCommand (0ms) [Parameters=[], CommandType='Text', CommandTimeout='30']
      SELECT COALESCE(SUM([p].[Amount]), 0.0)
      FROM [Payments] AS [p]
      WHERE [p].[IsDeleted] = CAST(0 AS bit)
info: Microsoft.EntityFrameworkCore.Database.Command[20101]
      Executed DbCommand (0ms) [Parameters=[], CommandType='Text', CommandTimeout='30']
      SELECT COALESCE(SUM([i].[TotalAmount] - [i].[PaidAmount]), 0.0)
      FROM [Invoices] AS [i]
      WHERE [i].[IsDeleted] = CAST(0 AS bit)
info: Microsoft.EntityFrameworkCore.Database.Command[20101]
      Executed DbCommand (0ms) [Parameters=[@__mStart_0='?' (DbType = DateTime2), @__mEnd_1='?' (DbType = DateTime2)], CommandType='Text', CommandTimeout='30']
      SELECT COALESCE(SUM([p].[Amount]), 0.0)
      FROM [Payments] AS [p]
      WHERE [p].[IsDeleted] = CAST(0 AS bit) AND [p].[PaymentDate] >= @__mStart_0 AND [p].[PaymentDate] < @__mEnd_1
info: Microsoft.EntityFrameworkCore.Database.Command[20101]
      Executed DbCommand (0ms) [Parameters=[@__mStart_0='?' (DbType = DateTime2), @__mEnd_1='?' (DbType = DateTime2)], CommandType='Text', CommandTimeout='30']
      SELECT COALESCE(SUM([e].[Amount]), 0.0)
      FROM [Expenses] AS [e]
      WHERE [e].[IsDeleted] = CAST(0 AS bit) AND [e].[ExpenseDate] >= @__mStart_0 AND [e].[ExpenseDate] < @__mEnd_1
info: Microsoft.EntityFrameworkCore.Database.Command[20101]
      Executed DbCommand (0ms) [Parameters=[@__mStart_0='?' (DbType = DateTime2), @__mEnd_1='?' (DbType = DateTime2)], CommandType='Text', CommandTimeout='30']
      SELECT COALESCE(SUM([p].[Amount]), 0.0)
      FROM [Payments] AS [p]
      WHERE [p].[IsDeleted] = CAST(0 AS bit) AND [p].[PaymentDate] >= @__mStart_0 AND [p].[PaymentDate] < @__mEnd_1
info: Microsoft.EntityFrameworkCore.Database.Command[20101]
      Executed DbCommand (0ms) [Parameters=[@__mStart_0='?' (DbType = DateTime2), @__mEnd_1='?' (DbType = DateTime2)], CommandType='Text', CommandTimeout='30']
      SELECT COALESCE(SUM([e].[Amount]), 0.0)
      FROM [Expenses] AS [e]
      WHERE [e].[IsDeleted] = CAST(0 AS bit) AND [e].[ExpenseDate] >= @__mStart_0 AND [e].[ExpenseDate] < @__mEnd_1
info: Microsoft.EntityFrameworkCore.Database.Command[20101]
      Executed DbCommand (0ms) [Parameters=[@__mStart_0='?' (DbType = DateTime2), @__mEnd_1='?' (DbType = DateTime2)], CommandType='Text', CommandTimeout='30']
      SELECT COALESCE(SUM([p].[Amount]), 0.0)
      FROM [Payments] AS [p]
      WHERE [p].[IsDeleted] = CAST(0 AS bit) AND [p].[PaymentDate] >= @__mStart_0 AND [p].[PaymentDate] < @__mEnd_1
info: Microsoft.EntityFrameworkCore.Database.Command[20101]
      Executed DbCommand (0ms) [Parameters=[@__mStart_0='?' (DbType = DateTime2), @__mEnd_1='?' (DbType = DateTime2)], CommandType='Text', CommandTimeout='30']
      SELECT COALESCE(SUM([e].[Amount]), 0.0)
      FROM [Expenses] AS [e]
      WHERE [e].[IsDeleted] = CAST(0 AS bit) AND [e].[ExpenseDate] >= @__mStart_0 AND [e].[ExpenseDate] < @__mEnd_1
info: Microsoft.EntityFrameworkCore.Database.Command[20101]
      Executed DbCommand (0ms) [Parameters=[@__mStart_0='?' (DbType = DateTime2), @__mEnd_1='?' (DbType = DateTime2)], CommandType='Text', CommandTimeout='30']
      SELECT COALESCE(SUM([p].[Amount]), 0.0)
      FROM [Payments] AS [p]
      WHERE [p].[IsDeleted] = CAST(0 AS bit) AND [p].[PaymentDate] >= @__mStart_0 AND [p].[PaymentDate] < @__mEnd_1
info: Microsoft.EntityFrameworkCore.Database.Command[20101]
      Executed DbCommand (0ms) [Parameters=[@__mStart_0='?' (DbType = DateTime2), @__mEnd_1='?' (DbType = DateTime2)], CommandType='Text', CommandTimeout='30']
      SELECT COALESCE(SUM([e].[Amount]), 0.0)
      FROM [Expenses] AS [e]
      WHERE [e].[IsDeleted] = CAST(0 AS bit) AND [e].[ExpenseDate] >= @__mStart_0 AND [e].[ExpenseDate] < @__mEnd_1
info: Microsoft.EntityFrameworkCore.Database.Command[20101]
      Executed DbCommand (0ms) [Parameters=[@__mStart_0='?' (DbType = DateTime2), @__mEnd_1='?' (DbType = DateTime2)], CommandType='Text', CommandTimeout='30']
      SELECT COALESCE(SUM([p].[Amount]), 0.0)
      FROM [Payments] AS [p]
      WHERE [p].[IsDeleted] = CAST(0 AS bit) AND [p].[PaymentDate] >= @__mStart_0 AND [p].[PaymentDate] < @__mEnd_1
info: Microsoft.EntityFrameworkCore.Database.Command[20101]
      Executed DbCommand (1ms) [Parameters=[@__mStart_0='?' (DbType = DateTime2), @__mEnd_1='?' (DbType = DateTime2)], CommandType='Text', CommandTimeout='30']
      SELECT COALESCE(SUM([e].[Amount]), 0.0)
      FROM [Expenses] AS [e]
      WHERE [e].[IsDeleted] = CAST(0 AS bit) AND [e].[ExpenseDate] >= @__mStart_0 AND [e].[ExpenseDate] < @__mEnd_1
info: Microsoft.EntityFrameworkCore.Database.Command[20101]
      Executed DbCommand (1ms) [Parameters=[@__mStart_0='?' (DbType = DateTime2), @__mEnd_1='?' (DbType = DateTime2)], CommandType='Text', CommandTimeout='30']
      SELECT COALESCE(SUM([p].[Amount]), 0.0)
      FROM [Payments] AS [p]
      WHERE [p].[IsDeleted] = CAST(0 AS bit) AND [p].[PaymentDate] >= @__mStart_0 AND [p].[PaymentDate] < @__mEnd_1
info: Microsoft.EntityFrameworkCore.Database.Command[20101]
      Executed DbCommand (0ms) [Parameters=[@__mStart_0='?' (DbType = DateTime2), @__mEnd_1='?' (DbType = DateTime2)], CommandType='Text', CommandTimeout='30']
      SELECT COALESCE(SUM([e].[Amount]), 0.0)
      FROM [Expenses] AS [e]
      WHERE [e].[IsDeleted] = CAST(0 AS bit) AND [e].[ExpenseDate] >= @__mStart_0 AND [e].[ExpenseDate] < @__mEnd_1
info: Microsoft.EntityFrameworkCore.Database.Command[20101]
      Executed DbCommand (0ms) [Parameters=[@__mStart_0='?' (DbType = DateTime2), @__mEnd_1='?' (DbType = DateTime2)], CommandType='Text', CommandTimeout='30']
      SELECT COALESCE(SUM([p].[Amount]), 0.0)
      FROM [Payments] AS [p]
      WHERE [p].[IsDeleted] = CAST(0 AS bit) AND [p].[PaymentDate] >= @__mStart_0 AND [p].[PaymentDate] < @__mEnd_1
info: Microsoft.EntityFrameworkCore.Database.Command[20101]
      Executed DbCommand (0ms) [Parameters=[@__mStart_0='?' (DbType = DateTime2), @__mEnd_1='?' (DbType = DateTime2)], CommandType='Text', CommandTimeout='30']
      SELECT COALESCE(SUM([e].[Amount]), 0.0)
      FROM [Expenses] AS [e]
      WHERE [e].[IsDeleted] = CAST(0 AS bit) AND [e].[ExpenseDate] >= @__mStart_0 AND [e].[ExpenseDate] < @__mEnd_1
info: Microsoft.EntityFrameworkCore.Database.Command[20101]
      Executed DbCommand (0ms) [Parameters=[@__mStart_0='?' (DbType = DateTime2), @__mEnd_1='?' (DbType = DateTime2)], CommandType='Text', CommandTimeout='30']
      SELECT COALESCE(SUM([p].[Amount]), 0.0)
      FROM [Payments] AS [p]
      WHERE [p].[IsDeleted] = CAST(0 AS bit) AND [p].[PaymentDate] >= @__mStart_0 AND [p].[PaymentDate] < @__mEnd_1
info: Microsoft.EntityFrameworkCore.Database.Command[20101]
      Executed DbCommand (0ms) [Parameters=[@__mStart_0='?' (DbType = DateTime2), @__mEnd_1='?' (DbType = DateTime2)], CommandType='Text', CommandTimeout='30']
      SELECT COALESCE(SUM([e].[Amount]), 0.0)
      FROM [Expenses] AS [e]
      WHERE [e].[IsDeleted] = CAST(0 AS bit) AND [e].[ExpenseDate] >= @__mStart_0 AND [e].[ExpenseDate] < @__mEnd_1
info: Microsoft.EntityFrameworkCore.Database.Command[20101]
      Executed DbCommand (0ms) [Parameters=[@__mStart_0='?' (DbType = DateTime2), @__mEnd_1='?' (DbType = DateTime2)], CommandType='Text', CommandTimeout='30']
      SELECT COALESCE(SUM([p].[Amount]), 0.0)
      FROM [Payments] AS [p]
      WHERE [p].[IsDeleted] = CAST(0 AS bit) AND [p].[PaymentDate] >= @__mStart_0 AND [p].[PaymentDate] < @__mEnd_1
info: Microsoft.EntityFrameworkCore.Database.Command[20101]
      Executed DbCommand (0ms) [Parameters=[@__mStart_0='?' (DbType = DateTime2), @__mEnd_1='?' (DbType = DateTime2)], CommandType='Text', CommandTimeout='30']
      SELECT COALESCE(SUM([e].[Amount]), 0.0)
      FROM [Expenses] AS [e]
      WHERE [e].[IsDeleted] = CAST(0 AS bit) AND [e].[ExpenseDate] >= @__mStart_0 AND [e].[ExpenseDate] < @__mEnd_1
info: Microsoft.EntityFrameworkCore.Database.Command[20101]
      Executed DbCommand (0ms) [Parameters=[@__mStart_0='?' (DbType = DateTime2), @__mEnd_1='?' (DbType = DateTime2)], CommandType='Text', CommandTimeout='30']
      SELECT COALESCE(SUM([p].[Amount]), 0.0)
      FROM [Payments] AS [p]
      WHERE [p].[IsDeleted] = CAST(0 AS bit) AND [p].[PaymentDate] >= @__mStart_0 AND [p].[PaymentDate] < @__mEnd_1
info: Microsoft.EntityFrameworkCore.Database.Command[20101]
      Executed DbCommand (0ms) [Parameters=[@__mStart_0='?' (DbType = DateTime2), @__mEnd_1='?' (DbType = DateTime2)], CommandType='Text', CommandTimeout='30']
      SELECT COALESCE(SUM([e].[Amount]), 0.0)
      FROM [Expenses] AS [e]
      WHERE [e].[IsDeleted] = CAST(0 AS bit) AND [e].[ExpenseDate] >= @__mStart_0 AND [e].[ExpenseDate] < @__mEnd_1
info: Microsoft.EntityFrameworkCore.Database.Command[20101]
      Executed DbCommand (0ms) [Parameters=[@__mStart_0='?' (DbType = DateTime2), @__mEnd_1='?' (DbType = DateTime2)], CommandType='Text', CommandTimeout='30']
      SELECT COALESCE(SUM([p].[Amount]), 0.0)
      FROM [Payments] AS [p]
      WHERE [p].[IsDeleted] = CAST(0 AS bit) AND [p].[PaymentDate] >= @__mStart_0 AND [p].[PaymentDate] < @__mEnd_1
info: Microsoft.EntityFrameworkCore.Database.Command[20101]
      Executed DbCommand (0ms) [Parameters=[@__mStart_0='?' (DbType = DateTime2), @__mEnd_1='?' (DbType = DateTime2)], CommandType='Text', CommandTimeout='30']
      SELECT COALESCE(SUM([e].[Amount]), 0.0)
      FROM [Expenses] AS [e]
      WHERE [e].[IsDeleted] = CAST(0 AS bit) AND [e].[ExpenseDate] >= @__mStart_0 AND [e].[ExpenseDate] < @__mEnd_1
info: Microsoft.EntityFrameworkCore.Database.Command[20101]
      Executed DbCommand (0ms) [Parameters=[@__mStart_0='?' (DbType = DateTime2), @__mEnd_1='?' (DbType = DateTime2)], CommandType='Text', CommandTimeout='30']
      SELECT COALESCE(SUM([p].[Amount]), 0.0)
      FROM [Payments] AS [p]
      WHERE [p].[IsDeleted] = CAST(0 AS bit) AND [p].[PaymentDate] >= @__mStart_0 AND [p].[PaymentDate] < @__mEnd_1
info: Microsoft.EntityFrameworkCore.Database.Command[20101]
      Executed DbCommand (0ms) [Parameters=[@__mStart_0='?' (DbType = DateTime2), @__mEnd_1='?' (DbType = DateTime2)], CommandType='Text', CommandTimeout='30']
      SELECT COALESCE(SUM([e].[Amount]), 0.0)
      FROM [Expenses] AS [e]
      WHERE [e].[IsDeleted] = CAST(0 AS bit) AND [e].[ExpenseDate] >= @__mStart_0 AND [e].[ExpenseDate] < @__mEnd_1
info: Microsoft.EntityFrameworkCore.Database.Command[20101]
      Executed DbCommand (0ms) [Parameters=[@__p_0='?' (DbType = Int32)], CommandType='Text', CommandTimeout='30']
      SELECT [t].[AppointmentCode], [t0].[FullName], [t].[CreatedDate]
      FROM (
          SELECT TOP(@__p_0) [a].[AppointmentCode], [a].[CreatedDate], [a].[PatientId]
          FROM [Appointments] AS [a]
          WHERE [a].[IsDeleted] = CAST(0 AS bit)
          ORDER BY [a].[CreatedDate] DESC
      ) AS [t]
      INNER JOIN (
          SELECT [p].[Id], [p].[FullName]
          FROM [Patients] AS [p]
          WHERE [p].[IsDeleted] = CAST(0 AS bit)
      ) AS [t0] ON [t].[PatientId] = [t0].[Id]
      ORDER BY [t].[CreatedDate] DESC
info: Microsoft.EntityFrameworkCore.Database.Command[20101]
      Executed DbCommand (0ms) [Parameters=[@__p_0='?' (DbType = Int32)], CommandType='Text', CommandTimeout='30']
      SELECT TOP(@__p_0) [p].[PaymentNumber], [p].[Amount], [p].[CreatedDate]
      FROM [Payments] AS [p]
      WHERE [p].[IsDeleted] = CAST(0 AS bit)
      ORDER BY [p].[CreatedDate] DESC
info: Microsoft.EntityFrameworkCore.Database.Command[20101]
      Executed DbCommand (1ms) [Parameters=[@__p_1='?' (DbType = Int32), @__today_0='?' (DbType = DateTime2)], CommandType='Text', CommandTimeout='30']
      SELECT [t].[Id], [t].[AppointmentCode], [t].[PatientId], [t0].[FullName], [t].[DoctorId], [t1].[FullName], [t1].[Specialization], [t].[AppointmentDate], [t].[AppointmentTime], [t].[DurationMinutes], [t].[Status], [t].[Notes], [t].[Diagnosis], [t].[Prescription], [t].[Fee], [t].[IsPaid], [t].[CreatedDate]
      FROM (
          SELECT TOP(@__p_1) [a].[Id], [a].[AppointmentCode], [a].[AppointmentDate], [a].[AppointmentTime], [a].[CreatedDate], [a].[Diagnosis], [a].[DoctorId], [a].[DurationMinutes], [a].[Fee], [a].[IsPaid], [a].[Notes], [a].[PatientId], [a].[Prescription], [a].[Status]
          FROM [Appointments] AS [a]
          WHERE [a].[IsDeleted] = CAST(0 AS bit) AND CONVERT(date, [a].[AppointmentDate]) = @__today_0
          ORDER BY [a].[AppointmentTime]
      ) AS [t]
      INNER JOIN (
          SELECT [p].[Id], [p].[FullName]
          FROM [Patients] AS [p]
          WHERE [p].[IsDeleted] = CAST(0 AS bit)
      ) AS [t0] ON [t].[PatientId] = [t0].[Id]
      INNER JOIN (
          SELECT [d].[Id], [d].[FullName], [d].[Specialization]
          FROM [Doctors] AS [d]
          WHERE [d].[IsDeleted] = CAST(0 AS bit)
      ) AS [t1] ON [t].[DoctorId] = [t1].[Id]
      ORDER BY [t].[AppointmentTime]
info: Microsoft.EntityFrameworkCore.Database.Command[20101]
      Executed DbCommand (1ms) [Parameters=[@__p_0='?' (DbType = Int32)], CommandType='Text', CommandTimeout='30']
      SELECT TOP(@__p_0) [t].[FullName] AS [DoctorName], [t].[Specialization], COUNT(*) AS [AppointmentCount]
      FROM [Appointments] AS [a]
      INNER JOIN (
          SELECT [d].[Id], [d].[FullName], [d].[Specialization]
          FROM [Doctors] AS [d]
          WHERE [d].[IsDeleted] = CAST(0 AS bit)
      ) AS [t] ON [a].[DoctorId] = [t].[Id]
      WHERE [a].[IsDeleted] = CAST(0 AS bit)
      GROUP BY [a].[DoctorId], [t].[FullName], [t].[Specialization]
      ORDER BY COUNT(*) DESC
info: Microsoft.EntityFrameworkCore.Database.Command[20101]
      Executed DbCommand (0ms) [Parameters=[], CommandType='Text', CommandTimeout='30']
      SELECT COUNT(*)
      FROM [Prescriptions] AS [p]
      WHERE [p].[IsDeleted] = CAST(0 AS bit) AND [p].[Status] IN (N'Pending', N'Partially Dispensed')
info: Microsoft.EntityFrameworkCore.Database.Command[20101]
      Executed DbCommand (0ms) [Parameters=[], CommandType='Text', CommandTimeout='30']
      SELECT COUNT(*)
      FROM [LabRequests] AS [l]
      WHERE [l].[IsDeleted] = CAST(0 AS bit) AND [l].[Status] IN (N'Pending', N'Partial')
info: Microsoft.EntityFrameworkCore.Database.Command[20101]
      Executed DbCommand (0ms) [Parameters=[], CommandType='Text', CommandTimeout='30']
      SELECT COUNT(*)
      FROM [RadiologyRequests] AS [r]
      WHERE [r].[IsDeleted] = CAST(0 AS bit) AND [r].[Status] = N'Pending'
info: Microsoft.EntityFrameworkCore.Database.Command[20101]
      Executed DbCommand (0ms) [Parameters=[@__monthStart_0='?' (DbType = DateTime2)], CommandType='Text', CommandTimeout='30']
      SELECT COALESCE(SUM([t].[Quantity] * [t0].[SalePrice]), 0.0)
      FROM [Prescriptions] AS [p]
      INNER JOIN (
          SELECT [p0].[ItemId], [p0].[PrescriptionId], [p0].[Quantity]
          FROM [PrescriptionItems] AS [p0]
          WHERE [p0].[IsDeleted] = CAST(0 AS bit)
      ) AS [t] ON [p].[Id] = [t].[PrescriptionId]
      INNER JOIN (
          SELECT [i].[Id], [i].[SalePrice]
          FROM [Items] AS [i]
          WHERE [i].[IsDeleted] = CAST(0 AS bit)
      ) AS [t0] ON [t].[ItemId] = [t0].[Id]
      WHERE [p].[IsDeleted] = CAST(0 AS bit) AND [p].[PrescriptionDate] >= @__monthStart_0
info: Microsoft.EntityFrameworkCore.Database.Command[20101]
      Executed DbCommand (0ms) [Parameters=[], CommandType='Text', CommandTimeout='30']
      SELECT COALESCE(SUM([w].[Quantity] * [t].[PurchasePrice]), 0.0)
      FROM [WarehouseStocks] AS [w]
      INNER JOIN (
          SELECT [i].[Id], [i].[PurchasePrice]
          FROM [Items] AS [i]
          WHERE [i].[IsDeleted] = CAST(0 AS bit)
      ) AS [t] ON [w].[ItemId] = [t].[Id]
info: Microsoft.EntityFrameworkCore.Database.Command[20101]
      Executed DbCommand (0ms) [Parameters=[], CommandType='Text', CommandTimeout='30']
      SELECT COUNT(*)
      FROM [Beds] AS [b]
      WHERE [b].[IsDeleted] = CAST(0 AS bit)
info: Microsoft.EntityFrameworkCore.Database.Command[20101]
      Executed DbCommand (0ms) [Parameters=[], CommandType='Text', CommandTimeout='30']
      SELECT COUNT(*)
      FROM [Beds] AS [b]
      WHERE [b].[IsDeleted] = CAST(0 AS bit) AND [b].[Status] = N'Occupied'
info: Microsoft.EntityFrameworkCore.Database.Command[20101]
      Executed DbCommand (0ms) [Parameters=[], CommandType='Text', CommandTimeout='30']
      SELECT COUNT(*)
      FROM [Patients] AS [p]
      WHERE [p].[IsDeleted] = CAST(0 AS bit)
info: Microsoft.EntityFrameworkCore.Database.Command[20101]
      Executed DbCommand (0ms) [Parameters=[@__today_0='?' (DbType = DateTime2)], CommandType='Text', CommandTimeout='30']
      SELECT COUNT(*)
      FROM [Appointments] AS [a]
      WHERE [a].[IsDeleted] = CAST(0 AS bit) AND CONVERT(date, [a].[AppointmentDate]) = @__today_0
info: Microsoft.EntityFrameworkCore.Database.Command[20101]
      Executed DbCommand (1ms) [Parameters=[], CommandType='Text', CommandTimeout='30']
      SELECT COUNT(*)
      FROM [Appointments] AS [a]
      WHERE [a].[IsDeleted] = CAST(0 AS bit) AND [a].[Status] IN (1, 2)
info: Microsoft.EntityFrameworkCore.Database.Command[20101]
      Executed DbCommand (1ms) [Parameters=[], CommandType='Text', CommandTimeout='30']
      SELECT COUNT(*)
      FROM [Doctors] AS [d]
      WHERE [d].[IsDeleted] = CAST(0 AS bit)
info: Microsoft.EntityFrameworkCore.Database.Command[20101]
      Executed DbCommand (1ms) [Parameters=[], CommandType='Text', CommandTimeout='30']
      SELECT COUNT(*)
      FROM [Employees] AS [e]
      WHERE [e].[IsDeleted] = CAST(0 AS bit)
info: Microsoft.EntityFrameworkCore.Database.Command[20101]
      Executed DbCommand (0ms) [Parameters=[], CommandType='Text', CommandTimeout='30']
      SELECT COUNT(*)
      FROM [WarehouseStocks] AS [w]
      WHERE [w].[Quantity] <= [w].[ReorderLevel]
info: Microsoft.EntityFrameworkCore.Database.Command[20101]
      Executed DbCommand (0ms) [Parameters=[], CommandType='Text', CommandTimeout='30']
      SELECT COUNT(*)
      FROM [Invoices] AS [i]
      WHERE [i].[IsDeleted] = CAST(0 AS bit) AND [i].[Status] = 1
info: Microsoft.EntityFrameworkCore.Database.Command[20101]
      Executed DbCommand (0ms) [Parameters=[@__today_0='?' (DbType = DateTime2), @__expiryThreshold_1='?' (DbType = DateTime2)], CommandType='Text', CommandTimeout='30']
      SELECT COUNT(*)
      FROM [ItemBatches] AS [i]
      WHERE [i].[IsDeleted] = CAST(0 AS bit) AND [i].[Status] = N'Active' AND [i].[ExpiryDate] > @__today_0 AND [i].[ExpiryDate] <= @__expiryThreshold_1
info: Microsoft.EntityFrameworkCore.Database.Command[20101]
      Executed DbCommand (0ms) [Parameters=[@__today_0='?' (DbType = DateTime2)], CommandType='Text', CommandTimeout='30']
      SELECT COALESCE(SUM([p].[Amount]), 0.0)
      FROM [Payments] AS [p]
      WHERE [p].[IsDeleted] = CAST(0 AS bit) AND CONVERT(date, [p].[PaymentDate]) = @__today_0
info: Microsoft.EntityFrameworkCore.Database.Command[20101]
      Executed DbCommand (0ms) [Parameters=[@__monthStart_0='?' (DbType = DateTime2)], CommandType='Text', CommandTimeout='30']
      SELECT COALESCE(SUM([p].[Amount]), 0.0)
      FROM [Payments] AS [p]
      WHERE [p].[IsDeleted] = CAST(0 AS bit) AND [p].[PaymentDate] >= @__monthStart_0
info: Microsoft.EntityFrameworkCore.Database.Command[20101]
      Executed DbCommand (0ms) [Parameters=[], CommandType='Text', CommandTimeout='30']
      SELECT COALESCE(SUM([p].[Amount]), 0.0)
      FROM [Payments] AS [p]
      WHERE [p].[IsDeleted] = CAST(0 AS bit)
info: Microsoft.EntityFrameworkCore.Database.Command[20101]
      Executed DbCommand (0ms) [Parameters=[], CommandType='Text', CommandTimeout='30']
      SELECT COALESCE(SUM([i].[TotalAmount] - [i].[PaidAmount]), 0.0)
      FROM [Invoices] AS [i]
      WHERE [i].[IsDeleted] = CAST(0 AS bit)
info: Microsoft.EntityFrameworkCore.Database.Command[20101]
      Executed DbCommand (0ms) [Parameters=[@__mStart_0='?' (DbType = DateTime2), @__mEnd_1='?' (DbType = DateTime2)], CommandType='Text', CommandTimeout='30']
      SELECT COALESCE(SUM([p].[Amount]), 0.0)
      FROM [Payments] AS [p]
      WHERE [p].[IsDeleted] = CAST(0 AS bit) AND [p].[PaymentDate] >= @__mStart_0 AND [p].[PaymentDate] < @__mEnd_1
info: Microsoft.EntityFrameworkCore.Database.Command[20101]
      Executed DbCommand (0ms) [Parameters=[@__mStart_0='?' (DbType = DateTime2), @__mEnd_1='?' (DbType = DateTime2)], CommandType='Text', CommandTimeout='30']
      SELECT COALESCE(SUM([e].[Amount]), 0.0)
      FROM [Expenses] AS [e]
      WHERE [e].[IsDeleted] = CAST(0 AS bit) AND [e].[ExpenseDate] >= @__mStart_0 AND [e].[ExpenseDate] < @__mEnd_1
info: Microsoft.EntityFrameworkCore.Database.Command[20101]
      Executed DbCommand (0ms) [Parameters=[@__mStart_0='?' (DbType = DateTime2), @__mEnd_1='?' (DbType = DateTime2)], CommandType='Text', CommandTimeout='30']
      SELECT COALESCE(SUM([p].[Amount]), 0.0)
      FROM [Payments] AS [p]
      WHERE [p].[IsDeleted] = CAST(0 AS bit) AND [p].[PaymentDate] >= @__mStart_0 AND [p].[PaymentDate] < @__mEnd_1
info: Microsoft.EntityFrameworkCore.Database.Command[20101]
      Executed DbCommand (0ms) [Parameters=[@__mStart_0='?' (DbType = DateTime2), @__mEnd_1='?' (DbType = DateTime2)], CommandType='Text', CommandTimeout='30']
      SELECT COALESCE(SUM([e].[Amount]), 0.0)
      FROM [Expenses] AS [e]
      WHERE [e].[IsDeleted] = CAST(0 AS bit) AND [e].[ExpenseDate] >= @__mStart_0 AND [e].[ExpenseDate] < @__mEnd_1
info: Microsoft.EntityFrameworkCore.Database.Command[20101]
      Executed DbCommand (0ms) [Parameters=[@__mStart_0='?' (DbType = DateTime2), @__mEnd_1='?' (DbType = DateTime2)], CommandType='Text', CommandTimeout='30']
      SELECT COALESCE(SUM([p].[Amount]), 0.0)
      FROM [Payments] AS [p]
      WHERE [p].[IsDeleted] = CAST(0 AS bit) AND [p].[PaymentDate] >= @__mStart_0 AND [p].[PaymentDate] < @__mEnd_1
info: Microsoft.EntityFrameworkCore.Database.Command[20101]
      Executed DbCommand (0ms) [Parameters=[@__mStart_0='?' (DbType = DateTime2), @__mEnd_1='?' (DbType = DateTime2)], CommandType='Text', CommandTimeout='30']
      SELECT COALESCE(SUM([e].[Amount]), 0.0)
      FROM [Expenses] AS [e]
      WHERE [e].[IsDeleted] = CAST(0 AS bit) AND [e].[ExpenseDate] >= @__mStart_0 AND [e].[ExpenseDate] < @__mEnd_1
info: Microsoft.EntityFrameworkCore.Database.Command[20101]
      Executed DbCommand (0ms) [Parameters=[@__mStart_0='?' (DbType = DateTime2), @__mEnd_1='?' (DbType = DateTime2)], CommandType='Text', CommandTimeout='30']
      SELECT COALESCE(SUM([p].[Amount]), 0.0)
      FROM [Payments] AS [p]
      WHERE [p].[IsDeleted] = CAST(0 AS bit) AND [p].[PaymentDate] >= @__mStart_0 AND [p].[PaymentDate] < @__mEnd_1
info: Microsoft.EntityFrameworkCore.Database.Command[20101]
      Executed DbCommand (1ms) [Parameters=[@__mStart_0='?' (DbType = DateTime2), @__mEnd_1='?' (DbType = DateTime2)], CommandType='Text', CommandTimeout='30']
      SELECT COALESCE(SUM([e].[Amount]), 0.0)
      FROM [Expenses] AS [e]
      WHERE [e].[IsDeleted] = CAST(0 AS bit) AND [e].[ExpenseDate] >= @__mStart_0 AND [e].[ExpenseDate] < @__mEnd_1
info: Microsoft.EntityFrameworkCore.Database.Command[20101]
      Executed DbCommand (1ms) [Parameters=[@__mStart_0='?' (DbType = DateTime2), @__mEnd_1='?' (DbType = DateTime2)], CommandType='Text', CommandTimeout='30']
      SELECT COALESCE(SUM([p].[Amount]), 0.0)
      FROM [Payments] AS [p]
      WHERE [p].[IsDeleted] = CAST(0 AS bit) AND [p].[PaymentDate] >= @__mStart_0 AND [p].[PaymentDate] < @__mEnd_1
info: Microsoft.EntityFrameworkCore.Database.Command[20101]
      Executed DbCommand (0ms) [Parameters=[@__mStart_0='?' (DbType = DateTime2), @__mEnd_1='?' (DbType = DateTime2)], CommandType='Text', CommandTimeout='30']
      SELECT COALESCE(SUM([e].[Amount]), 0.0)
      FROM [Expenses] AS [e]
      WHERE [e].[IsDeleted] = CAST(0 AS bit) AND [e].[ExpenseDate] >= @__mStart_0 AND [e].[ExpenseDate] < @__mEnd_1
info: Microsoft.EntityFrameworkCore.Database.Command[20101]
      Executed DbCommand (0ms) [Parameters=[@__mStart_0='?' (DbType = DateTime2), @__mEnd_1='?' (DbType = DateTime2)], CommandType='Text', CommandTimeout='30']
      SELECT COALESCE(SUM([p].[Amount]), 0.0)
      FROM [Payments] AS [p]
      WHERE [p].[IsDeleted] = CAST(0 AS bit) AND [p].[PaymentDate] >= @__mStart_0 AND [p].[PaymentDate] < @__mEnd_1
info: Microsoft.EntityFrameworkCore.Database.Command[20101]
      Executed DbCommand (0ms) [Parameters=[@__mStart_0='?' (DbType = DateTime2), @__mEnd_1='?' (DbType = DateTime2)], CommandType='Text', CommandTimeout='30']
      SELECT COALESCE(SUM([e].[Amount]), 0.0)
      FROM [Expenses] AS [e]
      WHERE [e].[IsDeleted] = CAST(0 AS bit) AND [e].[ExpenseDate] >= @__mStart_0 AND [e].[ExpenseDate] < @__mEnd_1
info: Microsoft.EntityFrameworkCore.Database.Command[20101]
      Executed DbCommand (0ms) [Parameters=[@__mStart_0='?' (DbType = DateTime2), @__mEnd_1='?' (DbType = DateTime2)], CommandType='Text', CommandTimeout='30']
      SELECT COALESCE(SUM([p].[Amount]), 0.0)
      FROM [Payments] AS [p]
      WHERE [p].[IsDeleted] = CAST(0 AS bit) AND [p].[PaymentDate] >= @__mStart_0 AND [p].[PaymentDate] < @__mEnd_1
info: Microsoft.EntityFrameworkCore.Database.Command[20101]
      Executed DbCommand (0ms) [Parameters=[@__mStart_0='?' (DbType = DateTime2), @__mEnd_1='?' (DbType = DateTime2)], CommandType='Text', CommandTimeout='30']
      SELECT COALESCE(SUM([e].[Amount]), 0.0)
      FROM [Expenses] AS [e]
      WHERE [e].[IsDeleted] = CAST(0 AS bit) AND [e].[ExpenseDate] >= @__mStart_0 AND [e].[ExpenseDate] < @__mEnd_1
info: Microsoft.EntityFrameworkCore.Database.Command[20101]
      Executed DbCommand (0ms) [Parameters=[@__mStart_0='?' (DbType = DateTime2), @__mEnd_1='?' (DbType = DateTime2)], CommandType='Text', CommandTimeout='30']
      SELECT COALESCE(SUM([p].[Amount]), 0.0)
      FROM [Payments] AS [p]
      WHERE [p].[IsDeleted] = CAST(0 AS bit) AND [p].[PaymentDate] >= @__mStart_0 AND [p].[PaymentDate] < @__mEnd_1
info: Microsoft.EntityFrameworkCore.Database.Command[20101]
      Executed DbCommand (0ms) [Parameters=[@__mStart_0='?' (DbType = DateTime2), @__mEnd_1='?' (DbType = DateTime2)], CommandType='Text', CommandTimeout='30']
      SELECT COALESCE(SUM([e].[Amount]), 0.0)
      FROM [Expenses] AS [e]
      WHERE [e].[IsDeleted] = CAST(0 AS bit) AND [e].[ExpenseDate] >= @__mStart_0 AND [e].[ExpenseDate] < @__mEnd_1
info: Microsoft.EntityFrameworkCore.Database.Command[20101]
      Executed DbCommand (0ms) [Parameters=[@__mStart_0='?' (DbType = DateTime2), @__mEnd_1='?' (DbType = DateTime2)], CommandType='Text', CommandTimeout='30']
      SELECT COALESCE(SUM([p].[Amount]), 0.0)
      FROM [Payments] AS [p]
      WHERE [p].[IsDeleted] = CAST(0 AS bit) AND [p].[PaymentDate] >= @__mStart_0 AND [p].[PaymentDate] < @__mEnd_1
info: Microsoft.EntityFrameworkCore.Database.Command[20101]
      Executed DbCommand (0ms) [Parameters=[@__mStart_0='?' (DbType = DateTime2), @__mEnd_1='?' (DbType = DateTime2)], CommandType='Text', CommandTimeout='30']
      SELECT COALESCE(SUM([e].[Amount]), 0.0)
      FROM [Expenses] AS [e]
      WHERE [e].[IsDeleted] = CAST(0 AS bit) AND [e].[ExpenseDate] >= @__mStart_0 AND [e].[ExpenseDate] < @__mEnd_1
info: Microsoft.EntityFrameworkCore.Database.Command[20101]
      Executed DbCommand (0ms) [Parameters=[@__mStart_0='?' (DbType = DateTime2), @__mEnd_1='?' (DbType = DateTime2)], CommandType='Text', CommandTimeout='30']
      SELECT COALESCE(SUM([p].[Amount]), 0.0)
      FROM [Payments] AS [p]
      WHERE [p].[IsDeleted] = CAST(0 AS bit) AND [p].[PaymentDate] >= @__mStart_0 AND [p].[PaymentDate] < @__mEnd_1
info: Microsoft.EntityFrameworkCore.Database.Command[20101]
      Executed DbCommand (0ms) [Parameters=[@__mStart_0='?' (DbType = DateTime2), @__mEnd_1='?' (DbType = DateTime2)], CommandType='Text', CommandTimeout='30']
      SELECT COALESCE(SUM([e].[Amount]), 0.0)
      FROM [Expenses] AS [e]
      WHERE [e].[IsDeleted] = CAST(0 AS bit) AND [e].[ExpenseDate] >= @__mStart_0 AND [e].[ExpenseDate] < @__mEnd_1
info: Microsoft.EntityFrameworkCore.Database.Command[20101]
      Executed DbCommand (0ms) [Parameters=[@__mStart_0='?' (DbType = DateTime2), @__mEnd_1='?' (DbType = DateTime2)], CommandType='Text', CommandTimeout='30']
      SELECT COALESCE(SUM([p].[Amount]), 0.0)
      FROM [Payments] AS [p]
      WHERE [p].[IsDeleted] = CAST(0 AS bit) AND [p].[PaymentDate] >= @__mStart_0 AND [p].[PaymentDate] < @__mEnd_1
info: Microsoft.EntityFrameworkCore.Database.Command[20101]
      Executed DbCommand (0ms) [Parameters=[@__mStart_0='?' (DbType = DateTime2), @__mEnd_1='?' (DbType = DateTime2)], CommandType='Text', CommandTimeout='30']
      SELECT COALESCE(SUM([e].[Amount]), 0.0)
      FROM [Expenses] AS [e]
      WHERE [e].[IsDeleted] = CAST(0 AS bit) AND [e].[ExpenseDate] >= @__mStart_0 AND [e].[ExpenseDate] < @__mEnd_1
info: Microsoft.EntityFrameworkCore.Database.Command[20101]
      Executed DbCommand (0ms) [Parameters=[@__mStart_0='?' (DbType = DateTime2), @__mEnd_1='?' (DbType = DateTime2)], CommandType='Text', CommandTimeout='30']
      SELECT COALESCE(SUM([p].[Amount]), 0.0)
      FROM [Payments] AS [p]
      WHERE [p].[IsDeleted] = CAST(0 AS bit) AND [p].[PaymentDate] >= @__mStart_0 AND [p].[PaymentDate] < @__mEnd_1
info: Microsoft.EntityFrameworkCore.Database.Command[20101]
      Executed DbCommand (0ms) [Parameters=[@__mStart_0='?' (DbType = DateTime2), @__mEnd_1='?' (DbType = DateTime2)], CommandType='Text', CommandTimeout='30']
      SELECT COALESCE(SUM([e].[Amount]), 0.0)
      FROM [Expenses] AS [e]
      WHERE [e].[IsDeleted] = CAST(0 AS bit) AND [e].[ExpenseDate] >= @__mStart_0 AND [e].[ExpenseDate] < @__mEnd_1
info: Microsoft.EntityFrameworkCore.Database.Command[20101]
      Executed DbCommand (0ms) [Parameters=[@__p_0='?' (DbType = Int32)], CommandType='Text', CommandTimeout='30']
      SELECT [t].[AppointmentCode], [t0].[FullName], [t].[CreatedDate]
      FROM (
          SELECT TOP(@__p_0) [a].[AppointmentCode], [a].[CreatedDate], [a].[PatientId]
          FROM [Appointments] AS [a]
          WHERE [a].[IsDeleted] = CAST(0 AS bit)
          ORDER BY [a].[CreatedDate] DESC
      ) AS [t]
      INNER JOIN (
          SELECT [p].[Id], [p].[FullName]
          FROM [Patients] AS [p]
          WHERE [p].[IsDeleted] = CAST(0 AS bit)
      ) AS [t0] ON [t].[PatientId] = [t0].[Id]
      ORDER BY [t].[CreatedDate] DESC
info: Microsoft.EntityFrameworkCore.Database.Command[20101]
      Executed DbCommand (0ms) [Parameters=[@__p_0='?' (DbType = Int32)], CommandType='Text', CommandTimeout='30']
      SELECT TOP(@__p_0) [p].[PaymentNumber], [p].[Amount], [p].[CreatedDate]
      FROM [Payments] AS [p]
      WHERE [p].[IsDeleted] = CAST(0 AS bit)
      ORDER BY [p].[CreatedDate] DESC
info: Microsoft.EntityFrameworkCore.Database.Command[20101]
      Executed DbCommand (0ms) [Parameters=[@__p_1='?' (DbType = Int32), @__today_0='?' (DbType = DateTime2)], CommandType='Text', CommandTimeout='30']
      SELECT [t].[Id], [t].[AppointmentCode], [t].[PatientId], [t0].[FullName], [t].[DoctorId], [t1].[FullName], [t1].[Specialization], [t].[AppointmentDate], [t].[AppointmentTime], [t].[DurationMinutes], [t].[Status], [t].[Notes], [t].[Diagnosis], [t].[Prescription], [t].[Fee], [t].[IsPaid], [t].[CreatedDate]
      FROM (
          SELECT TOP(@__p_1) [a].[Id], [a].[AppointmentCode], [a].[AppointmentDate], [a].[AppointmentTime], [a].[CreatedDate], [a].[Diagnosis], [a].[DoctorId], [a].[DurationMinutes], [a].[Fee], [a].[IsPaid], [a].[Notes], [a].[PatientId], [a].[Prescription], [a].[Status]
          FROM [Appointments] AS [a]
          WHERE [a].[IsDeleted] = CAST(0 AS bit) AND CONVERT(date, [a].[AppointmentDate]) = @__today_0
          ORDER BY [a].[AppointmentTime]
      ) AS [t]
      INNER JOIN (
          SELECT [p].[Id], [p].[FullName]
          FROM [Patients] AS [p]
          WHERE [p].[IsDeleted] = CAST(0 AS bit)
      ) AS [t0] ON [t].[PatientId] = [t0].[Id]
      INNER JOIN (
          SELECT [d].[Id], [d].[FullName], [d].[Specialization]
          FROM [Doctors] AS [d]
          WHERE [d].[IsDeleted] = CAST(0 AS bit)
      ) AS [t1] ON [t].[DoctorId] = [t1].[Id]
      ORDER BY [t].[AppointmentTime]
info: Microsoft.EntityFrameworkCore.Database.Command[20101]
      Executed DbCommand (1ms) [Parameters=[@__p_0='?' (DbType = Int32)], CommandType='Text', CommandTimeout='30']
      SELECT TOP(@__p_0) [t].[FullName] AS [DoctorName], [t].[Specialization], COUNT(*) AS [AppointmentCount]
      FROM [Appointments] AS [a]
      INNER JOIN (
          SELECT [d].[Id], [d].[FullName], [d].[Specialization]
          FROM [Doctors] AS [d]
          WHERE [d].[IsDeleted] = CAST(0 AS bit)
      ) AS [t] ON [a].[DoctorId] = [t].[Id]
      WHERE [a].[IsDeleted] = CAST(0 AS bit)
      GROUP BY [a].[DoctorId], [t].[FullName], [t].[Specialization]
      ORDER BY COUNT(*) DESC
info: Microsoft.EntityFrameworkCore.Database.Command[20101]
      Executed DbCommand (1ms) [Parameters=[], CommandType='Text', CommandTimeout='30']
      SELECT COUNT(*)
      FROM [Prescriptions] AS [p]
      WHERE [p].[IsDeleted] = CAST(0 AS bit) AND [p].[Status] IN (N'Pending', N'Partially Dispensed')
info: Microsoft.EntityFrameworkCore.Database.Command[20101]
      Executed DbCommand (0ms) [Parameters=[], CommandType='Text', CommandTimeout='30']
      SELECT COUNT(*)
      FROM [LabRequests] AS [l]
      WHERE [l].[IsDeleted] = CAST(0 AS bit) AND [l].[Status] IN (N'Pending', N'Partial')
info: Microsoft.EntityFrameworkCore.Database.Command[20101]
      Executed DbCommand (0ms) [Parameters=[], CommandType='Text', CommandTimeout='30']
      SELECT COUNT(*)
      FROM [RadiologyRequests] AS [r]
      WHERE [r].[IsDeleted] = CAST(0 AS bit) AND [r].[Status] = N'Pending'
info: Microsoft.EntityFrameworkCore.Database.Command[20101]
      Executed DbCommand (0ms) [Parameters=[@__monthStart_0='?' (DbType = DateTime2)], CommandType='Text', CommandTimeout='30']
      SELECT COALESCE(SUM([t].[Quantity] * [t0].[SalePrice]), 0.0)
      FROM [Prescriptions] AS [p]
      INNER JOIN (
          SELECT [p0].[ItemId], [p0].[PrescriptionId], [p0].[Quantity]
          FROM [PrescriptionItems] AS [p0]
          WHERE [p0].[IsDeleted] = CAST(0 AS bit)
      ) AS [t] ON [p].[Id] = [t].[PrescriptionId]
      INNER JOIN (
          SELECT [i].[Id], [i].[SalePrice]
          FROM [Items] AS [i]
          WHERE [i].[IsDeleted] = CAST(0 AS bit)
      ) AS [t0] ON [t].[ItemId] = [t0].[Id]
      WHERE [p].[IsDeleted] = CAST(0 AS bit) AND [p].[PrescriptionDate] >= @__monthStart_0
info: Microsoft.EntityFrameworkCore.Database.Command[20101]
      Executed DbCommand (0ms) [Parameters=[], CommandType='Text', CommandTimeout='30']
      SELECT COALESCE(SUM([w].[Quantity] * [t].[PurchasePrice]), 0.0)
      FROM [WarehouseStocks] AS [w]
      INNER JOIN (
          SELECT [i].[Id], [i].[PurchasePrice]
          FROM [Items] AS [i]
          WHERE [i].[IsDeleted] = CAST(0 AS bit)
      ) AS [t] ON [w].[ItemId] = [t].[Id]
info: Microsoft.EntityFrameworkCore.Database.Command[20101]
      Executed DbCommand (0ms) [Parameters=[], CommandType='Text', CommandTimeout='30']
      SELECT COUNT(*)
      FROM [Beds] AS [b]
      WHERE [b].[IsDeleted] = CAST(0 AS bit)
info: Microsoft.EntityFrameworkCore.Database.Command[20101]
      Executed DbCommand (0ms) [Parameters=[], CommandType='Text', CommandTimeout='30']
      SELECT COUNT(*)
      FROM [Beds] AS [b]
      WHERE [b].[IsDeleted] = CAST(0 AS bit) AND [b].[Status] = N'Occupied'
info: Microsoft.EntityFrameworkCore.Database.Command[20101]
      Executed DbCommand (1ms) [Parameters=[@__p_1='?' (DbType = Int32), @__userId_0='?' (DbType = Int32)], CommandType='Text', CommandTimeout='30']
      SELECT TOP(@__p_1) [n].[Id], [n].[CreatedBy], [n].[CreatedDate], [n].[EntityId], [n].[EntityType], [n].[IsDeleted], [n].[IsRead], [n].[Message], [n].[NotificationType], [n].[Title], [n].[UpdatedBy], [n].[UpdatedDate], [n].[UserId]
      FROM [Notifications] AS [n]
      WHERE [n].[UserId] = @__userId_0 OR [n].[UserId] IS NULL
      ORDER BY [n].[CreatedDate] DESC
info: Microsoft.EntityFrameworkCore.Database.Command[20101]
      Executed DbCommand (4ms) [Parameters=[@__userId_0='?' (DbType = Int32)], CommandType='Text', CommandTimeout='30']
      SELECT COUNT(*)
      FROM [Notifications] AS [n]
      WHERE ([n].[UserId] = @__userId_0 OR [n].[UserId] IS NULL) AND [n].[IsRead] = CAST(0 AS bit)
info: Microsoft.EntityFrameworkCore.Database.Command[20101]
      Executed DbCommand (2ms) [Parameters=[], CommandType='Text', CommandTimeout='30']
      SELECT COUNT(*)
      FROM [Assets] AS [a]
      WHERE [a].[IsDeleted] = CAST(0 AS bit)
info: Microsoft.EntityFrameworkCore.Database.Command[20101]
      Executed DbCommand (2ms) [Parameters=[], CommandType='Text', CommandTimeout='30']
      SELECT COUNT(*)
      FROM [MaintenanceTickets] AS [m]
      WHERE [m].[IsDeleted] = CAST(0 AS bit)
info: Microsoft.EntityFrameworkCore.Database.Command[20101]
      Executed DbCommand (2ms) [Parameters=[@__p_0='?' (DbType = Int32), @__p_1='?' (DbType = Int32)], CommandType='Text', CommandTimeout='30']
      SELECT [a].[Id], [a].[AssetCode], [a].[AssetName], [a].[Category], [a].[CreatedBy], [a].[CreatedDate], [a].[CurrentValue], [a].[DepreciationRate], [a].[IsBioMedical], [a].[IsDeleted], [a].[LastMaintenanceDate], [a].[Location], [a].[MaintenanceIntervalDays], [a].[Manufacturer], [a].[ModelNumber], [a].[NextMaintenanceDate], [a].[Notes], [a].[PurchaseCost], [a].[PurchaseDate], [a].[SerialNumber], [a].[Status], [a].[UpdatedBy], [a].[UpdatedDate], [a].[WarrantyExpiryDate]
      FROM [Assets] AS [a]
      WHERE [a].[IsDeleted] = CAST(0 AS bit)
      ORDER BY [a].[CreatedDate] DESC
      OFFSET @__p_0 ROWS FETCH NEXT @__p_1 ROWS ONLY
info: Microsoft.EntityFrameworkCore.Database.Command[20101]
      Executed DbCommand (4ms) [Parameters=[@__p_0='?' (DbType = Int32), @__p_1='?' (DbType = Int32)], CommandType='Text', CommandTimeout='30']
      SELECT [t].[Id], [t].[AssetId], [t].[CompletedDate], [t].[Cost], [t].[CreatedBy], [t].[CreatedDate], [t].[Description], [t].[IsDeleted], [t].[Notes], [t].[Priority], [t].[ReportedBy], [t].[ReportedDate], [t].[Resolution], [t].[Status], [t].[TechnicianName], [t].[TicketNumber], [t].[Type], [t].[UpdatedBy], [t].[UpdatedDate], [t0].[Id], [t0].[AssetCode], [t0].[AssetName], [t0].[Category], [t0].[CreatedBy], [t0].[CreatedDate], [t0].[CurrentValue], [t0].[DepreciationRate], [t0].[IsBioMedical], [t0].[IsDeleted], [t0].[LastMaintenanceDate], [t0].[Location], [t0].[MaintenanceIntervalDays], [t0].[Manufacturer], [t0].[ModelNumber], [t0].[NextMaintenanceDate], [t0].[Notes], [t0].[PurchaseCost], [t0].[PurchaseDate], [t0].[SerialNumber], [t0].[Status], [t0].[UpdatedBy], [t0].[UpdatedDate], [t0].[WarrantyExpiryDate]
      FROM (
          SELECT [m].[Id], [m].[AssetId], [m].[CompletedDate], [m].[Cost], [m].[CreatedBy], [m].[CreatedDate], [m].[Description], [m].[IsDeleted], [m].[Notes], [m].[Priority], [m].[ReportedBy], [m].[ReportedDate], [m].[Resolution], [m].[Status], [m].[TechnicianName], [m].[TicketNumber], [m].[Type], [m].[UpdatedBy], [m].[UpdatedDate]
          FROM [MaintenanceTickets] AS [m]
          WHERE [m].[IsDeleted] = CAST(0 AS bit)
          ORDER BY [m].[ReportedDate] DESC
          OFFSET @__p_0 ROWS FETCH NEXT @__p_1 ROWS ONLY
      ) AS [t]
      INNER JOIN (
          SELECT [a].[Id], [a].[AssetCode], [a].[AssetName], [a].[Category], [a].[CreatedBy], [a].[CreatedDate], [a].[CurrentValue], [a].[DepreciationRate], [a].[IsBioMedical], [a].[IsDeleted], [a].[LastMaintenanceDate], [a].[Location], [a].[MaintenanceIntervalDays], [a].[Manufacturer], [a].[ModelNumber], [a].[NextMaintenanceDate], [a].[Notes], [a].[PurchaseCost], [a].[PurchaseDate], [a].[SerialNumber], [a].[Status], [a].[UpdatedBy], [a].[UpdatedDate], [a].[WarrantyExpiryDate]
          FROM [Assets] AS [a]
          WHERE [a].[IsDeleted] = CAST(0 AS bit)
      ) AS [t0] ON [t].[AssetId] = [t0].[Id]
      ORDER BY [t].[ReportedDate] DESC
info: Microsoft.EntityFrameworkCore.Database.Command[20101]
      Executed DbCommand (1ms) [Parameters=[@__userId_0='?' (DbType = Int32)], CommandType='Text', CommandTimeout='30']
      SELECT COUNT(*)
      FROM [Notifications] AS [n]
      WHERE ([n].[UserId] = @__userId_0 OR [n].[UserId] IS NULL) AND [n].[IsRead] = CAST(0 AS bit)
info: Microsoft.EntityFrameworkCore.Database.Command[20101]
      Executed DbCommand (1ms) [Parameters=[@__p_1='?' (DbType = Int32), @__userId_0='?' (DbType = Int32)], CommandType='Text', CommandTimeout='30']
      SELECT TOP(@__p_1) [n].[Id], [n].[CreatedBy], [n].[CreatedDate], [n].[EntityId], [n].[EntityType], [n].[IsDeleted], [n].[IsRead], [n].[Message], [n].[NotificationType], [n].[Title], [n].[UpdatedBy], [n].[UpdatedDate], [n].[UserId]
      FROM [Notifications] AS [n]
      WHERE [n].[UserId] = @__userId_0 OR [n].[UserId] IS NULL
      ORDER BY [n].[CreatedDate] DESC
info: Microsoft.EntityFrameworkCore.Database.Command[20101]
      Executed DbCommand (2ms) [Parameters=[], CommandType='Text', CommandTimeout='30']
      SELECT COUNT(*)
      FROM [RehabPlans] AS [r]
      WHERE [r].[IsDeleted] = CAST(0 AS bit)
info: Microsoft.EntityFrameworkCore.Database.Command[20101]
      Executed DbCommand (3ms) [Parameters=[@__p_0='?' (DbType = Int32), @__p_1='?' (DbType = Int32)], CommandType='Text', CommandTimeout='30']
      SELECT [t].[Id], [t].[PatientId], [t0].[FullName], [t].[Diagnosis], [t].[StartDate], [t].[Status]
      FROM (
          SELECT [r].[Id], [r].[CreatedDate], [r].[Diagnosis], [r].[PatientId], [r].[StartDate], [r].[Status]
          FROM [RehabPlans] AS [r]
          WHERE [r].[IsDeleted] = CAST(0 AS bit)
          ORDER BY [r].[CreatedDate] DESC
          OFFSET @__p_0 ROWS FETCH NEXT @__p_1 ROWS ONLY
      ) AS [t]
      INNER JOIN (
          SELECT [p].[Id], [p].[FullName]
          FROM [Patients] AS [p]
          WHERE [p].[IsDeleted] = CAST(0 AS bit)
      ) AS [t0] ON [t].[PatientId] = [t0].[Id]
      ORDER BY [t].[CreatedDate] DESC
info: Microsoft.EntityFrameworkCore.Database.Command[20101]
      Executed DbCommand (1ms) [Parameters=[@__p_1='?' (DbType = Int32), @__userId_0='?' (DbType = Int32)], CommandType='Text', CommandTimeout='30']
      SELECT TOP(@__p_1) [n].[Id], [n].[CreatedBy], [n].[CreatedDate], [n].[EntityId], [n].[EntityType], [n].[IsDeleted], [n].[IsRead], [n].[Message], [n].[NotificationType], [n].[Title], [n].[UpdatedBy], [n].[UpdatedDate], [n].[UserId]
      FROM [Notifications] AS [n]
      WHERE [n].[UserId] = @__userId_0 OR [n].[UserId] IS NULL
      ORDER BY [n].[CreatedDate] DESC
info: Microsoft.EntityFrameworkCore.Database.Command[20101]
      Executed DbCommand (1ms) [Parameters=[@__userId_0='?' (DbType = Int32)], CommandType='Text', CommandTimeout='30']
      SELECT COUNT(*)
      FROM [Notifications] AS [n]
      WHERE ([n].[UserId] = @__userId_0 OR [n].[UserId] IS NULL) AND [n].[IsRead] = CAST(0 AS bit)
info: Microsoft.EntityFrameworkCore.Database.Command[20101]
      Executed DbCommand (0ms) [Parameters=[@__userId_0='?' (DbType = Int32)], CommandType='Text', CommandTimeout='30']
      SELECT COUNT(*)
      FROM [Notifications] AS [n]
      WHERE ([n].[UserId] = @__userId_0 OR [n].[UserId] IS NULL) AND [n].[IsRead] = CAST(0 AS bit)
info: Microsoft.EntityFrameworkCore.Database.Command[20101]
      Executed DbCommand (1ms) [Parameters=[@__p_1='?' (DbType = Int32), @__userId_0='?' (DbType = Int32)], CommandType='Text', CommandTimeout='30']
      SELECT TOP(@__p_1) [n].[Id], [n].[CreatedBy], [n].[CreatedDate], [n].[EntityId], [n].[EntityType], [n].[IsDeleted], [n].[IsRead], [n].[Message], [n].[NotificationType], [n].[Title], [n].[UpdatedBy], [n].[UpdatedDate], [n].[UserId]
      FROM [Notifications] AS [n]
      WHERE [n].[UserId] = @__userId_0 OR [n].[UserId] IS NULL
      ORDER BY [n].[CreatedDate] DESC
info: Microsoft.EntityFrameworkCore.Database.Command[20101]
      Executed DbCommand (1ms) [Parameters=[], CommandType='Text', CommandTimeout='30']
      SELECT COUNT(*)
      FROM [AmbulanceDispatches] AS [a]
      WHERE [a].[IsDeleted] = CAST(0 AS bit)
info: Microsoft.EntityFrameworkCore.Database.Command[20101]
      Executed DbCommand (3ms) [Parameters=[], CommandType='Text', CommandTimeout='30']
      SELECT [a].[Id], [a].[VehicleNumber], [a].[Model], [a].[Type], [a].[Status], [a].[CurrentLocation]
      FROM [Ambulances] AS [a]
      WHERE [a].[IsDeleted] = CAST(0 AS bit)
info: Microsoft.EntityFrameworkCore.Database.Command[20101]
      Executed DbCommand (2ms) [Parameters=[@__p_0='?' (DbType = Int32), @__p_1='?' (DbType = Int32)], CommandType='Text', CommandTimeout='30']
      SELECT [t].[Id], [t0].[VehicleNumber], [t].[PickupLocation], [t].[DispatchTime]
      FROM (
          SELECT [a].[Id], [a].[AmbulanceId], [a].[DispatchTime], [a].[PickupLocation]
          FROM [AmbulanceDispatches] AS [a]
          WHERE [a].[IsDeleted] = CAST(0 AS bit)
          ORDER BY [a].[DispatchTime] DESC
          OFFSET @__p_0 ROWS FETCH NEXT @__p_1 ROWS ONLY
      ) AS [t]
      INNER JOIN (
          SELECT [a0].[Id], [a0].[VehicleNumber]
          FROM [Ambulances] AS [a0]
          WHERE [a0].[IsDeleted] = CAST(0 AS bit)
      ) AS [t0] ON [t].[AmbulanceId] = [t0].[Id]
      ORDER BY [t].[DispatchTime] DESC
info: Microsoft.EntityFrameworkCore.Database.Command[20101]
      Executed DbCommand (1ms) [Parameters=[@__p_1='?' (DbType = Int32), @__userId_0='?' (DbType = Int32)], CommandType='Text', CommandTimeout='30']
      SELECT TOP(@__p_1) [n].[Id], [n].[CreatedBy], [n].[CreatedDate], [n].[EntityId], [n].[EntityType], [n].[IsDeleted], [n].[IsRead], [n].[Message], [n].[NotificationType], [n].[Title], [n].[UpdatedBy], [n].[UpdatedDate], [n].[UserId]
      FROM [Notifications] AS [n]
      WHERE [n].[UserId] = @__userId_0 OR [n].[UserId] IS NULL
      ORDER BY [n].[CreatedDate] DESC
info: Microsoft.EntityFrameworkCore.Database.Command[20101]
      Executed DbCommand (0ms) [Parameters=[@__userId_0='?' (DbType = Int32)], CommandType='Text', CommandTimeout='30']
      SELECT COUNT(*)
      FROM [Notifications] AS [n]
      WHERE ([n].[UserId] = @__userId_0 OR [n].[UserId] IS NULL) AND [n].[IsRead] = CAST(0 AS bit)
info: Microsoft.EntityFrameworkCore.Database.Command[20101]
      Executed DbCommand (2ms) [Parameters=[], CommandType='Text', CommandTimeout='30']
      SELECT COUNT(*)
      FROM [MealOrders] AS [m]
      WHERE [m].[IsDeleted] = CAST(0 AS bit)
info: Microsoft.EntityFrameworkCore.Database.Command[20101]
      Executed DbCommand (2ms) [Parameters=[@__p_0='?' (DbType = Int32), @__p_1='?' (DbType = Int32)], CommandType='Text', CommandTimeout='30']
      SELECT [t].[Id], [t].[PatientId], [t0].[FullName], [t].[MealType], [t].[Status], [t].[OrderDate]
      FROM (
          SELECT [m].[Id], [m].[MealType], [m].[OrderDate], [m].[PatientId], [m].[Status]
          FROM [MealOrders] AS [m]
          WHERE [m].[IsDeleted] = CAST(0 AS bit)
          ORDER BY [m].[OrderDate] DESC
          OFFSET @__p_0 ROWS FETCH NEXT @__p_1 ROWS ONLY
      ) AS [t]
      INNER JOIN (
          SELECT [p].[Id], [p].[FullName]
          FROM [Patients] AS [p]
          WHERE [p].[IsDeleted] = CAST(0 AS bit)
      ) AS [t0] ON [t].[PatientId] = [t0].[Id]
      ORDER BY [t].[OrderDate] DESC
info: Microsoft.EntityFrameworkCore.Database.Command[20101]
      Executed DbCommand (1ms) [Parameters=[@__userId_0='?' (DbType = Int32)], CommandType='Text', CommandTimeout='30']
      SELECT COUNT(*)
      FROM [Notifications] AS [n]
      WHERE ([n].[UserId] = @__userId_0 OR [n].[UserId] IS NULL) AND [n].[IsRead] = CAST(0 AS bit)
info: Microsoft.EntityFrameworkCore.Database.Command[20101]
      Executed DbCommand (1ms) [Parameters=[@__p_1='?' (DbType = Int32), @__userId_0='?' (DbType = Int32)], CommandType='Text', CommandTimeout='30']
      SELECT TOP(@__p_1) [n].[Id], [n].[CreatedBy], [n].[CreatedDate], [n].[EntityId], [n].[EntityType], [n].[IsDeleted], [n].[IsRead], [n].[Message], [n].[NotificationType], [n].[Title], [n].[UpdatedBy], [n].[UpdatedDate], [n].[UserId]
      FROM [Notifications] AS [n]
      WHERE [n].[UserId] = @__userId_0 OR [n].[UserId] IS NULL
      ORDER BY [n].[CreatedDate] DESC
info: Microsoft.EntityFrameworkCore.Database.Command[20101]
      Executed DbCommand (2ms) [Parameters=[], CommandType='Text', CommandTimeout='30']
      SELECT COUNT(*)
      FROM [HousekeepingTasks] AS [h]
      WHERE [h].[IsDeleted] = CAST(0 AS bit)
info: Microsoft.EntityFrameworkCore.Database.Command[20101]
      Executed DbCommand (4ms) [Parameters=[@__p_0='?' (DbType = Int32), @__p_1='?' (DbType = Int32)], CommandType='Text', CommandTimeout='30']
      SELECT [t].[Id], [t].[BedId], CASE
          WHEN [t0].[Id] IS NOT NULL THEN COALESCE([t1].[RoomNumber], N'') + N'-' + COALESCE([t0].[BedNumber], N'')
          ELSE N'Public Area'
      END, [t].[TaskType], [t].[Status], [t].[AssignedStaffId], [t].[CompletionTime]
      FROM (
          SELECT [h].[Id], [h].[AssignedStaffId], [h].[BedId], [h].[CompletionTime], [h].[CreatedDate], [h].[Status], [h].[TaskType]
          FROM [HousekeepingTasks] AS [h]
          WHERE [h].[IsDeleted] = CAST(0 AS bit)
          ORDER BY [h].[CreatedDate] DESC
          OFFSET @__p_0 ROWS FETCH NEXT @__p_1 ROWS ONLY
      ) AS [t]
      LEFT JOIN (
          SELECT [b].[Id], [b].[BedNumber], [b].[RoomId]
          FROM [Beds] AS [b]
          WHERE [b].[IsDeleted] = CAST(0 AS bit)
      ) AS [t0] ON [t].[BedId] = [t0].[Id]
      LEFT JOIN (
          SELECT [r].[Id], [r].[RoomNumber]
          FROM [Rooms] AS [r]
          WHERE [r].[IsDeleted] = CAST(0 AS bit)
      ) AS [t1] ON [t0].[RoomId] = [t1].[Id]
      ORDER BY [t].[CreatedDate] DESC
info: Microsoft.EntityFrameworkCore.Database.Command[20101]
      Executed DbCommand (1ms) [Parameters=[@__p_1='?' (DbType = Int32), @__userId_0='?' (DbType = Int32)], CommandType='Text', CommandTimeout='30']
      SELECT TOP(@__p_1) [n].[Id], [n].[CreatedBy], [n].[CreatedDate], [n].[EntityId], [n].[EntityType], [n].[IsDeleted], [n].[IsRead], [n].[Message], [n].[NotificationType], [n].[Title], [n].[UpdatedBy], [n].[UpdatedDate], [n].[UserId]
      FROM [Notifications] AS [n]
      WHERE [n].[UserId] = @__userId_0 OR [n].[UserId] IS NULL
      ORDER BY [n].[CreatedDate] DESC
info: Microsoft.EntityFrameworkCore.Database.Command[20101]
      Executed DbCommand (1ms) [Parameters=[@__userId_0='?' (DbType = Int32)], CommandType='Text', CommandTimeout='30']
      SELECT COUNT(*)
      FROM [Notifications] AS [n]
      WHERE ([n].[UserId] = @__userId_0 OR [n].[UserId] IS NULL) AND [n].[IsRead] = CAST(0 AS bit)
info: Microsoft.EntityFrameworkCore.Database.Command[20101]
      Executed DbCommand (2ms) [Parameters=[], CommandType='Text', CommandTimeout='30']
      SELECT COUNT(*)
      FROM [ClinicalIncidents] AS [c]
      WHERE [c].[IsDeleted] = CAST(0 AS bit)
info: Microsoft.EntityFrameworkCore.Database.Command[20101]
      Executed DbCommand (1ms) [Parameters=[], CommandType='Text', CommandTimeout='30']
      SELECT COUNT(*)
      FROM [PatientFeedbacks] AS [p]
      WHERE [p].[IsDeleted] = CAST(0 AS bit)
info: Microsoft.EntityFrameworkCore.Database.Command[20101]
      Executed DbCommand (4ms) [Parameters=[@__p_0='?' (DbType = Int32), @__p_1='?' (DbType = Int32)], CommandType='Text', CommandTimeout='30']
      SELECT [t].[Id], CASE
          WHEN [t0].[Id] IS NOT NULL THEN [t0].[FullName]
          ELSE N'System'
      END, [t].[IncidentType], [t].[Severity], [t].[Status], [t].[CreatedDate]
      FROM (
          SELECT [c].[Id], [c].[CreatedDate], [c].[IncidentType], [c].[PatientId], [c].[Severity], [c].[Status]
          FROM [ClinicalIncidents] AS [c]
          WHERE [c].[IsDeleted] = CAST(0 AS bit)
          ORDER BY [c].[CreatedDate] DESC
          OFFSET @__p_0 ROWS FETCH NEXT @__p_1 ROWS ONLY
      ) AS [t]
      LEFT JOIN (
          SELECT [p].[Id], [p].[FullName]
          FROM [Patients] AS [p]
          WHERE [p].[IsDeleted] = CAST(0 AS bit)
      ) AS [t0] ON [t].[PatientId] = [t0].[Id]
      ORDER BY [t].[CreatedDate] DESC
info: Microsoft.EntityFrameworkCore.Database.Command[20101]
      Executed DbCommand (3ms) [Parameters=[@__p_0='?' (DbType = Int32), @__p_1='?' (DbType = Int32)], CommandType='Text', CommandTimeout='30']
      SELECT [t].[Id], CASE
          WHEN [t].[IsAnonymized] = CAST(1 AS bit) THEN N'Anonymous'
          ELSE [t0].[FullName]
      END, [t].[Rating], COALESCE([t].[Comments], N''), [t].[Department], [t].[CreatedDate]
      FROM (
          SELECT [p].[Id], [p].[Comments], [p].[CreatedDate], [p].[Department], [p].[IsAnonymized], [p].[PatientId], [p].[Rating]
          FROM [PatientFeedbacks] AS [p]
          WHERE [p].[IsDeleted] = CAST(0 AS bit)
          ORDER BY [p].[CreatedDate] DESC
          OFFSET @__p_0 ROWS FETCH NEXT @__p_1 ROWS ONLY
      ) AS [t]
      INNER JOIN (
          SELECT [p0].[Id], [p0].[FullName]
          FROM [Patients] AS [p0]
          WHERE [p0].[IsDeleted] = CAST(0 AS bit)
      ) AS [t0] ON [t].[PatientId] = [t0].[Id]
      ORDER BY [t].[CreatedDate] DESC
info: Microsoft.EntityFrameworkCore.Database.Command[20101]
      Executed DbCommand (1ms) [Parameters=[@__userId_0='?' (DbType = Int32)], CommandType='Text', CommandTimeout='30']
      SELECT COUNT(*)
      FROM [Notifications] AS [n]
      WHERE ([n].[UserId] = @__userId_0 OR [n].[UserId] IS NULL) AND [n].[IsRead] = CAST(0 AS bit)
info: Microsoft.EntityFrameworkCore.Database.Command[20101]
      Executed DbCommand (1ms) [Parameters=[@__p_1='?' (DbType = Int32), @__userId_0='?' (DbType = Int32)], CommandType='Text', CommandTimeout='30']
      SELECT TOP(@__p_1) [n].[Id], [n].[CreatedBy], [n].[CreatedDate], [n].[EntityId], [n].[EntityType], [n].[IsDeleted], [n].[IsRead], [n].[Message], [n].[NotificationType], [n].[Title], [n].[UpdatedBy], [n].[UpdatedDate], [n].[UserId]
      FROM [Notifications] AS [n]
      WHERE [n].[UserId] = @__userId_0 OR [n].[UserId] IS NULL
      ORDER BY [n].[CreatedDate] DESC
info: Microsoft.EntityFrameworkCore.Database.Command[20101]
      Executed DbCommand (1ms) [Parameters=[], CommandType='Text', CommandTimeout='30']
      SELECT COUNT(*)
      FROM [ExternalReferrals] AS [e]
info: Microsoft.EntityFrameworkCore.Database.Command[20101]
      Executed DbCommand (1ms) [Parameters=[], CommandType='Text', CommandTimeout='30']
      SELECT [r].[Id], [r].[Name], [r].[Type], [r].[ContactPerson], [r].[Email], [r].[Phone], [r].[Address]
      FROM [ReferralFacilities] AS [r]
      WHERE [r].[IsActive] = CAST(1 AS bit)
info: Microsoft.EntityFrameworkCore.Database.Command[20101]
      Executed DbCommand (4ms) [Parameters=[@__p_0='?' (DbType = Int32), @__p_1='?' (DbType = Int32)], CommandType='Text', CommandTimeout='30']
      SELECT [t].[Id], [t].[PatientId], [t0].[FullName], [t0].[PatientCode], [t].[FacilityId], [r].[Name], [t].[ReferralType], [t].[Reason], [t].[Status], [t].[ReferralDate], [t].[ClinicalSummary], [t].[ExternalDoctorName]
      FROM (
          SELECT [e].[Id], [e].[ClinicalSummary], [e].[CreatedDate], [e].[ExternalDoctorName], [e].[FacilityId], [e].[PatientId], [e].[Reason], [e].[ReferralDate], [e].[ReferralType], [e].[Status]
          FROM [ExternalReferrals] AS [e]
          ORDER BY [e].[CreatedDate] DESC
          OFFSET @__p_0 ROWS FETCH NEXT @__p_1 ROWS ONLY
      ) AS [t]
      INNER JOIN (
          SELECT [p].[Id], [p].[FullName], [p].[PatientCode]
          FROM [Patients] AS [p]
          WHERE [p].[IsDeleted] = CAST(0 AS bit)
      ) AS [t0] ON [t].[PatientId] = [t0].[Id]
      INNER JOIN [ReferralFacilities] AS [r] ON [t].[FacilityId] = [r].[Id]
      ORDER BY [t].[CreatedDate] DESC
info: Microsoft.EntityFrameworkCore.Database.Command[20101]
      Executed DbCommand (1ms) [Parameters=[@__p_1='?' (DbType = Int32), @__userId_0='?' (DbType = Int32)], CommandType='Text', CommandTimeout='30']
      SELECT TOP(@__p_1) [n].[Id], [n].[CreatedBy], [n].[CreatedDate], [n].[EntityId], [n].[EntityType], [n].[IsDeleted], [n].[IsRead], [n].[Message], [n].[NotificationType], [n].[Title], [n].[UpdatedBy], [n].[UpdatedDate], [n].[UserId]
      FROM [Notifications] AS [n]
      WHERE [n].[UserId] = @__userId_0 OR [n].[UserId] IS NULL
      ORDER BY [n].[CreatedDate] DESC
info: Microsoft.EntityFrameworkCore.Database.Command[20101]
      Executed DbCommand (0ms) [Parameters=[@__userId_0='?' (DbType = Int32)], CommandType='Text', CommandTimeout='30']
      SELECT COUNT(*)
      FROM [Notifications] AS [n]
      WHERE ([n].[UserId] = @__userId_0 OR [n].[UserId] IS NULL) AND [n].[IsRead] = CAST(0 AS bit)
info: Microsoft.EntityFrameworkCore.Database.Command[20101]
      Executed DbCommand (1ms) [Parameters=[], CommandType='Text', CommandTimeout='30']
      SELECT COUNT(*)
      FROM [SterilizationBatches] AS [s]
info: Microsoft.EntityFrameworkCore.Database.Command[20101]
      Executed DbCommand (2ms) [Parameters=[@__p_0='?' (DbType = Int32), @__p_1='?' (DbType = Int32)], CommandType='Text', CommandTimeout='30']
      SELECT [t].[Id], [t].[BatchNumber], [t].[EquipmentName], [t].[CycleStartTime], [t].[CycleEndTime], [t].[Status], [t].[OperatorName], [s0].[ItemName], [s0].[ContainerId], [s0].[ExpiryDate], [s0].[IsBiologicalIndicatorPassed], [s0].[Id]
      FROM (
          SELECT [s].[Id], [s].[BatchNumber], [s].[EquipmentName], [s].[CycleStartTime], [s].[CycleEndTime], [s].[Status], [s].[OperatorName]
          FROM [SterilizationBatches] AS [s]
          ORDER BY [s].[CycleStartTime] DESC
          OFFSET @__p_0 ROWS FETCH NEXT @__p_1 ROWS ONLY
      ) AS [t]
      LEFT JOIN [SterilizedItems] AS [s0] ON [t].[Id] = [s0].[SterilizationBatchId]
      ORDER BY [t].[CycleStartTime] DESC, [t].[Id]
info: Microsoft.EntityFrameworkCore.Database.Command[20101]
      Executed DbCommand (1ms) [Parameters=[@__userId_0='?' (DbType = Int32)], CommandType='Text', CommandTimeout='30']
      SELECT COUNT(*)
      FROM [Notifications] AS [n]
      WHERE ([n].[UserId] = @__userId_0 OR [n].[UserId] IS NULL) AND [n].[IsRead] = CAST(0 AS bit)
info: Microsoft.EntityFrameworkCore.Database.Command[20101]
      Executed DbCommand (1ms) [Parameters=[@__p_1='?' (DbType = Int32), @__userId_0='?' (DbType = Int32)], CommandType='Text', CommandTimeout='30']
      SELECT TOP(@__p_1) [n].[Id], [n].[CreatedBy], [n].[CreatedDate], [n].[EntityId], [n].[EntityType], [n].[IsDeleted], [n].[IsRead], [n].[Message], [n].[NotificationType], [n].[Title], [n].[UpdatedBy], [n].[UpdatedDate], [n].[UserId]
      FROM [Notifications] AS [n]
      WHERE [n].[UserId] = @__userId_0 OR [n].[UserId] IS NULL
      ORDER BY [n].[CreatedDate] DESC
info: Microsoft.EntityFrameworkCore.Database.Command[20101]
      Executed DbCommand (1ms) [Parameters=[], CommandType='Text', CommandTimeout='30']
      SELECT COUNT(*)
      FROM [DeceasedRecords] AS [d]
info: Microsoft.EntityFrameworkCore.Database.Command[20101]
      Executed DbCommand (2ms) [Parameters=[@__p_0='?' (DbType = Int32), @__p_1='?' (DbType = Int32)], CommandType='Text', CommandTimeout='30']
      SELECT [d].[Id], [d].[Name], [d].[DateOfDeath], [d].[CauseOfDeath], [d].[BodyStatus], [d].[ChamberNumber], [d].[ReceivedDate], [d].[ReleasedDate]
      FROM [DeceasedRecords] AS [d]
      ORDER BY [d].[DateOfDeath] DESC
      OFFSET @__p_0 ROWS FETCH NEXT @__p_1 ROWS ONLY
info: Microsoft.EntityFrameworkCore.Database.Command[20101]
      Executed DbCommand (1ms) [Parameters=[@__p_1='?' (DbType = Int32), @__userId_0='?' (DbType = Int32)], CommandType='Text', CommandTimeout='30']
      SELECT TOP(@__p_1) [n].[Id], [n].[CreatedBy], [n].[CreatedDate], [n].[EntityId], [n].[EntityType], [n].[IsDeleted], [n].[IsRead], [n].[Message], [n].[NotificationType], [n].[Title], [n].[UpdatedBy], [n].[UpdatedDate], [n].[UserId]
      FROM [Notifications] AS [n]
      WHERE [n].[UserId] = @__userId_0 OR [n].[UserId] IS NULL
      ORDER BY [n].[CreatedDate] DESC
info: Microsoft.EntityFrameworkCore.Database.Command[20101]
      Executed DbCommand (1ms) [Parameters=[@__userId_0='?' (DbType = Int32)], CommandType='Text', CommandTimeout='30']
      SELECT COUNT(*)
      FROM [Notifications] AS [n]
      WHERE ([n].[UserId] = @__userId_0 OR [n].[UserId] IS NULL) AND [n].[IsRead] = CAST(0 AS bit)
info: Microsoft.EntityFrameworkCore.Database.Command[20101]
      Executed DbCommand (2ms) [Parameters=[], CommandType='Text', CommandTimeout='30']
      SELECT COUNT(*)
      FROM [Appointments] AS [a]
      WHERE [a].[IsDeleted] = CAST(0 AS bit)
info: Microsoft.EntityFrameworkCore.Database.Command[20101]
      Executed DbCommand (6ms) [Parameters=[@__p_0='?' (DbType = Int32), @__p_1='?' (DbType = Int32)], CommandType='Text', CommandTimeout='30']
      SELECT [t].[Id], [t].[AppointmentCode], [t].[AppointmentDate], [t].[AppointmentTime], [t].[CreatedBy], [t].[CreatedDate], [t].[Diagnosis], [t].[DoctorId], [t].[DurationMinutes], [t].[Fee], [t].[IsDeleted], [t].[IsPaid], [t].[IsTelehealth], [t].[MeetingLink], [t].[Notes], [t].[PatientId], [t].[Prescription], [t].[Status], [t].[UpdatedBy], [t].[UpdatedDate], [t].[VirtualWaitingRoomStatus], [t0].[Id], [t0].[Address], [t0].[Allergies], [t0].[BloodType], [t0].[CreatedBy], [t0].[CreatedDate], [t0].[DateOfBirth], [t0].[Email], [t0].[EmergencyContact], [t0].[EmergencyPhone], [t0].[FullName], [t0].[Gender], [t0].[InsuranceBalance], [t0].[InsuranceCoverageType], [t0].[InsurancePlanId], [t0].[InsurancePolicyNumber], [t0].[InsuranceProviderId], [t0].[InsuranceProviderNameManual], [t0].[IsActive], [t0].[IsDeleted], [t0].[MedicalHistory], [t0].[NationalId], [t0].[PatientCode], [t0].[PhoneNumber], [t0].[UpdatedBy], [t0].[UpdatedDate], [t1].[Id], [t1].[ConsultationFee], [t1].[CreatedBy], [t1].[CreatedDate], [t1].[DoctorCode], [t1].[Email], [t1].[EmployeeId], [t1].[FullName], [t1].[IsActive], [t1].[IsDeleted], [t1].[LicenseNumber], [t1].[PhoneNumber], [t1].[Specialization], [t1].[SubSpecialization], [t1].[UpdatedBy], [t1].[UpdatedDate], [t1].[WorkingDays], [t1].[WorkingHours]
      FROM (
          SELECT [a].[Id], [a].[AppointmentCode], [a].[AppointmentDate], [a].[AppointmentTime], [a].[CreatedBy], [a].[CreatedDate], [a].[Diagnosis], [a].[DoctorId], [a].[DurationMinutes], [a].[Fee], [a].[IsDeleted], [a].[IsPaid], [a].[IsTelehealth], [a].[MeetingLink], [a].[Notes], [a].[PatientId], [a].[Prescription], [a].[Status], [a].[UpdatedBy], [a].[UpdatedDate], [a].[VirtualWaitingRoomStatus]
          FROM [Appointments] AS [a]
          WHERE [a].[IsDeleted] = CAST(0 AS bit)
          ORDER BY [a].[AppointmentDate] DESC
          OFFSET @__p_0 ROWS FETCH NEXT @__p_1 ROWS ONLY
      ) AS [t]
      INNER JOIN (
          SELECT [p].[Id], [p].[Address], [p].[Allergies], [p].[BloodType], [p].[CreatedBy], [p].[CreatedDate], [p].[DateOfBirth], [p].[Email], [p].[EmergencyContact], [p].[EmergencyPhone], [p].[FullName], [p].[Gender], [p].[InsuranceBalance], [p].[InsuranceCoverageType], [p].[InsurancePlanId], [p].[InsurancePolicyNumber], [p].[InsuranceProviderId], [p].[InsuranceProviderNameManual], [p].[IsActive], [p].[IsDeleted], [p].[MedicalHistory], [p].[NationalId], [p].[PatientCode], [p].[PhoneNumber], [p].[UpdatedBy], [p].[UpdatedDate]
          FROM [Patients] AS [p]
          WHERE [p].[IsDeleted] = CAST(0 AS bit)
      ) AS [t0] ON [t].[PatientId] = [t0].[Id]
      INNER JOIN (
          SELECT [d].[Id], [d].[ConsultationFee], [d].[CreatedBy], [d].[CreatedDate], [d].[DoctorCode], [d].[Email], [d].[EmployeeId], [d].[FullName], [d].[IsActive], [d].[IsDeleted], [d].[LicenseNumber], [d].[PhoneNumber], [d].[Specialization], [d].[SubSpecialization], [d].[UpdatedBy], [d].[UpdatedDate], [d].[WorkingDays], [d].[WorkingHours]
          FROM [Doctors] AS [d]
          WHERE [d].[IsDeleted] = CAST(0 AS bit)
      ) AS [t1] ON [t].[DoctorId] = [t1].[Id]
      ORDER BY [t].[AppointmentDate] DESC
info: Microsoft.EntityFrameworkCore.Database.Command[20101]
      Executed DbCommand (1ms) [Parameters=[@__p_1='?' (DbType = Int32), @__userId_0='?' (DbType = Int32)], CommandType='Text', CommandTimeout='30']
      SELECT TOP(@__p_1) [n].[Id], [n].[CreatedBy], [n].[CreatedDate], [n].[EntityId], [n].[EntityType], [n].[IsDeleted], [n].[IsRead], [n].[Message], [n].[NotificationType], [n].[Title], [n].[UpdatedBy], [n].[UpdatedDate], [n].[UserId]
      FROM [Notifications] AS [n]
      WHERE [n].[UserId] = @__userId_0 OR [n].[UserId] IS NULL
      ORDER BY [n].[CreatedDate] DESC
info: Microsoft.EntityFrameworkCore.Database.Command[20101]
      Executed DbCommand (1ms) [Parameters=[@__userId_0='?' (DbType = Int32)], CommandType='Text', CommandTimeout='30']
      SELECT COUNT(*)
      FROM [Notifications] AS [n]
      WHERE ([n].[UserId] = @__userId_0 OR [n].[UserId] IS NULL) AND [n].[IsRead] = CAST(0 AS bit)
info: Microsoft.EntityFrameworkCore.Database.Command[20101]
      Executed DbCommand (1ms) [Parameters=[@__p_1='?' (DbType = Int32), @__userId_0='?' (DbType = Int32)], CommandType='Text', CommandTimeout='30']
      SELECT TOP(@__p_1) [n].[Id], [n].[CreatedBy], [n].[CreatedDate], [n].[EntityId], [n].[EntityType], [n].[IsDeleted], [n].[IsRead], [n].[Message], [n].[NotificationType], [n].[Title], [n].[UpdatedBy], [n].[UpdatedDate], [n].[UserId]
      FROM [Notifications] AS [n]
      WHERE [n].[UserId] = @__userId_0 OR [n].[UserId] IS NULL
      ORDER BY [n].[CreatedDate] DESC
info: Microsoft.EntityFrameworkCore.Database.Command[20101]
      Executed DbCommand (1ms) [Parameters=[@__userId_0='?' (DbType = Int32)], CommandType='Text', CommandTimeout='30']
      SELECT COUNT(*)
      FROM [Notifications] AS [n]
      WHERE ([n].[UserId] = @__userId_0 OR [n].[UserId] IS NULL) AND [n].[IsRead] = CAST(0 AS bit)
info: Microsoft.EntityFrameworkCore.Database.Command[20101]
      Executed DbCommand (5ms) [Parameters=[], CommandType='Text', CommandTimeout='30']
      SELECT [a].[Id], [a].[AccountCode], [a].[AccountName], [a].[AccountNameAr], [a].[AccountType], [a].[Balance], [a].[CreatedBy], [a].[CreatedDate], [a].[Description], [a].[IsActive], [a].[IsDeleted], [a].[ParentAccountId], [a].[UpdatedBy], [a].[UpdatedDate]
      FROM [Accounts] AS [a]
      WHERE [a].[IsDeleted] = CAST(0 AS bit) AND [a].[AccountType] = 4 AND [a].[IsActive] = CAST(1 AS bit)
info: Microsoft.EntityFrameworkCore.Database.Command[20101]
      Executed DbCommand (1ms) [Parameters=[], CommandType='Text', CommandTimeout='30']
      SELECT [a].[Id], [a].[AccountCode], [a].[AccountName], [a].[AccountNameAr], [a].[AccountType], [a].[Balance], [a].[CreatedBy], [a].[CreatedDate], [a].[Description], [a].[IsActive], [a].[IsDeleted], [a].[ParentAccountId], [a].[UpdatedBy], [a].[UpdatedDate]
      FROM [Accounts] AS [a]
      WHERE [a].[IsDeleted] = CAST(0 AS bit) AND [a].[AccountType] = 5 AND [a].[IsActive] = CAST(1 AS bit)
info: Microsoft.EntityFrameworkCore.Database.Command[20101]
      Executed DbCommand (3ms) [Parameters=[], CommandType='Text', CommandTimeout='30']
      SELECT COALESCE(SUM([a].[Balance]), 0.0)
      FROM [Accounts] AS [a]
      WHERE [a].[IsDeleted] = CAST(0 AS bit) AND [a].[AccountType] = 1
info: Microsoft.EntityFrameworkCore.Database.Command[20101]
      Executed DbCommand (1ms) [Parameters=[], CommandType='Text', CommandTimeout='30']
      SELECT COALESCE(SUM([a].[Balance]), 0.0)
      FROM [Accounts] AS [a]
      WHERE [a].[IsDeleted] = CAST(0 AS bit) AND [a].[AccountType] = 2
info: Microsoft.EntityFrameworkCore.Database.Command[20101]
      Executed DbCommand (1ms) [Parameters=[], CommandType='Text', CommandTimeout='30']
      SELECT COALESCE(SUM([a].[Balance]), 0.0)
      FROM [Accounts] AS [a]
      WHERE [a].[IsDeleted] = CAST(0 AS bit) AND [a].[AccountType] = 3
info: Microsoft.EntityFrameworkCore.Database.Command[20101]
      Executed DbCommand (1ms) [Parameters=[@__userId_0='?' (DbType = Int32)], CommandType='Text', CommandTimeout='30']
      SELECT COUNT(*)
      FROM [Notifications] AS [n]
      WHERE ([n].[UserId] = @__userId_0 OR [n].[UserId] IS NULL) AND [n].[IsRead] = CAST(0 AS bit)
info: Microsoft.EntityFrameworkCore.Database.Command[20101]
      Executed DbCommand (1ms) [Parameters=[@__p_1='?' (DbType = Int32), @__userId_0='?' (DbType = Int32)], CommandType='Text', CommandTimeout='30']
      SELECT TOP(@__p_1) [n].[Id], [n].[CreatedBy], [n].[CreatedDate], [n].[EntityId], [n].[EntityType], [n].[IsDeleted], [n].[IsRead], [n].[Message], [n].[NotificationType], [n].[Title], [n].[UpdatedBy], [n].[UpdatedDate], [n].[UserId]
      FROM [Notifications] AS [n]
      WHERE [n].[UserId] = @__userId_0 OR [n].[UserId] IS NULL
      ORDER BY [n].[CreatedDate] DESC
info: Microsoft.EntityFrameworkCore.Database.Command[20101]
      Executed DbCommand (1ms) [Parameters=[], CommandType='Text', CommandTimeout='30']
      SELECT COUNT(*)
      FROM [Patients] AS [p]
      WHERE [p].[IsDeleted] = CAST(0 AS bit)
info: Microsoft.EntityFrameworkCore.Database.Command[20101]
      Executed DbCommand (0ms) [Parameters=[@__today_0='?' (DbType = DateTime2)], CommandType='Text', CommandTimeout='30']
      SELECT COUNT(*)
      FROM [Appointments] AS [a]
      WHERE [a].[IsDeleted] = CAST(0 AS bit) AND CONVERT(date, [a].[AppointmentDate]) = @__today_0
info: Microsoft.EntityFrameworkCore.Database.Command[20101]
      Executed DbCommand (2ms) [Parameters=[@__firstDayOfMonth_0='?' (DbType = DateTime2)], CommandType='Text', CommandTimeout='30']
      SELECT COALESCE(SUM([p].[Amount]), 0.0)
      FROM [Payments] AS [p]
      WHERE [p].[IsDeleted] = CAST(0 AS bit) AND [p].[PaymentDate] >= @__firstDayOfMonth_0
info: Microsoft.EntityFrameworkCore.Database.Command[20101]
      Executed DbCommand (1ms) [Parameters=[], CommandType='Text', CommandTimeout='30']
      SELECT COALESCE(SUM([p].[Amount]), 0.0)
      FROM [Payments] AS [p]
      WHERE [p].[IsDeleted] = CAST(0 AS bit)
info: Microsoft.EntityFrameworkCore.Database.Command[20101]
      Executed DbCommand (0ms) [Parameters=[], CommandType='Text', CommandTimeout='30']
      SELECT COUNT(*)
      FROM [Doctors] AS [d]
      WHERE [d].[IsDeleted] = CAST(0 AS bit)
info: Microsoft.EntityFrameworkCore.Database.Command[20101]
      Executed DbCommand (0ms) [Parameters=[], CommandType='Text', CommandTimeout='30']
      SELECT COUNT(*)
      FROM [Employees] AS [e]
      WHERE [e].[IsDeleted] = CAST(0 AS bit)
info: Microsoft.EntityFrameworkCore.Database.Command[20101]
      Executed DbCommand (0ms) [Parameters=[], CommandType='Text', CommandTimeout='30']
      SELECT COUNT(*)
      FROM [Invoices] AS [i]
      WHERE [i].[IsDeleted] = CAST(0 AS bit) AND [i].[Status] = 1
info: Microsoft.EntityFrameworkCore.Database.Command[20101]
      Executed DbCommand (1ms) [Parameters=[], CommandType='Text', CommandTimeout='30']
      SELECT COUNT(*)
      FROM [WarehouseStocks] AS [w]
      WHERE [w].[Quantity] <= [w].[ReorderLevel]
info: Microsoft.EntityFrameworkCore.Database.Command[20101]
      Executed DbCommand (1ms) [Parameters=[@__mStart_0='?' (DbType = DateTime2), @__mEnd_1='?' (DbType = DateTime2)], CommandType='Text', CommandTimeout='30']
      SELECT COALESCE(SUM([p].[Amount]), 0.0)
      FROM [Payments] AS [p]
      WHERE [p].[IsDeleted] = CAST(0 AS bit) AND [p].[PaymentDate] >= @__mStart_0 AND [p].[PaymentDate] < @__mEnd_1
info: Microsoft.EntityFrameworkCore.Database.Command[20101]
      Executed DbCommand (0ms) [Parameters=[@__mStart_0='?' (DbType = DateTime2), @__mEnd_1='?' (DbType = DateTime2)], CommandType='Text', CommandTimeout='30']
      SELECT COALESCE(SUM([e].[Amount]), 0.0)
      FROM [Expenses] AS [e]
      WHERE [e].[IsDeleted] = CAST(0 AS bit) AND [e].[ExpenseDate] >= @__mStart_0 AND [e].[ExpenseDate] < @__mEnd_1
info: Microsoft.EntityFrameworkCore.Database.Command[20101]
      Executed DbCommand (0ms) [Parameters=[@__mStart_0='?' (DbType = DateTime2), @__mEnd_1='?' (DbType = DateTime2)], CommandType='Text', CommandTimeout='30']
      SELECT COALESCE(SUM([p].[Amount]), 0.0)
      FROM [Payments] AS [p]
      WHERE [p].[IsDeleted] = CAST(0 AS bit) AND [p].[PaymentDate] >= @__mStart_0 AND [p].[PaymentDate] < @__mEnd_1
info: Microsoft.EntityFrameworkCore.Database.Command[20101]
      Executed DbCommand (1ms) [Parameters=[@__mStart_0='?' (DbType = DateTime2), @__mEnd_1='?' (DbType = DateTime2)], CommandType='Text', CommandTimeout='30']
      SELECT COALESCE(SUM([e].[Amount]), 0.0)
      FROM [Expenses] AS [e]
      WHERE [e].[IsDeleted] = CAST(0 AS bit) AND [e].[ExpenseDate] >= @__mStart_0 AND [e].[ExpenseDate] < @__mEnd_1
info: Microsoft.EntityFrameworkCore.Database.Command[20101]
      Executed DbCommand (1ms) [Parameters=[@__mStart_0='?' (DbType = DateTime2), @__mEnd_1='?' (DbType = DateTime2)], CommandType='Text', CommandTimeout='30']
      SELECT COALESCE(SUM([p].[Amount]), 0.0)
      FROM [Payments] AS [p]
      WHERE [p].[IsDeleted] = CAST(0 AS bit) AND [p].[PaymentDate] >= @__mStart_0 AND [p].[PaymentDate] < @__mEnd_1
info: Microsoft.EntityFrameworkCore.Database.Command[20101]
      Executed DbCommand (1ms) [Parameters=[@__mStart_0='?' (DbType = DateTime2), @__mEnd_1='?' (DbType = DateTime2)], CommandType='Text', CommandTimeout='30']
      SELECT COALESCE(SUM([e].[Amount]), 0.0)
      FROM [Expenses] AS [e]
      WHERE [e].[IsDeleted] = CAST(0 AS bit) AND [e].[ExpenseDate] >= @__mStart_0 AND [e].[ExpenseDate] < @__mEnd_1
info: Microsoft.EntityFrameworkCore.Database.Command[20101]
      Executed DbCommand (1ms) [Parameters=[@__mStart_0='?' (DbType = DateTime2), @__mEnd_1='?' (DbType = DateTime2)], CommandType='Text', CommandTimeout='30']
      SELECT COALESCE(SUM([p].[Amount]), 0.0)
      FROM [Payments] AS [p]
      WHERE [p].[IsDeleted] = CAST(0 AS bit) AND [p].[PaymentDate] >= @__mStart_0 AND [p].[PaymentDate] < @__mEnd_1
info: Microsoft.EntityFrameworkCore.Database.Command[20101]
      Executed DbCommand (0ms) [Parameters=[@__mStart_0='?' (DbType = DateTime2), @__mEnd_1='?' (DbType = DateTime2)], CommandType='Text', CommandTimeout='30']
      SELECT COALESCE(SUM([e].[Amount]), 0.0)
      FROM [Expenses] AS [e]
      WHERE [e].[IsDeleted] = CAST(0 AS bit) AND [e].[ExpenseDate] >= @__mStart_0 AND [e].[ExpenseDate] < @__mEnd_1
info: Microsoft.EntityFrameworkCore.Database.Command[20101]
      Executed DbCommand (0ms) [Parameters=[@__mStart_0='?' (DbType = DateTime2), @__mEnd_1='?' (DbType = DateTime2)], CommandType='Text', CommandTimeout='30']
      SELECT COALESCE(SUM([p].[Amount]), 0.0)
      FROM [Payments] AS [p]
      WHERE [p].[IsDeleted] = CAST(0 AS bit) AND [p].[PaymentDate] >= @__mStart_0 AND [p].[PaymentDate] < @__mEnd_1
info: Microsoft.EntityFrameworkCore.Database.Command[20101]
      Executed DbCommand (0ms) [Parameters=[@__mStart_0='?' (DbType = DateTime2), @__mEnd_1='?' (DbType = DateTime2)], CommandType='Text', CommandTimeout='30']
      SELECT COALESCE(SUM([e].[Amount]), 0.0)
      FROM [Expenses] AS [e]
      WHERE [e].[IsDeleted] = CAST(0 AS bit) AND [e].[ExpenseDate] >= @__mStart_0 AND [e].[ExpenseDate] < @__mEnd_1
info: Microsoft.EntityFrameworkCore.Database.Command[20101]
      Executed DbCommand (0ms) [Parameters=[@__mStart_0='?' (DbType = DateTime2), @__mEnd_1='?' (DbType = DateTime2)], CommandType='Text', CommandTimeout='30']
      SELECT COALESCE(SUM([p].[Amount]), 0.0)
      FROM [Payments] AS [p]
      WHERE [p].[IsDeleted] = CAST(0 AS bit) AND [p].[PaymentDate] >= @__mStart_0 AND [p].[PaymentDate] < @__mEnd_1
info: Microsoft.EntityFrameworkCore.Database.Command[20101]
      Executed DbCommand (0ms) [Parameters=[@__mStart_0='?' (DbType = DateTime2), @__mEnd_1='?' (DbType = DateTime2)], CommandType='Text', CommandTimeout='30']
      SELECT COALESCE(SUM([e].[Amount]), 0.0)
      FROM [Expenses] AS [e]
      WHERE [e].[IsDeleted] = CAST(0 AS bit) AND [e].[ExpenseDate] >= @__mStart_0 AND [e].[ExpenseDate] < @__mEnd_1
info: Microsoft.EntityFrameworkCore.Database.Command[20101]
      Executed DbCommand (3ms) [Parameters=[@__p_0='?' (DbType = Int32)], CommandType='Text', CommandTimeout='30']
      SELECT TOP(@__p_0) [p].[FullName], [p].[CreatedDate]
      FROM [Patients] AS [p]
      WHERE [p].[IsDeleted] = CAST(0 AS bit)
      ORDER BY [p].[CreatedDate] DESC
warn: Microsoft.EntityFrameworkCore.Query[20504]
      Compiling a query which loads related collections for more than one collection navigation, either via 'Include' or through projection, but no 'QuerySplittingBehavior' has been configured. By default, Entity Framework will use 'QuerySplittingBehavior.SingleQuery', which can potentially result in slow query performance. See https://go.microsoft.com/fwlink/?linkid=2134277 for more information. To identify the query that's triggering this warning call 'ConfigureWarnings(w => w.Throw(RelationalEventId.MultipleCollectionIncludeWarning))'.
info: Microsoft.EntityFrameworkCore.Database.Command[20101]
      Executed DbCommand (6ms) [Parameters=[], CommandType='Text', CommandTimeout='30']
      SELECT [w].[Id], [w].[CreatedBy], [w].[CreatedDate], [w].[Description], [w].[FloorNumber], [w].[IsActive], [w].[IsDeleted], [w].[UpdatedBy], [w].[UpdatedDate], [w].[WardCode], [w].[WardName], [w].[WardNameAr], [w].[WardType], [t0].[Id], [t0].[Capacity], [t0].[CreatedBy], [t0].[CreatedDate], [t0].[IsActive], [t0].[IsDeleted], [t0].[Notes], [t0].[RoomNumber], [t0].[RoomType], [t0].[UpdatedBy], [t0].[UpdatedDate], [t0].[WardId], [t0].[Id0], [t0].[BedNumber], [t0].[CreatedBy0], [t0].[CreatedDate0], [t0].[IsDeleted0], [t0].[RoomId], [t0].[Status], [t0].[UpdatedBy0], [t0].[UpdatedDate0]
      FROM [Wards] AS [w]
      LEFT JOIN (
          SELECT [r].[Id], [r].[Capacity], [r].[CreatedBy], [r].[CreatedDate], [r].[IsActive], [r].[IsDeleted], [r].[Notes], [r].[RoomNumber], [r].[RoomType], [r].[UpdatedBy], [r].[UpdatedDate], [r].[WardId], [t].[Id] AS [Id0], [t].[BedNumber], [t].[CreatedBy] AS [CreatedBy0], [t].[CreatedDate] AS [CreatedDate0], [t].[IsDeleted] AS [IsDeleted0], [t].[RoomId], [t].[Status], [t].[UpdatedBy] AS [UpdatedBy0], [t].[UpdatedDate] AS [UpdatedDate0]
          FROM [Rooms] AS [r]
          LEFT JOIN (
              SELECT [b].[Id], [b].[BedNumber], [b].[CreatedBy], [b].[CreatedDate], [b].[IsDeleted], [b].[RoomId], [b].[Status], [b].[UpdatedBy], [b].[UpdatedDate]
              FROM [Beds] AS [b]
              WHERE [b].[IsDeleted] = CAST(0 AS bit)
          ) AS [t] ON [r].[Id] = [t].[RoomId]
          WHERE [r].[IsDeleted] = CAST(0 AS bit)
      ) AS [t0] ON [w].[Id] = [t0].[WardId]
      WHERE [w].[IsDeleted] = CAST(0 AS bit)
      ORDER BY [w].[Id], [t0].[Id]
info: Microsoft.EntityFrameworkCore.Database.Command[20101]
      Executed DbCommand (2ms) [Parameters=[], CommandType='Text', CommandTimeout='30']
      SELECT [b].[Id], [b].[AdmissionDate], [b].[AdmissionReason], [b].[AdmissionType], [b].[BedId], [b].[CreatedBy], [b].[CreatedDate], [b].[DailyRate], [b].[DischargeDate], [b].[DischargeNotes], [b].[DischargeReason], [b].[DoctorId], [b].[EmergencyAdmissionId], [b].[IsDeleted], [b].[Notes], [b].[PatientId], [b].[Status], [b].[UpdatedBy], [b].[UpdatedDate]
      FROM [BedAdmissions] AS [b]
      WHERE [b].[IsDeleted] = CAST(0 AS bit) AND [b].[DischargeDate] IS NOT NULL
info: Microsoft.EntityFrameworkCore.Database.Command[20101]
      Executed DbCommand (1ms) [Parameters=[], CommandType='Text', CommandTimeout='30']
      SELECT COUNT(*)
      FROM (
          SELECT [b].[PatientId]
          FROM [BedAdmissions] AS [b]
          WHERE [b].[IsDeleted] = CAST(0 AS bit)
          GROUP BY [b].[PatientId]
          HAVING COUNT(*) > 1
      ) AS [t]
info: Microsoft.EntityFrameworkCore.Database.Command[20101]
      Executed DbCommand (1ms) [Parameters=[], CommandType='Text', CommandTimeout='30']
      SELECT COUNT(*)
      FROM (
          SELECT DISTINCT [b].[PatientId]
          FROM [BedAdmissions] AS [b]
          WHERE [b].[IsDeleted] = CAST(0 AS bit)
      ) AS [t]
info: Microsoft.EntityFrameworkCore.Database.Command[20101]
      Executed DbCommand (0ms) [Parameters=[@__userId_0='?' (DbType = Int32)], CommandType='Text', CommandTimeout='30']
      SELECT COUNT(*)
      FROM [Notifications] AS [n]
      WHERE ([n].[UserId] = @__userId_0 OR [n].[UserId] IS NULL) AND [n].[IsRead] = CAST(0 AS bit)
info: Microsoft.EntityFrameworkCore.Database.Command[20101]
      Executed DbCommand (1ms) [Parameters=[@__p_1='?' (DbType = Int32), @__userId_0='?' (DbType = Int32)], CommandType='Text', CommandTimeout='30']
      SELECT TOP(@__p_1) [n].[Id], [n].[CreatedBy], [n].[CreatedDate], [n].[EntityId], [n].[EntityType], [n].[IsDeleted], [n].[IsRead], [n].[Message], [n].[NotificationType], [n].[Title], [n].[UpdatedBy], [n].[UpdatedDate], [n].[UserId]
      FROM [Notifications] AS [n]
      WHERE [n].[UserId] = @__userId_0 OR [n].[UserId] IS NULL
      ORDER BY [n].[CreatedDate] DESC
info: Microsoft.EntityFrameworkCore.Database.Command[20101]
      Executed DbCommand (1ms) [Parameters=[], CommandType='Text', CommandTimeout='30']
      SELECT COUNT(*)
      FROM [Employees] AS [e]
      WHERE [e].[IsDeleted] = CAST(0 AS bit)
info: Microsoft.EntityFrameworkCore.Database.Command[20101]
      Executed DbCommand (3ms) [Parameters=[@__p_0='?' (DbType = Int32), @__p_1='?' (DbType = Int32)], CommandType='Text', CommandTimeout='30']
      SELECT [e].[Id], [e].[Allowances], [e].[BasicSalary], [e].[CreatedBy], [e].[CreatedDate], [e].[Deductions], [e].[Department], [e].[Email], [e].[EmployeeCode], [e].[FullName], [e].[HireDate], [e].[IsActive], [e].[IsDeleted], [e].[NationalId], [e].[PhoneNumber], [e].[Position], [e].[UpdatedBy], [e].[UpdatedDate]
      FROM [Employees] AS [e]
      WHERE [e].[IsDeleted] = CAST(0 AS bit)
      ORDER BY [e].[FullName]
      OFFSET @__p_0 ROWS FETCH NEXT @__p_1 ROWS ONLY
info: Microsoft.EntityFrameworkCore.Database.Command[20101]
      Executed DbCommand (2ms) [Parameters=[], CommandType='Text', CommandTimeout='30']
      SELECT [w].[Id], [w].[ShiftName], [w].[StartTime], [w].[EndTime], [w].[ColorCode], [w].[IsActive]
      FROM [WorkShifts] AS [w]
      WHERE [w].[IsActive] = CAST(1 AS bit)
info: Microsoft.EntityFrameworkCore.Database.Command[20101]
      Executed DbCommand (4ms) [Parameters=[@__start_0='?' (DbType = DateTime2), @__end_1='?' (DbType = DateTime2)], CommandType='Text', CommandTimeout='30']
      SELECT [e].[Id], [e].[EmployeeId], [t].[FullName], [e].[WorkShiftId], [w].[ShiftName], [e].[Date], [e].[Status], [w].[ColorCode]
      FROM [EmployeeRosters] AS [e]
      INNER JOIN (
          SELECT [e0].[Id], [e0].[FullName]
          FROM [Employees] AS [e0]
          WHERE [e0].[IsDeleted] = CAST(0 AS bit)
      ) AS [t] ON [e].[EmployeeId] = [t].[Id]
      INNER JOIN [WorkShifts] AS [w] ON [e].[WorkShiftId] = [w].[Id]
      WHERE [e].[Date] >= @__start_0 AND [e].[Date] <= @__end_1
info: Microsoft.EntityFrameworkCore.Database.Command[20101]
      Executed DbCommand (1ms) [Parameters=[@__userId_0='?' (DbType = Int32)], CommandType='Text', CommandTimeout='30']
      SELECT COUNT(*)
      FROM [Notifications] AS [n]
      WHERE ([n].[UserId] = @__userId_0 OR [n].[UserId] IS NULL) AND [n].[IsRead] = CAST(0 AS bit)
info: Microsoft.EntityFrameworkCore.Database.Command[20101]
      Executed DbCommand (1ms) [Parameters=[@__p_1='?' (DbType = Int32), @__userId_0='?' (DbType = Int32)], CommandType='Text', CommandTimeout='30']
      SELECT TOP(@__p_1) [n].[Id], [n].[CreatedBy], [n].[CreatedDate], [n].[EntityId], [n].[EntityType], [n].[IsDeleted], [n].[IsRead], [n].[Message], [n].[NotificationType], [n].[Title], [n].[UpdatedBy], [n].[UpdatedDate], [n].[UserId]
      FROM [Notifications] AS [n]
      WHERE [n].[UserId] = @__userId_0 OR [n].[UserId] IS NULL
      ORDER BY [n].[CreatedDate] DESC
info: Microsoft.EntityFrameworkCore.Database.Command[20101]
      Executed DbCommand (2ms) [Parameters=[], CommandType='Text', CommandTimeout='30']
      SELECT COUNT(*)
      FROM [LeaveRequests] AS [l]
info: Microsoft.EntityFrameworkCore.Database.Command[20101]
      Executed DbCommand (4ms) [Parameters=[@__p_0='?' (DbType = Int32), @__p_1='?' (DbType = Int32)], CommandType='Text', CommandTimeout='30']
      SELECT [t].[Id], [t].[EmployeeId], [t0].[FullName], [t].[LeaveType], [t].[StartDate], [t].[EndDate], [t].[TotalDays], [t].[Reason], [t].[Status], [t].[Comments]
      FROM (
          SELECT [l].[Id], [l].[Comments], [l].[CreatedDate], [l].[EmployeeId], [l].[EndDate], [l].[LeaveType], [l].[Reason], [l].[StartDate], [l].[Status], [l].[TotalDays]
          FROM [LeaveRequests] AS [l]
          ORDER BY [l].[CreatedDate] DESC
          OFFSET @__p_0 ROWS FETCH NEXT @__p_1 ROWS ONLY
      ) AS [t]
      INNER JOIN (
          SELECT [e].[Id], [e].[FullName]
          FROM [Employees] AS [e]
          WHERE [e].[IsDeleted] = CAST(0 AS bit)
      ) AS [t0] ON [t].[EmployeeId] = [t0].[Id]
      ORDER BY [t].[CreatedDate] DESC
info: Microsoft.EntityFrameworkCore.Database.Command[20101]
      Executed DbCommand (3ms) [Parameters=[@__userId_0='?' (DbType = Int32)], CommandType='Text', CommandTimeout='30']
      SELECT COUNT(*)
      FROM [Notifications] AS [n]
      WHERE ([n].[UserId] = @__userId_0 OR [n].[UserId] IS NULL) AND [n].[IsRead] = CAST(0 AS bit)
info: Microsoft.EntityFrameworkCore.Database.Command[20101]
      Executed DbCommand (3ms) [Parameters=[@__p_1='?' (DbType = Int32), @__userId_0='?' (DbType = Int32)], CommandType='Text', CommandTimeout='30']
      SELECT TOP(@__p_1) [n].[Id], [n].[CreatedBy], [n].[CreatedDate], [n].[EntityId], [n].[EntityType], [n].[IsDeleted], [n].[IsRead], [n].[Message], [n].[NotificationType], [n].[Title], [n].[UpdatedBy], [n].[UpdatedDate], [n].[UserId]
      FROM [Notifications] AS [n]
      WHERE [n].[UserId] = @__userId_0 OR [n].[UserId] IS NULL
      ORDER BY [n].[CreatedDate] DESC
info: Microsoft.EntityFrameworkCore.Database.Command[20101]
      Executed DbCommand (2ms) [Parameters=[], CommandType='Text', CommandTimeout='30']
      SELECT COUNT(*)
      FROM [InsuranceClaims] AS [i]
      WHERE [i].[IsDeleted] = CAST(0 AS bit)
info: Microsoft.EntityFrameworkCore.Database.Command[20101]
      Executed DbCommand (5ms) [Parameters=[], CommandType='Text', CommandTimeout='30']
      SELECT [i].[Id], [i].[Address], [i].[ContactPerson], [i].[CreatedBy], [i].[CreatedDate], [i].[Email], [i].[IsActive], [i].[IsDeleted], [i].[Name], [i].[PhoneNumber], [i].[TPA], [i].[UpdatedBy], [i].[UpdatedDate], [t].[Id], [t].[CoPayAmount], [t].[CoveragePercentage], [t].[CreatedBy], [t].[CreatedDate], [t].[Exclusions], [t].[InsuranceProviderId], [t].[IsActive], [t].[IsDeleted], [t].[MaxLimit], [t].[PlanCode], [t].[PlanName], [t].[RequiresPreAuth], [t].[UpdatedBy], [t].[UpdatedDate]
      FROM [InsuranceProviders] AS [i]
      LEFT JOIN (
          SELECT [i0].[Id], [i0].[CoPayAmount], [i0].[CoveragePercentage], [i0].[CreatedBy], [i0].[CreatedDate], [i0].[Exclusions], [i0].[InsuranceProviderId], [i0].[IsActive], [i0].[IsDeleted], [i0].[MaxLimit], [i0].[PlanCode], [i0].[PlanName], [i0].[RequiresPreAuth], [i0].[UpdatedBy], [i0].[UpdatedDate]
          FROM [InsurancePlans] AS [i0]
          WHERE [i0].[IsDeleted] = CAST(0 AS bit)
      ) AS [t] ON [i].[Id] = [t].[InsuranceProviderId]
      WHERE [i].[IsDeleted] = CAST(0 AS bit)
      ORDER BY [i].[Id]
info: Microsoft.EntityFrameworkCore.Database.Command[20101]
      Executed DbCommand (6ms) [Parameters=[@__p_0='?' (DbType = Int32), @__p_1='?' (DbType = Int32)], CommandType='Text', CommandTimeout='30']
      SELECT [t].[Id], [t].[ApprovedAmount], [t].[AuthCode], [t].[ClaimAmount], [t].[ClaimNumber], [t].[CreatedBy], [t].[CreatedDate], [t].[InsuranceProviderId], [t].[InvoiceId], [t].[IsDeleted], [t].[PatientId], [t].[RejectionReason], [t].[Status], [t].[StatusDate], [t].[SubmissionDate], [t].[UpdatedBy], [t].[UpdatedDate], [t0].[Id], [t0].[CreatedBy], [t0].[CreatedDate], [t0].[CustomerId], [t0].[DiscountAmount], [t0].[DueDate], [t0].[InsuranceShare], [t0].[InvoiceDate], [t0].[InvoiceNumber], [t0].[InvoiceType], [t0].[IsDeleted], [t0].[Notes], [t0].[PaidAmount], [t0].[PatientId], [t0].[PatientShare], [t0].[Status], [t0].[SubTotal], [t0].[TaxAmount], [t0].[TotalAmount], [t0].[UpdatedBy], [t0].[UpdatedDate], [t1].[Id], [t1].[Address], [t1].[Allergies], [t1].[BloodType], [t1].[CreatedBy], [t1].[CreatedDate], [t1].[DateOfBirth], [t1].[Email], [t1].[EmergencyContact], [t1].[EmergencyPhone], [t1].[FullName], [t1].[Gender], [t1].[InsuranceBalance], [t1].[InsuranceCoverageType], [t1].[InsurancePlanId], [t1].[InsurancePolicyNumber], [t1].[InsuranceProviderId], [t1].[InsuranceProviderNameManual], [t1].[IsActive], [t1].[IsDeleted], [t1].[MedicalHistory], [t1].[NationalId], [t1].[PatientCode], [t1].[PhoneNumber], [t1].[UpdatedBy], [t1].[UpdatedDate], [t2].[Id], [t2].[Address], [t2].[ContactPerson], [t2].[CreatedBy], [t2].[CreatedDate], [t2].[Email], [t2].[IsActive], [t2].[IsDeleted], [t2].[Name], [t2].[PhoneNumber], [t2].[TPA], [t2].[UpdatedBy], [t2].[UpdatedDate]
      FROM (
          SELECT [i].[Id], [i].[ApprovedAmount], [i].[AuthCode], [i].[ClaimAmount], [i].[ClaimNumber], [i].[CreatedBy], [i].[CreatedDate], [i].[InsuranceProviderId], [i].[InvoiceId], [i].[IsDeleted], [i].[PatientId], [i].[RejectionReason], [i].[Status], [i].[StatusDate], [i].[SubmissionDate], [i].[UpdatedBy], [i].[UpdatedDate]
          FROM [InsuranceClaims] AS [i]
          WHERE [i].[IsDeleted] = CAST(0 AS bit)
          ORDER BY [i].[CreatedDate] DESC
          OFFSET @__p_0 ROWS FETCH NEXT @__p_1 ROWS ONLY
      ) AS [t]
      INNER JOIN (
          SELECT [i0].[Id], [i0].[CreatedBy], [i0].[CreatedDate], [i0].[CustomerId], [i0].[DiscountAmount], [i0].[DueDate], [i0].[InsuranceShare], [i0].[InvoiceDate], [i0].[InvoiceNumber], [i0].[InvoiceType], [i0].[IsDeleted], [i0].[Notes], [i0].[PaidAmount], [i0].[PatientId], [i0].[PatientShare], [i0].[Status], [i0].[SubTotal], [i0].[TaxAmount], [i0].[TotalAmount], [i0].[UpdatedBy], [i0].[UpdatedDate]
          FROM [Invoices] AS [i0]
          WHERE [i0].[IsDeleted] = CAST(0 AS bit)
      ) AS [t0] ON [t].[InvoiceId] = [t0].[Id]
      INNER JOIN (
          SELECT [p].[Id], [p].[Address], [p].[Allergies], [p].[BloodType], [p].[CreatedBy], [p].[CreatedDate], [p].[DateOfBirth], [p].[Email], [p].[EmergencyContact], [p].[EmergencyPhone], [p].[FullName], [p].[Gender], [p].[InsuranceBalance], [p].[InsuranceCoverageType], [p].[InsurancePlanId], [p].[InsurancePolicyNumber], [p].[InsuranceProviderId], [p].[InsuranceProviderNameManual], [p].[IsActive], [p].[IsDeleted], [p].[MedicalHistory], [p].[NationalId], [p].[PatientCode], [p].[PhoneNumber], [p].[UpdatedBy], [p].[UpdatedDate]
          FROM [Patients] AS [p]
          WHERE [p].[IsDeleted] = CAST(0 AS bit)
      ) AS [t1] ON [t].[PatientId] = [t1].[Id]
      INNER JOIN (
          SELECT [i1].[Id], [i1].[Address], [i1].[ContactPerson], [i1].[CreatedBy], [i1].[CreatedDate], [i1].[Email], [i1].[IsActive], [i1].[IsDeleted], [i1].[Name], [i1].[PhoneNumber], [i1].[TPA], [i1].[UpdatedBy], [i1].[UpdatedDate]
          FROM [InsuranceProviders] AS [i1]
          WHERE [i1].[IsDeleted] = CAST(0 AS bit)
      ) AS [t2] ON [t].[InsuranceProviderId] = [t2].[Id]
      ORDER BY [t].[CreatedDate] DESC
info: Microsoft.EntityFrameworkCore.Database.Command[20101]
      Executed DbCommand (1ms) [Parameters=[@__p_1='?' (DbType = Int32), @__userId_0='?' (DbType = Int32)], CommandType='Text', CommandTimeout='30']
      SELECT TOP(@__p_1) [n].[Id], [n].[CreatedBy], [n].[CreatedDate], [n].[EntityId], [n].[EntityType], [n].[IsDeleted], [n].[IsRead], [n].[Message], [n].[NotificationType], [n].[Title], [n].[UpdatedBy], [n].[UpdatedDate], [n].[UserId]
      FROM [Notifications] AS [n]
      WHERE [n].[UserId] = @__userId_0 OR [n].[UserId] IS NULL
      ORDER BY [n].[CreatedDate] DESC
info: Microsoft.EntityFrameworkCore.Database.Command[20101]
      Executed DbCommand (1ms) [Parameters=[@__userId_0='?' (DbType = Int32)], CommandType='Text', CommandTimeout='30']
      SELECT COUNT(*)
      FROM [Notifications] AS [n]
      WHERE ([n].[UserId] = @__userId_0 OR [n].[UserId] IS NULL) AND [n].[IsRead] = CAST(0 AS bit)
info: Microsoft.EntityFrameworkCore.Database.Command[20101]
      Executed DbCommand (2ms) [Parameters=[], CommandType='Text', CommandTimeout='30']
      SELECT COUNT(*)
      FROM [Invoices] AS [i]
      WHERE [i].[IsDeleted] = CAST(0 AS bit)
info: Microsoft.EntityFrameworkCore.Database.Command[20101]
      Executed DbCommand (2ms) [Parameters=[], CommandType='Text', CommandTimeout='30']
      SELECT COUNT(*)
      FROM [Patients] AS [p]
      WHERE [p].[IsDeleted] = CAST(0 AS bit)
info: Microsoft.EntityFrameworkCore.Database.Command[20101]
      Executed DbCommand (10ms) [Parameters=[@__p_0='?' (DbType = Int32), @__p_1='?' (DbType = Int32)], CommandType='Text', CommandTimeout='30']
      SELECT [t].[Id], [t].[Address], [t].[Allergies], [t].[BloodType], [t].[CreatedBy], [t].[CreatedDate], [t].[DateOfBirth], [t].[Email], [t].[EmergencyContact], [t].[EmergencyPhone], [t].[FullName], [t].[Gender], [t].[InsuranceBalance], [t].[InsuranceCoverageType], [t].[InsurancePlanId], [t].[InsurancePolicyNumber], [t].[InsuranceProviderId], [t].[InsuranceProviderNameManual], [t].[IsActive], [t].[IsDeleted], [t].[MedicalHistory], [t].[NationalId], [t].[PatientCode], [t].[PhoneNumber], [t].[UpdatedBy], [t].[UpdatedDate], [t0].[Id], [t0].[Address], [t0].[ContactPerson], [t0].[CreatedBy], [t0].[CreatedDate], [t0].[Email], [t0].[IsActive], [t0].[IsDeleted], [t0].[Name], [t0].[PhoneNumber], [t0].[TPA], [t0].[UpdatedBy], [t0].[UpdatedDate], [t1].[Id], [t1].[CoPayAmount], [t1].[CoveragePercentage], [t1].[CreatedBy], [t1].[CreatedDate], [t1].[Exclusions], [t1].[InsuranceProviderId], [t1].[IsActive], [t1].[IsDeleted], [t1].[MaxLimit], [t1].[PlanCode], [t1].[PlanName], [t1].[RequiresPreAuth], [t1].[UpdatedBy], [t1].[UpdatedDate]
      FROM (
          SELECT [p].[Id], [p].[Address], [p].[Allergies], [p].[BloodType], [p].[CreatedBy], [p].[CreatedDate], [p].[DateOfBirth], [p].[Email], [p].[EmergencyContact], [p].[EmergencyPhone], [p].[FullName], [p].[Gender], [p].[InsuranceBalance], [p].[InsuranceCoverageType], [p].[InsurancePlanId], [p].[InsurancePolicyNumber], [p].[InsuranceProviderId], [p].[InsuranceProviderNameManual], [p].[IsActive], [p].[IsDeleted], [p].[MedicalHistory], [p].[NationalId], [p].[PatientCode], [p].[PhoneNumber], [p].[UpdatedBy], [p].[UpdatedDate]
          FROM [Patients] AS [p]
          WHERE [p].[IsDeleted] = CAST(0 AS bit)
          ORDER BY [p].[CreatedDate] DESC
          OFFSET @__p_0 ROWS FETCH NEXT @__p_1 ROWS ONLY
      ) AS [t]
      LEFT JOIN (
          SELECT [i].[Id], [i].[Address], [i].[ContactPerson], [i].[CreatedBy], [i].[CreatedDate], [i].[Email], [i].[IsActive], [i].[IsDeleted], [i].[Name], [i].[PhoneNumber], [i].[TPA], [i].[UpdatedBy], [i].[UpdatedDate]
          FROM [InsuranceProviders] AS [i]
          WHERE [i].[IsDeleted] = CAST(0 AS bit)
      ) AS [t0] ON [t].[InsuranceProviderId] = [t0].[Id]
      LEFT JOIN (
          SELECT [i0].[Id], [i0].[CoPayAmount], [i0].[CoveragePercentage], [i0].[CreatedBy], [i0].[CreatedDate], [i0].[Exclusions], [i0].[InsuranceProviderId], [i0].[IsActive], [i0].[IsDeleted], [i0].[MaxLimit], [i0].[PlanCode], [i0].[PlanName], [i0].[RequiresPreAuth], [i0].[UpdatedBy], [i0].[UpdatedDate]
          FROM [InsurancePlans] AS [i0]
          WHERE [i0].[IsDeleted] = CAST(0 AS bit)
      ) AS [t1] ON [t].[InsurancePlanId] = [t1].[Id]
      ORDER BY [t].[CreatedDate] DESC
info: Microsoft.EntityFrameworkCore.Database.Command[20101]
      Executed DbCommand (21ms) [Parameters=[@__p_0='?' (DbType = Int32), @__p_1='?' (DbType = Int32)], CommandType='Text', CommandTimeout='30']
      SELECT [t].[Id], [t].[CreatedBy], [t].[CreatedDate], [t].[CustomerId], [t].[DiscountAmount], [t].[DueDate], [t].[InsuranceShare], [t].[InvoiceDate], [t].[InvoiceNumber], [t].[InvoiceType], [t].[IsDeleted], [t].[Notes], [t].[PaidAmount], [t].[PatientId], [t].[PatientShare], [t].[Status], [t].[SubTotal], [t].[TaxAmount], [t].[TotalAmount], [t].[UpdatedBy], [t].[UpdatedDate], [t0].[Id], [t0].[Address], [t0].[Allergies], [t0].[BloodType], [t0].[CreatedBy], [t0].[CreatedDate], [t0].[DateOfBirth], [t0].[Email], [t0].[EmergencyContact], [t0].[EmergencyPhone], [t0].[FullName], [t0].[Gender], [t0].[InsuranceBalance], [t0].[InsuranceCoverageType], [t0].[InsurancePlanId], [t0].[InsurancePolicyNumber], [t0].[InsuranceProviderId], [t0].[InsuranceProviderNameManual], [t0].[IsActive], [t0].[IsDeleted], [t0].[MedicalHistory], [t0].[NationalId], [t0].[PatientCode], [t0].[PhoneNumber], [t0].[UpdatedBy], [t0].[UpdatedDate], [t1].[Id], [t1].[Address], [t1].[Balance], [t1].[ContactPerson], [t1].[CreatedBy], [t1].[CreatedDate], [t1].[CustomerCode], [t1].[CustomerName], [t1].[Email], [t1].[IsActive], [t1].[IsDeleted], [t1].[PhoneNumber], [t1].[TaxNumber], [t1].[UpdatedBy], [t1].[UpdatedDate], [t2].[Id], [t2].[CreatedBy], [t2].[CreatedDate], [t2].[Description], [t2].[Discount], [t2].[InvoiceId], [t2].[IsDeleted], [t2].[ItemId], [t2].[Quantity], [t2].[TaxRate], [t2].[Total], [t2].[UnitPrice], [t2].[UpdatedBy], [t2].[UpdatedDate], [t2].[Id0], [t2].[Barcode], [t2].[Category], [t2].[CreatedBy0], [t2].[CreatedDate0], [t2].[Description0], [t2].[DosageForm], [t2].[GenericName], [t2].[IsActive], [t2].[IsDeleted0], [t2].[IsNarcotic], [t2].[ItemCode], [t2].[ItemName], [t2].[ItemNameAr], [t2].[PurchasePrice], [t2].[RequiresRefrigeration], [t2].[SalePrice], [t2].[Strength], [t2].[TaxRate0], [t2].[TrackBatches], [t2].[Unit], [t2].[UpdatedBy0], [t2].[UpdatedDate0]
      FROM (
          SELECT [i].[Id], [i].[CreatedBy], [i].[CreatedDate], [i].[CustomerId], [i].[DiscountAmount], [i].[DueDate], [i].[InsuranceShare], [i].[InvoiceDate], [i].[InvoiceNumber], [i].[InvoiceType], [i].[IsDeleted], [i].[Notes], [i].[PaidAmount], [i].[PatientId], [i].[PatientShare], [i].[Status], [i].[SubTotal], [i].[TaxAmount], [i].[TotalAmount], [i].[UpdatedBy], [i].[UpdatedDate]
          FROM [Invoices] AS [i]
          WHERE [i].[IsDeleted] = CAST(0 AS bit)
          ORDER BY [i].[InvoiceDate] DESC
          OFFSET @__p_0 ROWS FETCH NEXT @__p_1 ROWS ONLY
      ) AS [t]
      LEFT JOIN (
          SELECT [p].[Id], [p].[Address], [p].[Allergies], [p].[BloodType], [p].[CreatedBy], [p].[CreatedDate], [p].[DateOfBirth], [p].[Email], [p].[EmergencyContact], [p].[EmergencyPhone], [p].[FullName], [p].[Gender], [p].[InsuranceBalance], [p].[InsuranceCoverageType], [p].[InsurancePlanId], [p].[InsurancePolicyNumber], [p].[InsuranceProviderId], [p].[InsuranceProviderNameManual], [p].[IsActive], [p].[IsDeleted], [p].[MedicalHistory], [p].[NationalId], [p].[PatientCode], [p].[PhoneNumber], [p].[UpdatedBy], [p].[UpdatedDate]
          FROM [Patients] AS [p]
          WHERE [p].[IsDeleted] = CAST(0 AS bit)
      ) AS [t0] ON [t].[PatientId] = [t0].[Id]
      LEFT JOIN (
          SELECT [c].[Id], [c].[Address], [c].[Balance], [c].[ContactPerson], [c].[CreatedBy], [c].[CreatedDate], [c].[CustomerCode], [c].[CustomerName], [c].[Email], [c].[IsActive], [c].[IsDeleted], [c].[PhoneNumber], [c].[TaxNumber], [c].[UpdatedBy], [c].[UpdatedDate]
          FROM [Customers] AS [c]
          WHERE [c].[IsDeleted] = CAST(0 AS bit)
      ) AS [t1] ON [t].[CustomerId] = [t1].[Id]
      LEFT JOIN (
          SELECT [i0].[Id], [i0].[CreatedBy], [i0].[CreatedDate], [i0].[Description], [i0].[Discount], [i0].[InvoiceId], [i0].[IsDeleted], [i0].[ItemId], [i0].[Quantity], [i0].[TaxRate], [i0].[Total], [i0].[UnitPrice], [i0].[UpdatedBy], [i0].[UpdatedDate], [t3].[Id] AS [Id0], [t3].[Barcode], [t3].[Category], [t3].[CreatedBy] AS [CreatedBy0], [t3].[CreatedDate] AS [CreatedDate0], [t3].[Description] AS [Description0], [t3].[DosageForm], [t3].[GenericName], [t3].[IsActive], [t3].[IsDeleted] AS [IsDeleted0], [t3].[IsNarcotic], [t3].[ItemCode], [t3].[ItemName], [t3].[ItemNameAr], [t3].[PurchasePrice], [t3].[RequiresRefrigeration], [t3].[SalePrice], [t3].[Strength], [t3].[TaxRate] AS [TaxRate0], [t3].[TrackBatches], [t3].[Unit], [t3].[UpdatedBy] AS [UpdatedBy0], [t3].[UpdatedDate] AS [UpdatedDate0]
          FROM [InvoiceItems] AS [i0]
          LEFT JOIN (
              SELECT [i1].[Id], [i1].[Barcode], [i1].[Category], [i1].[CreatedBy], [i1].[CreatedDate], [i1].[Description], [i1].[DosageForm], [i1].[GenericName], [i1].[IsActive], [i1].[IsDeleted], [i1].[IsNarcotic], [i1].[ItemCode], [i1].[ItemName], [i1].[ItemNameAr], [i1].[PurchasePrice], [i1].[RequiresRefrigeration], [i1].[SalePrice], [i1].[Strength], [i1].[TaxRate], [i1].[TrackBatches], [i1].[Unit], [i1].[UpdatedBy], [i1].[UpdatedDate]
              FROM [Items] AS [i1]
              WHERE [i1].[IsDeleted] = CAST(0 AS bit)
          ) AS [t3] ON [i0].[ItemId] = [t3].[Id]
      ) AS [t2] ON [t].[Id] = [t2].[InvoiceId]
      ORDER BY [t].[InvoiceDate] DESC, [t].[Id], [t0].[Id], [t1].[Id], [t2].[Id]
info: Microsoft.EntityFrameworkCore.Database.Command[20101]
      Executed DbCommand (1ms) [Parameters=[], CommandType='Text', CommandTimeout='30']
      SELECT COUNT(*)
      FROM [Items] AS [i]
      WHERE [i].[IsDeleted] = CAST(0 AS bit)
info: Microsoft.EntityFrameworkCore.Database.Command[20101]
      Executed DbCommand (1ms) [Parameters=[], CommandType='Text', CommandTimeout='30']
      SELECT COUNT(*)
      FROM [Customers] AS [c]
      WHERE [c].[IsDeleted] = CAST(0 AS bit)
info: Microsoft.EntityFrameworkCore.Database.Command[20101]
      Executed DbCommand (1ms) [Parameters=[@__p_0='?' (DbType = Int32), @__p_1='?' (DbType = Int32)], CommandType='Text', CommandTimeout='30']
      SELECT [c].[Id], [c].[Address], [c].[Balance], [c].[ContactPerson], [c].[CreatedBy], [c].[CreatedDate], [c].[CustomerCode], [c].[CustomerName], [c].[Email], [c].[IsActive], [c].[IsDeleted], [c].[PhoneNumber], [c].[TaxNumber], [c].[UpdatedBy], [c].[UpdatedDate]
      FROM [Customers] AS [c]
      WHERE [c].[IsDeleted] = CAST(0 AS bit)
      ORDER BY [c].[CustomerName]
      OFFSET @__p_0 ROWS FETCH NEXT @__p_1 ROWS ONLY
info: Microsoft.EntityFrameworkCore.Database.Command[20101]
      Executed DbCommand (1ms) [Parameters=[@__p_0='?' (DbType = Int32), @__p_1='?' (DbType = Int32)], CommandType='Text', CommandTimeout='30']
      SELECT [i].[Id], [i].[Barcode], [i].[Category], [i].[CreatedBy], [i].[CreatedDate], [i].[Description], [i].[DosageForm], [i].[GenericName], [i].[IsActive], [i].[IsDeleted], [i].[IsNarcotic], [i].[ItemCode], [i].[ItemName], [i].[ItemNameAr], [i].[PurchasePrice], [i].[RequiresRefrigeration], [i].[SalePrice], [i].[Strength], [i].[TaxRate], [i].[TrackBatches], [i].[Unit], [i].[UpdatedBy], [i].[UpdatedDate]
      FROM [Items] AS [i]
      WHERE [i].[IsDeleted] = CAST(0 AS bit)
      ORDER BY [i].[ItemName]
      OFFSET @__p_0 ROWS FETCH NEXT @__p_1 ROWS ONLY
info: Microsoft.EntityFrameworkCore.Database.Command[20101]
      Executed DbCommand (1ms) [Parameters=[@__userId_0='?' (DbType = Int32)], CommandType='Text', CommandTimeout='30']
      SELECT COUNT(*)
      FROM [Notifications] AS [n]
      WHERE ([n].[UserId] = @__userId_0 OR [n].[UserId] IS NULL) AND [n].[IsRead] = CAST(0 AS bit)
info: Microsoft.EntityFrameworkCore.Database.Command[20101]
      Executed DbCommand (1ms) [Parameters=[@__p_1='?' (DbType = Int32), @__userId_0='?' (DbType = Int32)], CommandType='Text', CommandTimeout='30']
      SELECT TOP(@__p_1) [n].[Id], [n].[CreatedBy], [n].[CreatedDate], [n].[EntityId], [n].[EntityType], [n].[IsDeleted], [n].[IsRead], [n].[Message], [n].[NotificationType], [n].[Title], [n].[UpdatedBy], [n].[UpdatedDate], [n].[UserId]
      FROM [Notifications] AS [n]
      WHERE [n].[UserId] = @__userId_0 OR [n].[UserId] IS NULL
      ORDER BY [n].[CreatedDate] DESC
info: Microsoft.EntityFrameworkCore.Database.Command[20101]
      Executed DbCommand (2ms) [Parameters=[], CommandType='Text', CommandTimeout='30']
      SELECT COUNT(*)
      FROM [Doctors] AS [d]
      WHERE [d].[IsDeleted] = CAST(0 AS bit)
info: Microsoft.EntityFrameworkCore.Database.Command[20101]
      Executed DbCommand (2ms) [Parameters=[@__p_0='?' (DbType = Int32), @__p_1='?' (DbType = Int32)], CommandType='Text', CommandTimeout='30']
      SELECT [d].[Id], [d].[ConsultationFee], [d].[CreatedBy], [d].[CreatedDate], [d].[DoctorCode], [d].[Email], [d].[EmployeeId], [d].[FullName], [d].[IsActive], [d].[IsDeleted], [d].[LicenseNumber], [d].[PhoneNumber], [d].[Specialization], [d].[SubSpecialization], [d].[UpdatedBy], [d].[UpdatedDate], [d].[WorkingDays], [d].[WorkingHours]
      FROM [Doctors] AS [d]
      WHERE [d].[IsDeleted] = CAST(0 AS bit)
      ORDER BY [d].[CreatedDate] DESC
      OFFSET @__p_0 ROWS FETCH NEXT @__p_1 ROWS ONLY
info: Microsoft.EntityFrameworkCore.Database.Command[20101]
      Executed DbCommand (1ms) [Parameters=[@__p_1='?' (DbType = Int32), @__userId_0='?' (DbType = Int32)], CommandType='Text', CommandTimeout='30']
      SELECT TOP(@__p_1) [n].[Id], [n].[CreatedBy], [n].[CreatedDate], [n].[EntityId], [n].[EntityType], [n].[IsDeleted], [n].[IsRead], [n].[Message], [n].[NotificationType], [n].[Title], [n].[UpdatedBy], [n].[UpdatedDate], [n].[UserId]
      FROM [Notifications] AS [n]
      WHERE [n].[UserId] = @__userId_0 OR [n].[UserId] IS NULL
      ORDER BY [n].[CreatedDate] DESC
info: Microsoft.EntityFrameworkCore.Database.Command[20101]
      Executed DbCommand (1ms) [Parameters=[@__userId_0='?' (DbType = Int32)], CommandType='Text', CommandTimeout='30']
      SELECT COUNT(*)
      FROM [Notifications] AS [n]
      WHERE ([n].[UserId] = @__userId_0 OR [n].[UserId] IS NULL) AND [n].[IsRead] = CAST(0 AS bit)
info: Microsoft.EntityFrameworkCore.Database.Command[20101]
      Executed DbCommand (1ms) [Parameters=[], CommandType='Text', CommandTimeout='30']
      SELECT COUNT(*)
      FROM [Patients] AS [p]
      WHERE [p].[IsDeleted] = CAST(0 AS bit)
info: Microsoft.EntityFrameworkCore.Database.Command[20101]
      Executed DbCommand (1ms) [Parameters=[], CommandType='Text', CommandTimeout='30']
      SELECT COUNT(*)
      FROM [Appointments] AS [a]
      WHERE [a].[IsDeleted] = CAST(0 AS bit)
info: Microsoft.EntityFrameworkCore.Database.Command[20101]
      Executed DbCommand (1ms) [Parameters=[@__p_0='?' (DbType = Int32), @__p_1='?' (DbType = Int32)], CommandType='Text', CommandTimeout='30']
      SELECT [t].[Id], [t].[Address], [t].[Allergies], [t].[BloodType], [t].[CreatedBy], [t].[CreatedDate], [t].[DateOfBirth], [t].[Email], [t].[EmergencyContact], [t].[EmergencyPhone], [t].[FullName], [t].[Gender], [t].[InsuranceBalance], [t].[InsuranceCoverageType], [t].[InsurancePlanId], [t].[InsurancePolicyNumber], [t].[InsuranceProviderId], [t].[InsuranceProviderNameManual], [t].[IsActive], [t].[IsDeleted], [t].[MedicalHistory], [t].[NationalId], [t].[PatientCode], [t].[PhoneNumber], [t].[UpdatedBy], [t].[UpdatedDate], [t0].[Id], [t0].[Address], [t0].[ContactPerson], [t0].[CreatedBy], [t0].[CreatedDate], [t0].[Email], [t0].[IsActive], [t0].[IsDeleted], [t0].[Name], [t0].[PhoneNumber], [t0].[TPA], [t0].[UpdatedBy], [t0].[UpdatedDate], [t1].[Id], [t1].[CoPayAmount], [t1].[CoveragePercentage], [t1].[CreatedBy], [t1].[CreatedDate], [t1].[Exclusions], [t1].[InsuranceProviderId], [t1].[IsActive], [t1].[IsDeleted], [t1].[MaxLimit], [t1].[PlanCode], [t1].[PlanName], [t1].[RequiresPreAuth], [t1].[UpdatedBy], [t1].[UpdatedDate]
      FROM (
          SELECT [p].[Id], [p].[Address], [p].[Allergies], [p].[BloodType], [p].[CreatedBy], [p].[CreatedDate], [p].[DateOfBirth], [p].[Email], [p].[EmergencyContact], [p].[EmergencyPhone], [p].[FullName], [p].[Gender], [p].[InsuranceBalance], [p].[InsuranceCoverageType], [p].[InsurancePlanId], [p].[InsurancePolicyNumber], [p].[InsuranceProviderId], [p].[InsuranceProviderNameManual], [p].[IsActive], [p].[IsDeleted], [p].[MedicalHistory], [p].[NationalId], [p].[PatientCode], [p].[PhoneNumber], [p].[UpdatedBy], [p].[UpdatedDate]
          FROM [Patients] AS [p]
          WHERE [p].[IsDeleted] = CAST(0 AS bit)
          ORDER BY [p].[CreatedDate] DESC
          OFFSET @__p_0 ROWS FETCH NEXT @__p_1 ROWS ONLY
      ) AS [t]
      LEFT JOIN (
          SELECT [i].[Id], [i].[Address], [i].[ContactPerson], [i].[CreatedBy], [i].[CreatedDate], [i].[Email], [i].[IsActive], [i].[IsDeleted], [i].[Name], [i].[PhoneNumber], [i].[TPA], [i].[UpdatedBy], [i].[UpdatedDate]
          FROM [InsuranceProviders] AS [i]
          WHERE [i].[IsDeleted] = CAST(0 AS bit)
      ) AS [t0] ON [t].[InsuranceProviderId] = [t0].[Id]
      LEFT JOIN (
          SELECT [i0].[Id], [i0].[CoPayAmount], [i0].[CoveragePercentage], [i0].[CreatedBy], [i0].[CreatedDate], [i0].[Exclusions], [i0].[InsuranceProviderId], [i0].[IsActive], [i0].[IsDeleted], [i0].[MaxLimit], [i0].[PlanCode], [i0].[PlanName], [i0].[RequiresPreAuth], [i0].[UpdatedBy], [i0].[UpdatedDate]
          FROM [InsurancePlans] AS [i0]
          WHERE [i0].[IsDeleted] = CAST(0 AS bit)
      ) AS [t1] ON [t].[InsurancePlanId] = [t1].[Id]
      ORDER BY [t].[CreatedDate] DESC
info: Microsoft.EntityFrameworkCore.Database.Command[20101]
      Executed DbCommand (2ms) [Parameters=[], CommandType='Text', CommandTimeout='30']
      SELECT COUNT(*)
      FROM [Doctors] AS [d]
      WHERE [d].[IsDeleted] = CAST(0 AS bit)
info: Microsoft.EntityFrameworkCore.Database.Command[20101]
      Executed DbCommand (1ms) [Parameters=[@__p_0='?' (DbType = Int32), @__p_1='?' (DbType = Int32)], CommandType='Text', CommandTimeout='30']
      SELECT [d].[Id], [d].[ConsultationFee], [d].[CreatedBy], [d].[CreatedDate], [d].[DoctorCode], [d].[Email], [d].[EmployeeId], [d].[FullName], [d].[IsActive], [d].[IsDeleted], [d].[LicenseNumber], [d].[PhoneNumber], [d].[Specialization], [d].[SubSpecialization], [d].[UpdatedBy], [d].[UpdatedDate], [d].[WorkingDays], [d].[WorkingHours]
      FROM [Doctors] AS [d]
      WHERE [d].[IsDeleted] = CAST(0 AS bit)
      ORDER BY [d].[CreatedDate] DESC
      OFFSET @__p_0 ROWS FETCH NEXT @__p_1 ROWS ONLY
info: Microsoft.EntityFrameworkCore.Database.Command[20101]
      Executed DbCommand (7ms) [Parameters=[@__p_0='?' (DbType = Int32), @__p_1='?' (DbType = Int32)], CommandType='Text', CommandTimeout='30']
      SELECT [t].[Id], [t].[AppointmentCode], [t].[AppointmentDate], [t].[AppointmentTime], [t].[CreatedBy], [t].[CreatedDate], [t].[Diagnosis], [t].[DoctorId], [t].[DurationMinutes], [t].[Fee], [t].[IsDeleted], [t].[IsPaid], [t].[IsTelehealth], [t].[MeetingLink], [t].[Notes], [t].[PatientId], [t].[Prescription], [t].[Status], [t].[UpdatedBy], [t].[UpdatedDate], [t].[VirtualWaitingRoomStatus], [t0].[Id], [t0].[Address], [t0].[Allergies], [t0].[BloodType], [t0].[CreatedBy], [t0].[CreatedDate], [t0].[DateOfBirth], [t0].[Email], [t0].[EmergencyContact], [t0].[EmergencyPhone], [t0].[FullName], [t0].[Gender], [t0].[InsuranceBalance], [t0].[InsuranceCoverageType], [t0].[InsurancePlanId], [t0].[InsurancePolicyNumber], [t0].[InsuranceProviderId], [t0].[InsuranceProviderNameManual], [t0].[IsActive], [t0].[IsDeleted], [t0].[MedicalHistory], [t0].[NationalId], [t0].[PatientCode], [t0].[PhoneNumber], [t0].[UpdatedBy], [t0].[UpdatedDate], [t1].[Id], [t1].[ConsultationFee], [t1].[CreatedBy], [t1].[CreatedDate], [t1].[DoctorCode], [t1].[Email], [t1].[EmployeeId], [t1].[FullName], [t1].[IsActive], [t1].[IsDeleted], [t1].[LicenseNumber], [t1].[PhoneNumber], [t1].[Specialization], [t1].[SubSpecialization], [t1].[UpdatedBy], [t1].[UpdatedDate], [t1].[WorkingDays], [t1].[WorkingHours]
      FROM (
          SELECT [a].[Id], [a].[AppointmentCode], [a].[AppointmentDate], [a].[AppointmentTime], [a].[CreatedBy], [a].[CreatedDate], [a].[Diagnosis], [a].[DoctorId], [a].[DurationMinutes], [a].[Fee], [a].[IsDeleted], [a].[IsPaid], [a].[IsTelehealth], [a].[MeetingLink], [a].[Notes], [a].[PatientId], [a].[Prescription], [a].[Status], [a].[UpdatedBy], [a].[UpdatedDate], [a].[VirtualWaitingRoomStatus]
          FROM [Appointments] AS [a]
          WHERE [a].[IsDeleted] = CAST(0 AS bit)
          ORDER BY [a].[AppointmentDate] DESC
          OFFSET @__p_0 ROWS FETCH NEXT @__p_1 ROWS ONLY
      ) AS [t]
      INNER JOIN (
          SELECT [p].[Id], [p].[Address], [p].[Allergies], [p].[BloodType], [p].[CreatedBy], [p].[CreatedDate], [p].[DateOfBirth], [p].[Email], [p].[EmergencyContact], [p].[EmergencyPhone], [p].[FullName], [p].[Gender], [p].[InsuranceBalance], [p].[InsuranceCoverageType], [p].[InsurancePlanId], [p].[InsurancePolicyNumber], [p].[InsuranceProviderId], [p].[InsuranceProviderNameManual], [p].[IsActive], [p].[IsDeleted], [p].[MedicalHistory], [p].[NationalId], [p].[PatientCode], [p].[PhoneNumber], [p].[UpdatedBy], [p].[UpdatedDate]
          FROM [Patients] AS [p]
          WHERE [p].[IsDeleted] = CAST(0 AS bit)
      ) AS [t0] ON [t].[PatientId] = [t0].[Id]
      INNER JOIN (
          SELECT [d].[Id], [d].[ConsultationFee], [d].[CreatedBy], [d].[CreatedDate], [d].[DoctorCode], [d].[Email], [d].[EmployeeId], [d].[FullName], [d].[IsActive], [d].[IsDeleted], [d].[LicenseNumber], [d].[PhoneNumber], [d].[Specialization], [d].[SubSpecialization], [d].[UpdatedBy], [d].[UpdatedDate], [d].[WorkingDays], [d].[WorkingHours]
          FROM [Doctors] AS [d]
          WHERE [d].[IsDeleted] = CAST(0 AS bit)
      ) AS [t1] ON [t].[DoctorId] = [t1].[Id]
      ORDER BY [t].[AppointmentDate] DESC
info: Microsoft.EntityFrameworkCore.Database.Command[20101]
      Executed DbCommand (1ms) [Parameters=[@__userId_0='?' (DbType = Int32)], CommandType='Text', CommandTimeout='30']
      SELECT COUNT(*)
      FROM [Notifications] AS [n]
      WHERE ([n].[UserId] = @__userId_0 OR [n].[UserId] IS NULL) AND [n].[IsRead] = CAST(0 AS bit)
info: Microsoft.EntityFrameworkCore.Database.Command[20101]
      Executed DbCommand (1ms) [Parameters=[@__p_1='?' (DbType = Int32), @__userId_0='?' (DbType = Int32)], CommandType='Text', CommandTimeout='30']
      SELECT TOP(@__p_1) [n].[Id], [n].[CreatedBy], [n].[CreatedDate], [n].[EntityId], [n].[EntityType], [n].[IsDeleted], [n].[IsRead], [n].[Message], [n].[NotificationType], [n].[Title], [n].[UpdatedBy], [n].[UpdatedDate], [n].[UserId]
      FROM [Notifications] AS [n]
      WHERE [n].[UserId] = @__userId_0 OR [n].[UserId] IS NULL
      ORDER BY [n].[CreatedDate] DESC
info: Microsoft.EntityFrameworkCore.Database.Command[20101]
      Executed DbCommand (1ms) [Parameters=[], CommandType='Text', CommandTimeout='30']
      SELECT COUNT(*)
      FROM [Patients] AS [p]
      WHERE [p].[IsDeleted] = CAST(0 AS bit)
info: Microsoft.EntityFrameworkCore.Database.Command[20101]
      Executed DbCommand (2ms) [Parameters=[], CommandType='Text', CommandTimeout='30']
      SELECT COUNT(*)
      FROM [LabRequests] AS [l]
      WHERE [l].[IsDeleted] = CAST(0 AS bit)
info: Microsoft.EntityFrameworkCore.Database.Command[20101]
      Executed DbCommand (2ms) [Parameters=[], CommandType='Text', CommandTimeout='30']
      SELECT COUNT(*)
      FROM [LabTests] AS [l]
      WHERE [l].[IsDeleted] = CAST(0 AS bit)
info: Microsoft.EntityFrameworkCore.Database.Command[20101]
      Executed DbCommand (1ms) [Parameters=[@__p_0='?' (DbType = Int32), @__p_1='?' (DbType = Int32)], CommandType='Text', CommandTimeout='30']
      SELECT [t].[Id], [t].[Address], [t].[Allergies], [t].[BloodType], [t].[CreatedBy], [t].[CreatedDate], [t].[DateOfBirth], [t].[Email], [t].[EmergencyContact], [t].[EmergencyPhone], [t].[FullName], [t].[Gender], [t].[InsuranceBalance], [t].[InsuranceCoverageType], [t].[InsurancePlanId], [t].[InsurancePolicyNumber], [t].[InsuranceProviderId], [t].[InsuranceProviderNameManual], [t].[IsActive], [t].[IsDeleted], [t].[MedicalHistory], [t].[NationalId], [t].[PatientCode], [t].[PhoneNumber], [t].[UpdatedBy], [t].[UpdatedDate], [t0].[Id], [t0].[Address], [t0].[ContactPerson], [t0].[CreatedBy], [t0].[CreatedDate], [t0].[Email], [t0].[IsActive], [t0].[IsDeleted], [t0].[Name], [t0].[PhoneNumber], [t0].[TPA], [t0].[UpdatedBy], [t0].[UpdatedDate], [t1].[Id], [t1].[CoPayAmount], [t1].[CoveragePercentage], [t1].[CreatedBy], [t1].[CreatedDate], [t1].[Exclusions], [t1].[InsuranceProviderId], [t1].[IsActive], [t1].[IsDeleted], [t1].[MaxLimit], [t1].[PlanCode], [t1].[PlanName], [t1].[RequiresPreAuth], [t1].[UpdatedBy], [t1].[UpdatedDate]
      FROM (
          SELECT [p].[Id], [p].[Address], [p].[Allergies], [p].[BloodType], [p].[CreatedBy], [p].[CreatedDate], [p].[DateOfBirth], [p].[Email], [p].[EmergencyContact], [p].[EmergencyPhone], [p].[FullName], [p].[Gender], [p].[InsuranceBalance], [p].[InsuranceCoverageType], [p].[InsurancePlanId], [p].[InsurancePolicyNumber], [p].[InsuranceProviderId], [p].[InsuranceProviderNameManual], [p].[IsActive], [p].[IsDeleted], [p].[MedicalHistory], [p].[NationalId], [p].[PatientCode], [p].[PhoneNumber], [p].[UpdatedBy], [p].[UpdatedDate]
          FROM [Patients] AS [p]
          WHERE [p].[IsDeleted] = CAST(0 AS bit)
          ORDER BY [p].[CreatedDate] DESC
          OFFSET @__p_0 ROWS FETCH NEXT @__p_1 ROWS ONLY
      ) AS [t]
      LEFT JOIN (
          SELECT [i].[Id], [i].[Address], [i].[ContactPerson], [i].[CreatedBy], [i].[CreatedDate], [i].[Email], [i].[IsActive], [i].[IsDeleted], [i].[Name], [i].[PhoneNumber], [i].[TPA], [i].[UpdatedBy], [i].[UpdatedDate]
          FROM [InsuranceProviders] AS [i]
          WHERE [i].[IsDeleted] = CAST(0 AS bit)
      ) AS [t0] ON [t].[InsuranceProviderId] = [t0].[Id]
      LEFT JOIN (
          SELECT [i0].[Id], [i0].[CoPayAmount], [i0].[CoveragePercentage], [i0].[CreatedBy], [i0].[CreatedDate], [i0].[Exclusions], [i0].[InsuranceProviderId], [i0].[IsActive], [i0].[IsDeleted], [i0].[MaxLimit], [i0].[PlanCode], [i0].[PlanName], [i0].[RequiresPreAuth], [i0].[UpdatedBy], [i0].[UpdatedDate]
          FROM [InsurancePlans] AS [i0]
          WHERE [i0].[IsDeleted] = CAST(0 AS bit)
      ) AS [t1] ON [t].[InsurancePlanId] = [t1].[Id]
      ORDER BY [t].[CreatedDate] DESC
info: Microsoft.EntityFrameworkCore.Database.Command[20101]
      Executed DbCommand (8ms) [Parameters=[@__p_0='?' (DbType = Int32), @__p_1='?' (DbType = Int32)], CommandType='Text', CommandTimeout='30']
      SELECT [t].[Id], [t].[Category], [t].[CreatedBy], [t].[CreatedDate], [t].[IsActive], [t].[IsDeleted], [t].[Name], [t].[NameAr], [t].[NormalRange], [t].[Price], [t].[TestCode], [t].[Unit], [t].[UpdatedBy], [t].[UpdatedDate], [t0].[Id], [t0].[CreatedBy], [t0].[CreatedDate], [t0].[CriticalHigh], [t0].[CriticalLow], [t0].[Description], [t0].[Gender], [t0].[IsDeleted], [t0].[LabTestId], [t0].[MaxAge], [t0].[MaxValue], [t0].[MinAge], [t0].[MinValue], [t0].[UpdatedBy], [t0].[UpdatedDate]
      FROM (
          SELECT [l].[Id], [l].[Category], [l].[CreatedBy], [l].[CreatedDate], [l].[IsActive], [l].[IsDeleted], [l].[Name], [l].[NameAr], [l].[NormalRange], [l].[Price], [l].[TestCode], [l].[Unit], [l].[UpdatedBy], [l].[UpdatedDate]
          FROM [LabTests] AS [l]
          WHERE [l].[IsDeleted] = CAST(0 AS bit)
          ORDER BY [l].[Name]
          OFFSET @__p_0 ROWS FETCH NEXT @__p_1 ROWS ONLY
      ) AS [t]
      LEFT JOIN (
          SELECT [l0].[Id], [l0].[CreatedBy], [l0].[CreatedDate], [l0].[CriticalHigh], [l0].[CriticalLow], [l0].[Description], [l0].[Gender], [l0].[IsDeleted], [l0].[LabTestId], [l0].[MaxAge], [l0].[MaxValue], [l0].[MinAge], [l0].[MinValue], [l0].[UpdatedBy], [l0].[UpdatedDate]
          FROM [LabTestReferenceRanges] AS [l0]
          WHERE [l0].[IsDeleted] = CAST(0 AS bit)
      ) AS [t0] ON [t].[Id] = [t0].[LabTestId]
      ORDER BY [t].[Name], [t].[Id]
info: Microsoft.EntityFrameworkCore.Database.Command[20101]
      Executed DbCommand (14ms) [Parameters=[@__p_0='?' (DbType = Int32), @__p_1='?' (DbType = Int32)], CommandType='Text', CommandTimeout='30']
      SELECT [t].[Id], [t].[CollectedBy], [t].[CollectionDate], [t].[CreatedBy], [t].[CreatedDate], [t].[DoctorId], [t].[EmergencyAdmissionId], [t].[IsDeleted], [t].[Notes], [t].[PatientId], [t].[ReceivedAtLabDate], [t].[RequestDate], [t].[RequestNumber], [t].[Status], [t].[TotalAmount], [t].[UpdatedBy], [t].[UpdatedDate], [t0].[Id], [t0].[Address], [t0].[Allergies], [t0].[BloodType], [t0].[CreatedBy], [t0].[CreatedDate], [t0].[DateOfBirth], [t0].[Email], [t0].[EmergencyContact], [t0].[EmergencyPhone], [t0].[FullName], [t0].[Gender], [t0].[InsuranceBalance], [t0].[InsuranceCoverageType], [t0].[InsurancePlanId], [t0].[InsurancePolicyNumber], [t0].[InsuranceProviderId], [t0].[InsuranceProviderNameManual], [t0].[IsActive], [t0].[IsDeleted], [t0].[MedicalHistory], [t0].[NationalId], [t0].[PatientCode], [t0].[PhoneNumber], [t0].[UpdatedBy], [t0].[UpdatedDate], [t1].[Id], [t1].[ConsultationFee], [t1].[CreatedBy], [t1].[CreatedDate], [t1].[DoctorCode], [t1].[Email], [t1].[EmployeeId], [t1].[FullName], [t1].[IsActive], [t1].[IsDeleted], [t1].[LicenseNumber], [t1].[PhoneNumber], [t1].[Specialization], [t1].[SubSpecialization], [t1].[UpdatedBy], [t1].[UpdatedDate], [t1].[WorkingDays], [t1].[WorkingHours], [t2].[Id], [t2].[CreatedBy], [t2].[CreatedDate], [t2].[IsCritical], [t2].[IsDeleted], [t2].[LabRequestId], [t2].[LabTestId], [t2].[NormalRange], [t2].[PerformedBy], [t2].[Remarks], [t2].[ResultDate], [t2].[ResultFlag], [t2].[ResultValue], [t2].[Unit], [t2].[UpdatedBy], [t2].[UpdatedDate], [t2].[Id0], [t2].[Category], [t2].[CreatedBy0], [t2].[CreatedDate0], [t2].[IsActive], [t2].[IsDeleted0], [t2].[Name], [t2].[NameAr], [t2].[NormalRange0], [t2].[Price], [t2].[TestCode], [t2].[Unit0], [t2].[UpdatedBy0], [t2].[UpdatedDate0]
      FROM (
          SELECT [l].[Id], [l].[CollectedBy], [l].[CollectionDate], [l].[CreatedBy], [l].[CreatedDate], [l].[DoctorId], [l].[EmergencyAdmissionId], [l].[IsDeleted], [l].[Notes], [l].[PatientId], [l].[ReceivedAtLabDate], [l].[RequestDate], [l].[RequestNumber], [l].[Status], [l].[TotalAmount], [l].[UpdatedBy], [l].[UpdatedDate]
          FROM [LabRequests] AS [l]
          WHERE [l].[IsDeleted] = CAST(0 AS bit)
          ORDER BY [l].[CreatedDate] DESC
          OFFSET @__p_0 ROWS FETCH NEXT @__p_1 ROWS ONLY
      ) AS [t]
      INNER JOIN (
          SELECT [p].[Id], [p].[Address], [p].[Allergies], [p].[BloodType], [p].[CreatedBy], [p].[CreatedDate], [p].[DateOfBirth], [p].[Email], [p].[EmergencyContact], [p].[EmergencyPhone], [p].[FullName], [p].[Gender], [p].[InsuranceBalance], [p].[InsuranceCoverageType], [p].[InsurancePlanId], [p].[InsurancePolicyNumber], [p].[InsuranceProviderId], [p].[InsuranceProviderNameManual], [p].[IsActive], [p].[IsDeleted], [p].[MedicalHistory], [p].[NationalId], [p].[PatientCode], [p].[PhoneNumber], [p].[UpdatedBy], [p].[UpdatedDate]
          FROM [Patients] AS [p]
          WHERE [p].[IsDeleted] = CAST(0 AS bit)
      ) AS [t0] ON [t].[PatientId] = [t0].[Id]
      LEFT JOIN (
          SELECT [d].[Id], [d].[ConsultationFee], [d].[CreatedBy], [d].[CreatedDate], [d].[DoctorCode], [d].[Email], [d].[EmployeeId], [d].[FullName], [d].[IsActive], [d].[IsDeleted], [d].[LicenseNumber], [d].[PhoneNumber], [d].[Specialization], [d].[SubSpecialization], [d].[UpdatedBy], [d].[UpdatedDate], [d].[WorkingDays], [d].[WorkingHours]
          FROM [Doctors] AS [d]
          WHERE [d].[IsDeleted] = CAST(0 AS bit)
      ) AS [t1] ON [t].[DoctorId] = [t1].[Id]
      LEFT JOIN (
          SELECT [l0].[Id], [l0].[CreatedBy], [l0].[CreatedDate], [l0].[IsCritical], [l0].[IsDeleted], [l0].[LabRequestId], [l0].[LabTestId], [l0].[NormalRange], [l0].[PerformedBy], [l0].[Remarks], [l0].[ResultDate], [l0].[ResultFlag], [l0].[ResultValue], [l0].[Unit], [l0].[UpdatedBy], [l0].[UpdatedDate], [t3].[Id] AS [Id0], [t3].[Category], [t3].[CreatedBy] AS [CreatedBy0], [t3].[CreatedDate] AS [CreatedDate0], [t3].[IsActive], [t3].[IsDeleted] AS [IsDeleted0], [t3].[Name], [t3].[NameAr], [t3].[NormalRange] AS [NormalRange0], [t3].[Price], [t3].[TestCode], [t3].[Unit] AS [Unit0], [t3].[UpdatedBy] AS [UpdatedBy0], [t3].[UpdatedDate] AS [UpdatedDate0]
          FROM [LabResults] AS [l0]
          INNER JOIN (
              SELECT [l1].[Id], [l1].[Category], [l1].[CreatedBy], [l1].[CreatedDate], [l1].[IsActive], [l1].[IsDeleted], [l1].[Name], [l1].[NameAr], [l1].[NormalRange], [l1].[Price], [l1].[TestCode], [l1].[Unit], [l1].[UpdatedBy], [l1].[UpdatedDate]
              FROM [LabTests] AS [l1]
              WHERE [l1].[IsDeleted] = CAST(0 AS bit)
          ) AS [t3] ON [l0].[LabTestId] = [t3].[Id]
          WHERE [l0].[IsDeleted] = CAST(0 AS bit)
      ) AS [t2] ON [t].[Id] = [t2].[LabRequestId]
      ORDER BY [t].[CreatedDate] DESC, [t].[Id], [t0].[Id], [t1].[Id], [t2].[Id]
info: Microsoft.EntityFrameworkCore.Database.Command[20101]
      Executed DbCommand (1ms) [Parameters=[@__p_1='?' (DbType = Int32), @__userId_0='?' (DbType = Int32)], CommandType='Text', CommandTimeout='30']
      SELECT TOP(@__p_1) [n].[Id], [n].[CreatedBy], [n].[CreatedDate], [n].[EntityId], [n].[EntityType], [n].[IsDeleted], [n].[IsRead], [n].[Message], [n].[NotificationType], [n].[Title], [n].[UpdatedBy], [n].[UpdatedDate], [n].[UserId]
      FROM [Notifications] AS [n]
      WHERE [n].[UserId] = @__userId_0 OR [n].[UserId] IS NULL
      ORDER BY [n].[CreatedDate] DESC
info: Microsoft.EntityFrameworkCore.Database.Command[20101]
      Executed DbCommand (1ms) [Parameters=[@__userId_0='?' (DbType = Int32)], CommandType='Text', CommandTimeout='30']
      SELECT COUNT(*)
      FROM [Notifications] AS [n]
      WHERE ([n].[UserId] = @__userId_0 OR [n].[UserId] IS NULL) AND [n].[IsRead] = CAST(0 AS bit)
info: Microsoft.EntityFrameworkCore.Database.Command[20101]
      Executed DbCommand (0ms) [Parameters=[], CommandType='Text', CommandTimeout='30']
      SELECT COUNT(*)
      FROM [Patients] AS [p]
      WHERE [p].[IsDeleted] = CAST(0 AS bit)
info: Microsoft.EntityFrameworkCore.Database.Command[20101]
      Executed DbCommand (2ms) [Parameters=[], CommandType='Text', CommandTimeout='30']
      SELECT COUNT(*)
      FROM [RadiologyRequests] AS [r]
      WHERE [r].[IsDeleted] = CAST(0 AS bit)
info: Microsoft.EntityFrameworkCore.Database.Command[20101]
      Executed DbCommand (2ms) [Parameters=[], CommandType='Text', CommandTimeout='30']
      SELECT COUNT(*)
      FROM [RadiologyTests] AS [r]
      WHERE [r].[IsDeleted] = CAST(0 AS bit)
info: Microsoft.EntityFrameworkCore.Database.Command[20101]
      Executed DbCommand (1ms) [Parameters=[@__p_0='?' (DbType = Int32), @__p_1='?' (DbType = Int32)], CommandType='Text', CommandTimeout='30']
      SELECT [t].[Id], [t].[Address], [t].[Allergies], [t].[BloodType], [t].[CreatedBy], [t].[CreatedDate], [t].[DateOfBirth], [t].[Email], [t].[EmergencyContact], [t].[EmergencyPhone], [t].[FullName], [t].[Gender], [t].[InsuranceBalance], [t].[InsuranceCoverageType], [t].[InsurancePlanId], [t].[InsurancePolicyNumber], [t].[InsuranceProviderId], [t].[InsuranceProviderNameManual], [t].[IsActive], [t].[IsDeleted], [t].[MedicalHistory], [t].[NationalId], [t].[PatientCode], [t].[PhoneNumber], [t].[UpdatedBy], [t].[UpdatedDate], [t0].[Id], [t0].[Address], [t0].[ContactPerson], [t0].[CreatedBy], [t0].[CreatedDate], [t0].[Email], [t0].[IsActive], [t0].[IsDeleted], [t0].[Name], [t0].[PhoneNumber], [t0].[TPA], [t0].[UpdatedBy], [t0].[UpdatedDate], [t1].[Id], [t1].[CoPayAmount], [t1].[CoveragePercentage], [t1].[CreatedBy], [t1].[CreatedDate], [t1].[Exclusions], [t1].[InsuranceProviderId], [t1].[IsActive], [t1].[IsDeleted], [t1].[MaxLimit], [t1].[PlanCode], [t1].[PlanName], [t1].[RequiresPreAuth], [t1].[UpdatedBy], [t1].[UpdatedDate]
      FROM (
          SELECT [p].[Id], [p].[Address], [p].[Allergies], [p].[BloodType], [p].[CreatedBy], [p].[CreatedDate], [p].[DateOfBirth], [p].[Email], [p].[EmergencyContact], [p].[EmergencyPhone], [p].[FullName], [p].[Gender], [p].[InsuranceBalance], [p].[InsuranceCoverageType], [p].[InsurancePlanId], [p].[InsurancePolicyNumber], [p].[InsuranceProviderId], [p].[InsuranceProviderNameManual], [p].[IsActive], [p].[IsDeleted], [p].[MedicalHistory], [p].[NationalId], [p].[PatientCode], [p].[PhoneNumber], [p].[UpdatedBy], [p].[UpdatedDate]
          FROM [Patients] AS [p]
          WHERE [p].[IsDeleted] = CAST(0 AS bit)
          ORDER BY [p].[CreatedDate] DESC
          OFFSET @__p_0 ROWS FETCH NEXT @__p_1 ROWS ONLY
      ) AS [t]
      LEFT JOIN (
          SELECT [i].[Id], [i].[Address], [i].[ContactPerson], [i].[CreatedBy], [i].[CreatedDate], [i].[Email], [i].[IsActive], [i].[IsDeleted], [i].[Name], [i].[PhoneNumber], [i].[TPA], [i].[UpdatedBy], [i].[UpdatedDate]
          FROM [InsuranceProviders] AS [i]
          WHERE [i].[IsDeleted] = CAST(0 AS bit)
      ) AS [t0] ON [t].[InsuranceProviderId] = [t0].[Id]
      LEFT JOIN (
          SELECT [i0].[Id], [i0].[CoPayAmount], [i0].[CoveragePercentage], [i0].[CreatedBy], [i0].[CreatedDate], [i0].[Exclusions], [i0].[InsuranceProviderId], [i0].[IsActive], [i0].[IsDeleted], [i0].[MaxLimit], [i0].[PlanCode], [i0].[PlanName], [i0].[RequiresPreAuth], [i0].[UpdatedBy], [i0].[UpdatedDate]
          FROM [InsurancePlans] AS [i0]
          WHERE [i0].[IsDeleted] = CAST(0 AS bit)
      ) AS [t1] ON [t].[InsurancePlanId] = [t1].[Id]
      ORDER BY [t].[CreatedDate] DESC
info: Microsoft.EntityFrameworkCore.Database.Command[20101]
      Executed DbCommand (4ms) [Parameters=[@__p_0='?' (DbType = Int32), @__p_1='?' (DbType = Int32)], CommandType='Text', CommandTimeout='30']
      SELECT [r].[Id], [r].[Category], [r].[CreatedBy], [r].[CreatedDate], [r].[IsActive], [r].[IsDeleted], [r].[Name], [r].[NameAr], [r].[PreparationInstructions], [r].[PreparationInstructionsAr], [r].[Price], [r].[TestCode], [r].[UpdatedBy], [r].[UpdatedDate]
      FROM [RadiologyTests] AS [r]
      WHERE [r].[IsDeleted] = CAST(0 AS bit)
      ORDER BY [r].[Name]
      OFFSET @__p_0 ROWS FETCH NEXT @__p_1 ROWS ONLY
info: Microsoft.EntityFrameworkCore.Database.Command[20101]
      Executed DbCommand (11ms) [Parameters=[@__p_0='?' (DbType = Int32), @__p_1='?' (DbType = Int32)], CommandType='Text', CommandTimeout='30']
      SELECT [t].[Id], [t].[CreatedBy], [t].[CreatedDate], [t].[DoctorId], [t].[EmergencyAdmissionId], [t].[IsDeleted], [t].[Notes], [t].[PatientId], [t].[RequestDate], [t].[RequestNumber], [t].[Status], [t].[TotalAmount], [t].[UpdatedBy], [t].[UpdatedDate], [t0].[Id], [t0].[Address], [t0].[Allergies], [t0].[BloodType], [t0].[CreatedBy], [t0].[CreatedDate], [t0].[DateOfBirth], [t0].[Email], [t0].[EmergencyContact], [t0].[EmergencyPhone], [t0].[FullName], [t0].[Gender], [t0].[InsuranceBalance], [t0].[InsuranceCoverageType], [t0].[InsurancePlanId], [t0].[InsurancePolicyNumber], [t0].[InsuranceProviderId], [t0].[InsuranceProviderNameManual], [t0].[IsActive], [t0].[IsDeleted], [t0].[MedicalHistory], [t0].[NationalId], [t0].[PatientCode], [t0].[PhoneNumber], [t0].[UpdatedBy], [t0].[UpdatedDate], [t1].[Id], [t1].[ConsultationFee], [t1].[CreatedBy], [t1].[CreatedDate], [t1].[DoctorCode], [t1].[Email], [t1].[EmployeeId], [t1].[FullName], [t1].[IsActive], [t1].[IsDeleted], [t1].[LicenseNumber], [t1].[PhoneNumber], [t1].[Specialization], [t1].[SubSpecialization], [t1].[UpdatedBy], [t1].[UpdatedDate], [t1].[WorkingDays], [t1].[WorkingHours], [t2].[Id], [t2].[CreatedBy], [t2].[CreatedDate], [t2].[Findings], [t2].[ImageUrl], [t2].[Impression], [t2].[IsDeleted], [t2].[PerformedBy], [t2].[RadiologistName], [t2].[RadiologyRequestId], [t2].[RadiologyTemplateId], [t2].[RadiologyTestId], [t2].[ResultDate], [t2].[UpdatedBy], [t2].[UpdatedDate], [t2].[Id0], [t2].[Category], [t2].[CreatedBy0], [t2].[CreatedDate0], [t2].[IsActive], [t2].[IsDeleted0], [t2].[Name], [t2].[NameAr], [t2].[PreparationInstructions], [t2].[PreparationInstructionsAr], [t2].[Price], [t2].[TestCode], [t2].[UpdatedBy0], [t2].[UpdatedDate0]
      FROM (
          SELECT [r].[Id], [r].[CreatedBy], [r].[CreatedDate], [r].[DoctorId], [r].[EmergencyAdmissionId], [r].[IsDeleted], [r].[Notes], [r].[PatientId], [r].[RequestDate], [r].[RequestNumber], [r].[Status], [r].[TotalAmount], [r].[UpdatedBy], [r].[UpdatedDate]
          FROM [RadiologyRequests] AS [r]
          WHERE [r].[IsDeleted] = CAST(0 AS bit)
          ORDER BY [r].[CreatedDate] DESC
          OFFSET @__p_0 ROWS FETCH NEXT @__p_1 ROWS ONLY
      ) AS [t]
      INNER JOIN (
          SELECT [p].[Id], [p].[Address], [p].[Allergies], [p].[BloodType], [p].[CreatedBy], [p].[CreatedDate], [p].[DateOfBirth], [p].[Email], [p].[EmergencyContact], [p].[EmergencyPhone], [p].[FullName], [p].[Gender], [p].[InsuranceBalance], [p].[InsuranceCoverageType], [p].[InsurancePlanId], [p].[InsurancePolicyNumber], [p].[InsuranceProviderId], [p].[InsuranceProviderNameManual], [p].[IsActive], [p].[IsDeleted], [p].[MedicalHistory], [p].[NationalId], [p].[PatientCode], [p].[PhoneNumber], [p].[UpdatedBy], [p].[UpdatedDate]
          FROM [Patients] AS [p]
          WHERE [p].[IsDeleted] = CAST(0 AS bit)
      ) AS [t0] ON [t].[PatientId] = [t0].[Id]
      LEFT JOIN (
          SELECT [d].[Id], [d].[ConsultationFee], [d].[CreatedBy], [d].[CreatedDate], [d].[DoctorCode], [d].[Email], [d].[EmployeeId], [d].[FullName], [d].[IsActive], [d].[IsDeleted], [d].[LicenseNumber], [d].[PhoneNumber], [d].[Specialization], [d].[SubSpecialization], [d].[UpdatedBy], [d].[UpdatedDate], [d].[WorkingDays], [d].[WorkingHours]
          FROM [Doctors] AS [d]
          WHERE [d].[IsDeleted] = CAST(0 AS bit)
      ) AS [t1] ON [t].[DoctorId] = [t1].[Id]
      LEFT JOIN (
          SELECT [r0].[Id], [r0].[CreatedBy], [r0].[CreatedDate], [r0].[Findings], [r0].[ImageUrl], [r0].[Impression], [r0].[IsDeleted], [r0].[PerformedBy], [r0].[RadiologistName], [r0].[RadiologyRequestId], [r0].[RadiologyTemplateId], [r0].[RadiologyTestId], [r0].[ResultDate], [r0].[UpdatedBy], [r0].[UpdatedDate], [t3].[Id] AS [Id0], [t3].[Category], [t3].[CreatedBy] AS [CreatedBy0], [t3].[CreatedDate] AS [CreatedDate0], [t3].[IsActive], [t3].[IsDeleted] AS [IsDeleted0], [t3].[Name], [t3].[NameAr], [t3].[PreparationInstructions], [t3].[PreparationInstructionsAr], [t3].[Price], [t3].[TestCode], [t3].[UpdatedBy] AS [UpdatedBy0], [t3].[UpdatedDate] AS [UpdatedDate0]
          FROM [RadiologyResults] AS [r0]
          INNER JOIN (
              SELECT [r1].[Id], [r1].[Category], [r1].[CreatedBy], [r1].[CreatedDate], [r1].[IsActive], [r1].[IsDeleted], [r1].[Name], [r1].[NameAr], [r1].[PreparationInstructions], [r1].[PreparationInstructionsAr], [r1].[Price], [r1].[TestCode], [r1].[UpdatedBy], [r1].[UpdatedDate]
              FROM [RadiologyTests] AS [r1]
              WHERE [r1].[IsDeleted] = CAST(0 AS bit)
          ) AS [t3] ON [r0].[RadiologyTestId] = [t3].[Id]
          WHERE [r0].[IsDeleted] = CAST(0 AS bit)
      ) AS [t2] ON [t].[Id] = [t2].[RadiologyRequestId]
      ORDER BY [t].[CreatedDate] DESC, [t].[Id], [t0].[Id], [t1].[Id], [t2].[Id]
info: Microsoft.EntityFrameworkCore.Database.Command[20101]
      Executed DbCommand (1ms) [Parameters=[@__userId_0='?' (DbType = Int32)], CommandType='Text', CommandTimeout='30']
      SELECT COUNT(*)
      FROM [Notifications] AS [n]
      WHERE ([n].[UserId] = @__userId_0 OR [n].[UserId] IS NULL) AND [n].[IsRead] = CAST(0 AS bit)
info: Microsoft.EntityFrameworkCore.Database.Command[20101]
      Executed DbCommand (1ms) [Parameters=[@__p_1='?' (DbType = Int32), @__userId_0='?' (DbType = Int32)], CommandType='Text', CommandTimeout='30']
      SELECT TOP(@__p_1) [n].[Id], [n].[CreatedBy], [n].[CreatedDate], [n].[EntityId], [n].[EntityType], [n].[IsDeleted], [n].[IsRead], [n].[Message], [n].[NotificationType], [n].[Title], [n].[UpdatedBy], [n].[UpdatedDate], [n].[UserId]
      FROM [Notifications] AS [n]
      WHERE [n].[UserId] = @__userId_0 OR [n].[UserId] IS NULL
      ORDER BY [n].[CreatedDate] DESC
info: Microsoft.EntityFrameworkCore.Database.Command[20101]
      Executed DbCommand (1ms) [Parameters=[], CommandType='Text', CommandTimeout='30']
      SELECT COUNT(*)
      FROM [Patients] AS [p]
      WHERE [p].[IsDeleted] = CAST(0 AS bit)
info: Microsoft.EntityFrameworkCore.Database.Command[20101]
      Executed DbCommand (3ms) [Parameters=[], CommandType='Text', CommandTimeout='30']
      SELECT COUNT(*)
      FROM [Prescriptions] AS [p]
      WHERE [p].[IsDeleted] = CAST(0 AS bit) AND [p].[Status] IN (N'Pending', N'Partially Dispensed')
info: Microsoft.EntityFrameworkCore.Database.Command[20101]
      Executed DbCommand (1ms) [Parameters=[@__p_0='?' (DbType = Int32), @__p_1='?' (DbType = Int32)], CommandType='Text', CommandTimeout='30']
      SELECT [t].[Id], [t].[Address], [t].[Allergies], [t].[BloodType], [t].[CreatedBy], [t].[CreatedDate], [t].[DateOfBirth], [t].[Email], [t].[EmergencyContact], [t].[EmergencyPhone], [t].[FullName], [t].[Gender], [t].[InsuranceBalance], [t].[InsuranceCoverageType], [t].[InsurancePlanId], [t].[InsurancePolicyNumber], [t].[InsuranceProviderId], [t].[InsuranceProviderNameManual], [t].[IsActive], [t].[IsDeleted], [t].[MedicalHistory], [t].[NationalId], [t].[PatientCode], [t].[PhoneNumber], [t].[UpdatedBy], [t].[UpdatedDate], [t0].[Id], [t0].[Address], [t0].[ContactPerson], [t0].[CreatedBy], [t0].[CreatedDate], [t0].[Email], [t0].[IsActive], [t0].[IsDeleted], [t0].[Name], [t0].[PhoneNumber], [t0].[TPA], [t0].[UpdatedBy], [t0].[UpdatedDate], [t1].[Id], [t1].[CoPayAmount], [t1].[CoveragePercentage], [t1].[CreatedBy], [t1].[CreatedDate], [t1].[Exclusions], [t1].[InsuranceProviderId], [t1].[IsActive], [t1].[IsDeleted], [t1].[MaxLimit], [t1].[PlanCode], [t1].[PlanName], [t1].[RequiresPreAuth], [t1].[UpdatedBy], [t1].[UpdatedDate]
      FROM (
          SELECT [p].[Id], [p].[Address], [p].[Allergies], [p].[BloodType], [p].[CreatedBy], [p].[CreatedDate], [p].[DateOfBirth], [p].[Email], [p].[EmergencyContact], [p].[EmergencyPhone], [p].[FullName], [p].[Gender], [p].[InsuranceBalance], [p].[InsuranceCoverageType], [p].[InsurancePlanId], [p].[InsurancePolicyNumber], [p].[InsuranceProviderId], [p].[InsuranceProviderNameManual], [p].[IsActive], [p].[IsDeleted], [p].[MedicalHistory], [p].[NationalId], [p].[PatientCode], [p].[PhoneNumber], [p].[UpdatedBy], [p].[UpdatedDate]
          FROM [Patients] AS [p]
          WHERE [p].[IsDeleted] = CAST(0 AS bit)
          ORDER BY [p].[CreatedDate] DESC
          OFFSET @__p_0 ROWS FETCH NEXT @__p_1 ROWS ONLY
      ) AS [t]
      LEFT JOIN (
          SELECT [i].[Id], [i].[Address], [i].[ContactPerson], [i].[CreatedBy], [i].[CreatedDate], [i].[Email], [i].[IsActive], [i].[IsDeleted], [i].[Name], [i].[PhoneNumber], [i].[TPA], [i].[UpdatedBy], [i].[UpdatedDate]
          FROM [InsuranceProviders] AS [i]
          WHERE [i].[IsDeleted] = CAST(0 AS bit)
      ) AS [t0] ON [t].[InsuranceProviderId] = [t0].[Id]
      LEFT JOIN (
          SELECT [i0].[Id], [i0].[CoPayAmount], [i0].[CoveragePercentage], [i0].[CreatedBy], [i0].[CreatedDate], [i0].[Exclusions], [i0].[InsuranceProviderId], [i0].[IsActive], [i0].[IsDeleted], [i0].[MaxLimit], [i0].[PlanCode], [i0].[PlanName], [i0].[RequiresPreAuth], [i0].[UpdatedBy], [i0].[UpdatedDate]
          FROM [InsurancePlans] AS [i0]
          WHERE [i0].[IsDeleted] = CAST(0 AS bit)
      ) AS [t1] ON [t].[InsurancePlanId] = [t1].[Id]
      ORDER BY [t].[CreatedDate] DESC
info: Microsoft.EntityFrameworkCore.Database.Command[20101]
      Executed DbCommand (1ms) [Parameters=[], CommandType='Text', CommandTimeout='30']
      SELECT COUNT(*)
      FROM [Items] AS [i]
      WHERE [i].[IsDeleted] = CAST(0 AS bit)
info: Microsoft.EntityFrameworkCore.Database.Command[20101]
      Executed DbCommand (1ms) [Parameters=[@__p_0='?' (DbType = Int32), @__p_1='?' (DbType = Int32)], CommandType='Text', CommandTimeout='30']
      SELECT [i].[Id], [i].[Barcode], [i].[Category], [i].[CreatedBy], [i].[CreatedDate], [i].[Description], [i].[DosageForm], [i].[GenericName], [i].[IsActive], [i].[IsDeleted], [i].[IsNarcotic], [i].[ItemCode], [i].[ItemName], [i].[ItemNameAr], [i].[PurchasePrice], [i].[RequiresRefrigeration], [i].[SalePrice], [i].[Strength], [i].[TaxRate], [i].[TrackBatches], [i].[Unit], [i].[UpdatedBy], [i].[UpdatedDate]
      FROM [Items] AS [i]
      WHERE [i].[IsDeleted] = CAST(0 AS bit)
      ORDER BY [i].[ItemName]
      OFFSET @__p_0 ROWS FETCH NEXT @__p_1 ROWS ONLY
info: Microsoft.EntityFrameworkCore.Database.Command[20101]
      Executed DbCommand (7ms) [Parameters=[@__p_1='?' (DbType = Int32), @__expiringSoonDate_0='?' (DbType = DateTime2)], CommandType='Text', CommandTimeout='30']
      SELECT [t].[Id], [t].[Barcode], [t].[BatchNumber], [t].[CreatedBy], [t].[CreatedDate], [t].[ExpiryDate], [t].[IsDeleted], [t].[ItemId], [t].[LotNumber], [t].[ManufactureDate], [t].[Notes], [t].[QuantityReceived], [t].[QuantityRemaining], [t].[ReceivedDate], [t].[Status], [t].[SupplierId], [t].[UnitCost], [t].[UpdatedBy], [t].[UpdatedDate], [t].[WarehouseId], [t0].[Id], [t0].[Barcode], [t0].[Category], [t0].[CreatedBy], [t0].[CreatedDate], [t0].[Description], [t0].[DosageForm], [t0].[GenericName], [t0].[IsActive], [t0].[IsDeleted], [t0].[IsNarcotic], [t0].[ItemCode], [t0].[ItemName], [t0].[ItemNameAr], [t0].[PurchasePrice], [t0].[RequiresRefrigeration], [t0].[SalePrice], [t0].[Strength], [t0].[TaxRate], [t0].[TrackBatches], [t0].[Unit], [t0].[UpdatedBy], [t0].[UpdatedDate], [t1].[Id], [t1].[CreatedBy], [t1].[CreatedDate], [t1].[IsActive], [t1].[IsDeleted], [t1].[Location], [t1].[UpdatedBy], [t1].[UpdatedDate], [t1].[WarehouseCode], [t1].[WarehouseName]
      FROM (
          SELECT TOP(@__p_1) [i].[Id], [i].[Barcode], [i].[BatchNumber], [i].[CreatedBy], [i].[CreatedDate], [i].[ExpiryDate], [i].[IsDeleted], [i].[ItemId], [i].[LotNumber], [i].[ManufactureDate], [i].[Notes], [i].[QuantityReceived], [i].[QuantityRemaining], [i].[ReceivedDate], [i].[Status], [i].[SupplierId], [i].[UnitCost], [i].[UpdatedBy], [i].[UpdatedDate], [i].[WarehouseId]
          FROM [ItemBatches] AS [i]
          WHERE [i].[IsDeleted] = CAST(0 AS bit) AND [i].[ExpiryDate] <= @__expiringSoonDate_0 AND [i].[QuantityRemaining] > 0.0 AND [i].[Status] = N'Active'
          ORDER BY [i].[ExpiryDate]
      ) AS [t]
      INNER JOIN (
          SELECT [i0].[Id], [i0].[Barcode], [i0].[Category], [i0].[CreatedBy], [i0].[CreatedDate], [i0].[Description], [i0].[DosageForm], [i0].[GenericName], [i0].[IsActive], [i0].[IsDeleted], [i0].[IsNarcotic], [i0].[ItemCode], [i0].[ItemName], [i0].[ItemNameAr], [i0].[PurchasePrice], [i0].[RequiresRefrigeration], [i0].[SalePrice], [i0].[Strength], [i0].[TaxRate], [i0].[TrackBatches], [i0].[Unit], [i0].[UpdatedBy], [i0].[UpdatedDate]
          FROM [Items] AS [i0]
          WHERE [i0].[IsDeleted] = CAST(0 AS bit)
      ) AS [t0] ON [t].[ItemId] = [t0].[Id]
      LEFT JOIN (
          SELECT [w].[Id], [w].[CreatedBy], [w].[CreatedDate], [w].[IsActive], [w].[IsDeleted], [w].[Location], [w].[UpdatedBy], [w].[UpdatedDate], [w].[WarehouseCode], [w].[WarehouseName]
          FROM [Warehouses] AS [w]
          WHERE [w].[IsDeleted] = CAST(0 AS bit)
      ) AS [t1] ON [t].[WarehouseId] = [t1].[Id]
      ORDER BY [t].[ExpiryDate]
info: Microsoft.EntityFrameworkCore.Database.Command[20101]
      Executed DbCommand (2ms) [Parameters=[@__expiringSoonDate_0='?' (DbType = DateTime2)], CommandType='Text', CommandTimeout='30']
      SELECT COUNT(*)
      FROM [ItemBatches] AS [i]
      WHERE [i].[IsDeleted] = CAST(0 AS bit) AND [i].[ExpiryDate] <= @__expiringSoonDate_0 AND [i].[QuantityRemaining] > 0.0 AND [i].[Status] = N'Active'
info: Microsoft.EntityFrameworkCore.Database.Command[20101]
      Executed DbCommand (2ms) [Parameters=[], CommandType='Text', CommandTimeout='30']
      SELECT COUNT(*)
      FROM [WarehouseStocks] AS [w]
      WHERE [w].[Quantity] <= [w].[ReorderLevel]
info: Microsoft.EntityFrameworkCore.Database.Command[20101]
      Executed DbCommand (4ms) [Parameters=[@__p_0='?' (DbType = Int32)], CommandType='Text', CommandTimeout='30']
      SELECT [t].[Id], [t].[AppointmentId], [t].[BedAdmissionId], [t].[CreatedBy], [t].[CreatedDate], [t].[DoctorId], [t].[EmergencyAdmissionId], [t].[IsDeleted], [t].[Notes], [t].[PatientId], [t].[PrescriptionDate], [t].[PrescriptionNumber], [t].[Status], [t].[UpdatedBy], [t].[UpdatedDate], [t0].[Id], [t0].[Address], [t0].[Allergies], [t0].[BloodType], [t0].[CreatedBy], [t0].[CreatedDate], [t0].[DateOfBirth], [t0].[Email], [t0].[EmergencyContact], [t0].[EmergencyPhone], [t0].[FullName], [t0].[Gender], [t0].[InsuranceBalance], [t0].[InsuranceCoverageType], [t0].[InsurancePlanId], [t0].[InsurancePolicyNumber], [t0].[InsuranceProviderId], [t0].[InsuranceProviderNameManual], [t0].[IsActive], [t0].[IsDeleted], [t0].[MedicalHistory], [t0].[NationalId], [t0].[PatientCode], [t0].[PhoneNumber], [t0].[UpdatedBy], [t0].[UpdatedDate], [t1].[Id], [t1].[ConsultationFee], [t1].[CreatedBy], [t1].[CreatedDate], [t1].[DoctorCode], [t1].[Email], [t1].[EmployeeId], [t1].[FullName], [t1].[IsActive], [t1].[IsDeleted], [t1].[LicenseNumber], [t1].[PhoneNumber], [t1].[Specialization], [t1].[SubSpecialization], [t1].[UpdatedBy], [t1].[UpdatedDate], [t1].[WorkingDays], [t1].[WorkingHours]
      FROM (
          SELECT TOP(@__p_0) [p].[Id], [p].[AppointmentId], [p].[BedAdmissionId], [p].[CreatedBy], [p].[CreatedDate], [p].[DoctorId], [p].[EmergencyAdmissionId], [p].[IsDeleted], [p].[Notes], [p].[PatientId], [p].[PrescriptionDate], [p].[PrescriptionNumber], [p].[Status], [p].[UpdatedBy], [p].[UpdatedDate]
          FROM [Prescriptions] AS [p]
          WHERE [p].[IsDeleted] = CAST(0 AS bit)
          ORDER BY [p].[PrescriptionDate] DESC
      ) AS [t]
      INNER JOIN (
          SELECT [p0].[Id], [p0].[Address], [p0].[Allergies], [p0].[BloodType], [p0].[CreatedBy], [p0].[CreatedDate], [p0].[DateOfBirth], [p0].[Email], [p0].[EmergencyContact], [p0].[EmergencyPhone], [p0].[FullName], [p0].[Gender], [p0].[InsuranceBalance], [p0].[InsuranceCoverageType], [p0].[InsurancePlanId], [p0].[InsurancePolicyNumber], [p0].[InsuranceProviderId], [p0].[InsuranceProviderNameManual], [p0].[IsActive], [p0].[IsDeleted], [p0].[MedicalHistory], [p0].[NationalId], [p0].[PatientCode], [p0].[PhoneNumber], [p0].[UpdatedBy], [p0].[UpdatedDate]
          FROM [Patients] AS [p0]
          WHERE [p0].[IsDeleted] = CAST(0 AS bit)
      ) AS [t0] ON [t].[PatientId] = [t0].[Id]
      LEFT JOIN (
          SELECT [d].[Id], [d].[ConsultationFee], [d].[CreatedBy], [d].[CreatedDate], [d].[DoctorCode], [d].[Email], [d].[EmployeeId], [d].[FullName], [d].[IsActive], [d].[IsDeleted], [d].[LicenseNumber], [d].[PhoneNumber], [d].[Specialization], [d].[SubSpecialization], [d].[UpdatedBy], [d].[UpdatedDate], [d].[WorkingDays], [d].[WorkingHours]
          FROM [Doctors] AS [d]
          WHERE [d].[IsDeleted] = CAST(0 AS bit)
      ) AS [t1] ON [t].[DoctorId] = [t1].[Id]
      ORDER BY [t].[PrescriptionDate] DESC
info: Microsoft.EntityFrameworkCore.Database.Command[20101]
      Executed DbCommand (4ms) [Parameters=[@__p_0='?' (DbType = Int32)], CommandType='Text', CommandTimeout='30']
      SELECT [t0].[Id], [t0].[CreatedBy], [t0].[CreatedDate], [t0].[IsDeleted], [t0].[ItemId], [t0].[MaxLevel], [t0].[Quantity], [t0].[ReorderLevel], [t0].[UpdatedBy], [t0].[UpdatedDate], [t0].[WarehouseId], [t0].[Id0], [t0].[Barcode], [t0].[Category], [t0].[CreatedBy0], [t0].[CreatedDate0], [t0].[Description], [t0].[DosageForm], [t0].[GenericName], [t0].[IsActive], [t0].[IsDeleted0], [t0].[IsNarcotic], [t0].[ItemCode], [t0].[ItemName], [t0].[ItemNameAr], [t0].[PurchasePrice], [t0].[RequiresRefrigeration], [t0].[SalePrice], [t0].[Strength], [t0].[TaxRate], [t0].[TrackBatches], [t0].[Unit], [t0].[UpdatedBy0], [t0].[UpdatedDate0], [t1].[Id], [t1].[CreatedBy], [t1].[CreatedDate], [t1].[IsActive], [t1].[IsDeleted], [t1].[Location], [t1].[UpdatedBy], [t1].[UpdatedDate], [t1].[WarehouseCode], [t1].[WarehouseName]
      FROM (
          SELECT TOP(@__p_0) [w].[Id], [w].[CreatedBy], [w].[CreatedDate], [w].[IsDeleted], [w].[ItemId], [w].[MaxLevel], [w].[Quantity], [w].[ReorderLevel], [w].[UpdatedBy], [w].[UpdatedDate], [w].[WarehouseId], [t].[Id] AS [Id0], [t].[Barcode], [t].[Category], [t].[CreatedBy] AS [CreatedBy0], [t].[CreatedDate] AS [CreatedDate0], [t].[Description], [t].[DosageForm], [t].[GenericName], [t].[IsActive], [t].[IsDeleted] AS [IsDeleted0], [t].[IsNarcotic], [t].[ItemCode], [t].[ItemName], [t].[ItemNameAr], [t].[PurchasePrice], [t].[RequiresRefrigeration], [t].[SalePrice], [t].[Strength], [t].[TaxRate], [t].[TrackBatches], [t].[Unit], [t].[UpdatedBy] AS [UpdatedBy0], [t].[UpdatedDate] AS [UpdatedDate0]
          FROM [WarehouseStocks] AS [w]
          INNER JOIN (
              SELECT [i].[Id], [i].[Barcode], [i].[Category], [i].[CreatedBy], [i].[CreatedDate], [i].[Description], [i].[DosageForm], [i].[GenericName], [i].[IsActive], [i].[IsDeleted], [i].[IsNarcotic], [i].[ItemCode], [i].[ItemName], [i].[ItemNameAr], [i].[PurchasePrice], [i].[RequiresRefrigeration], [i].[SalePrice], [i].[Strength], [i].[TaxRate], [i].[TrackBatches], [i].[Unit], [i].[UpdatedBy], [i].[UpdatedDate]
              FROM [Items] AS [i]
              WHERE [i].[IsDeleted] = CAST(0 AS bit)
          ) AS [t] ON [w].[ItemId] = [t].[Id]
          WHERE [w].[Quantity] <= [w].[ReorderLevel] AND [t].[Category] = N'Medication'
      ) AS [t0]
      INNER JOIN (
          SELECT [w0].[Id], [w0].[CreatedBy], [w0].[CreatedDate], [w0].[IsActive], [w0].[IsDeleted], [w0].[Location], [w0].[UpdatedBy], [w0].[UpdatedDate], [w0].[WarehouseCode], [w0].[WarehouseName]
          FROM [Warehouses] AS [w0]
          WHERE [w0].[IsDeleted] = CAST(0 AS bit)
      ) AS [t1] ON [t0].[WarehouseId] = [t1].[Id]
info: Microsoft.EntityFrameworkCore.Database.Command[20101]
      Executed DbCommand (1ms) [Parameters=[@__p_1='?' (DbType = Int32), @__userId_0='?' (DbType = Int32)], CommandType='Text', CommandTimeout='30']
      SELECT TOP(@__p_1) [n].[Id], [n].[CreatedBy], [n].[CreatedDate], [n].[EntityId], [n].[EntityType], [n].[IsDeleted], [n].[IsRead], [n].[Message], [n].[NotificationType], [n].[Title], [n].[UpdatedBy], [n].[UpdatedDate], [n].[UserId]
      FROM [Notifications] AS [n]
      WHERE [n].[UserId] = @__userId_0 OR [n].[UserId] IS NULL
      ORDER BY [n].[CreatedDate] DESC
info: Microsoft.EntityFrameworkCore.Database.Command[20101]
      Executed DbCommand (1ms) [Parameters=[@__userId_0='?' (DbType = Int32)], CommandType='Text', CommandTimeout='30']
      SELECT COUNT(*)
      FROM [Notifications] AS [n]
      WHERE ([n].[UserId] = @__userId_0 OR [n].[UserId] IS NULL) AND [n].[IsRead] = CAST(0 AS bit)
info: Microsoft.EntityFrameworkCore.Database.Command[20101]
      Executed DbCommand (1ms) [Parameters=[], CommandType='Text', CommandTimeout='30']
      SELECT COUNT(*)
      FROM [Doctors] AS [d]
      WHERE [d].[IsDeleted] = CAST(0 AS bit)
info: Microsoft.EntityFrameworkCore.Database.Command[20101]
      Executed DbCommand (1ms) [Parameters=[@__p_0='?' (DbType = Int32), @__p_1='?' (DbType = Int32)], CommandType='Text', CommandTimeout='30']
      SELECT [d].[Id], [d].[ConsultationFee], [d].[CreatedBy], [d].[CreatedDate], [d].[DoctorCode], [d].[Email], [d].[EmployeeId], [d].[FullName], [d].[IsActive], [d].[IsDeleted], [d].[LicenseNumber], [d].[PhoneNumber], [d].[Specialization], [d].[SubSpecialization], [d].[UpdatedBy], [d].[UpdatedDate], [d].[WorkingDays], [d].[WorkingHours]
      FROM [Doctors] AS [d]
      WHERE [d].[IsDeleted] = CAST(0 AS bit)
      ORDER BY [d].[CreatedDate] DESC
      OFFSET @__p_0 ROWS FETCH NEXT @__p_1 ROWS ONLY
info: Microsoft.EntityFrameworkCore.Database.Command[20101]
      Executed DbCommand (1ms) [Parameters=[], CommandType='Text', CommandTimeout='30']
      SELECT COUNT(*)
      FROM [Patients] AS [p]
      WHERE [p].[IsDeleted] = CAST(0 AS bit)
info: Microsoft.EntityFrameworkCore.Database.Command[20101]
      Executed DbCommand (1ms) [Parameters=[@__p_0='?' (DbType = Int32), @__p_1='?' (DbType = Int32)], CommandType='Text', CommandTimeout='30']
      SELECT [t].[Id], [t].[Address], [t].[Allergies], [t].[BloodType], [t].[CreatedBy], [t].[CreatedDate], [t].[DateOfBirth], [t].[Email], [t].[EmergencyContact], [t].[EmergencyPhone], [t].[FullName], [t].[Gender], [t].[InsuranceBalance], [t].[InsuranceCoverageType], [t].[InsurancePlanId], [t].[InsurancePolicyNumber], [t].[InsuranceProviderId], [t].[InsuranceProviderNameManual], [t].[IsActive], [t].[IsDeleted], [t].[MedicalHistory], [t].[NationalId], [t].[PatientCode], [t].[PhoneNumber], [t].[UpdatedBy], [t].[UpdatedDate], [t0].[Id], [t0].[Address], [t0].[ContactPerson], [t0].[CreatedBy], [t0].[CreatedDate], [t0].[Email], [t0].[IsActive], [t0].[IsDeleted], [t0].[Name], [t0].[PhoneNumber], [t0].[TPA], [t0].[UpdatedBy], [t0].[UpdatedDate], [t1].[Id], [t1].[CoPayAmount], [t1].[CoveragePercentage], [t1].[CreatedBy], [t1].[CreatedDate], [t1].[Exclusions], [t1].[InsuranceProviderId], [t1].[IsActive], [t1].[IsDeleted], [t1].[MaxLimit], [t1].[PlanCode], [t1].[PlanName], [t1].[RequiresPreAuth], [t1].[UpdatedBy], [t1].[UpdatedDate]
      FROM (
          SELECT [p].[Id], [p].[Address], [p].[Allergies], [p].[BloodType], [p].[CreatedBy], [p].[CreatedDate], [p].[DateOfBirth], [p].[Email], [p].[EmergencyContact], [p].[EmergencyPhone], [p].[FullName], [p].[Gender], [p].[InsuranceBalance], [p].[InsuranceCoverageType], [p].[InsurancePlanId], [p].[InsurancePolicyNumber], [p].[InsuranceProviderId], [p].[InsuranceProviderNameManual], [p].[IsActive], [p].[IsDeleted], [p].[MedicalHistory], [p].[NationalId], [p].[PatientCode], [p].[PhoneNumber], [p].[UpdatedBy], [p].[UpdatedDate]
          FROM [Patients] AS [p]
          WHERE [p].[IsDeleted] = CAST(0 AS bit)
          ORDER BY [p].[CreatedDate] DESC
          OFFSET @__p_0 ROWS FETCH NEXT @__p_1 ROWS ONLY
      ) AS [t]
      LEFT JOIN (
          SELECT [i].[Id], [i].[Address], [i].[ContactPerson], [i].[CreatedBy], [i].[CreatedDate], [i].[Email], [i].[IsActive], [i].[IsDeleted], [i].[Name], [i].[PhoneNumber], [i].[TPA], [i].[UpdatedBy], [i].[UpdatedDate]
          FROM [InsuranceProviders] AS [i]
          WHERE [i].[IsDeleted] = CAST(0 AS bit)
      ) AS [t0] ON [t].[InsuranceProviderId] = [t0].[Id]
      LEFT JOIN (
          SELECT [i0].[Id], [i0].[CoPayAmount], [i0].[CoveragePercentage], [i0].[CreatedBy], [i0].[CreatedDate], [i0].[Exclusions], [i0].[InsuranceProviderId], [i0].[IsActive], [i0].[IsDeleted], [i0].[MaxLimit], [i0].[PlanCode], [i0].[PlanName], [i0].[RequiresPreAuth], [i0].[UpdatedBy], [i0].[UpdatedDate]
          FROM [InsurancePlans] AS [i0]
          WHERE [i0].[IsDeleted] = CAST(0 AS bit)
      ) AS [t1] ON [t].[InsurancePlanId] = [t1].[Id]
      ORDER BY [t].[CreatedDate] DESC
info: Microsoft.EntityFrameworkCore.Database.Command[20101]
      Executed DbCommand (2ms) [Parameters=[], CommandType='Text', CommandTimeout='30']
      SELECT COUNT(*)
      FROM [Wards] AS [w]
      WHERE [w].[IsDeleted] = CAST(0 AS bit)
info: Microsoft.EntityFrameworkCore.Database.Command[20101]
      Executed DbCommand (8ms) [Parameters=[@__p_0='?' (DbType = Int32), @__p_1='?' (DbType = Int32)], CommandType='Text', CommandTimeout='30']
      SELECT [w].[Id], [w].[WardCode], [w].[WardName], [w].[WardNameAr], [w].[WardType], [w].[FloorNumber], [w].[Description], [w].[IsActive], (
          SELECT COUNT(*)
          FROM [Rooms] AS [r]
          WHERE [r].[IsDeleted] = CAST(0 AS bit) AND [w].[Id] = [r].[WardId] AND [r].[IsDeleted] = CAST(0 AS bit)) AS [TotalRooms], (
          SELECT COUNT(*)
          FROM [Rooms] AS [r0]
          INNER JOIN (
              SELECT [b].[Id], [b].[BedNumber], [b].[CreatedBy], [b].[CreatedDate], [b].[IsDeleted], [b].[RoomId], [b].[Status], [b].[UpdatedBy], [b].[UpdatedDate]
              FROM [Beds] AS [b]
              WHERE [b].[IsDeleted] = CAST(0 AS bit)
          ) AS [t] ON [r0].[Id] = [t].[RoomId]
          WHERE [r0].[IsDeleted] = CAST(0 AS bit) AND [w].[Id] = [r0].[WardId] AND [r0].[IsDeleted] = CAST(0 AS bit) AND [t].[IsDeleted] = CAST(0 AS bit)) AS [TotalBeds], (
          SELECT COUNT(*)
          FROM [Rooms] AS [r1]
          INNER JOIN (
              SELECT [b0].[Id], [b0].[BedNumber], [b0].[CreatedBy], [b0].[CreatedDate], [b0].[IsDeleted], [b0].[RoomId], [b0].[Status], [b0].[UpdatedBy], [b0].[UpdatedDate]
              FROM [Beds] AS [b0]
              WHERE [b0].[IsDeleted] = CAST(0 AS bit)
          ) AS [t0] ON [r1].[Id] = [t0].[RoomId]
          WHERE [r1].[IsDeleted] = CAST(0 AS bit) AND [w].[Id] = [r1].[WardId] AND [r1].[IsDeleted] = CAST(0 AS bit) AND [t0].[IsDeleted] = CAST(0 AS bit) AND [t0].[Status] = N'Occupied') AS [OccupiedBeds]
      FROM [Wards] AS [w]
      WHERE [w].[IsDeleted] = CAST(0 AS bit)
      ORDER BY (SELECT 1)
      OFFSET @__p_0 ROWS FETCH NEXT @__p_1 ROWS ONLY
info: Microsoft.EntityFrameworkCore.Database.Command[20101]
      Executed DbCommand (1ms) [Parameters=[@__userId_0='?' (DbType = Int32)], CommandType='Text', CommandTimeout='30']
      SELECT COUNT(*)
      FROM [Notifications] AS [n]
      WHERE ([n].[UserId] = @__userId_0 OR [n].[UserId] IS NULL) AND [n].[IsRead] = CAST(0 AS bit)
info: Microsoft.EntityFrameworkCore.Database.Command[20101]
      Executed DbCommand (1ms) [Parameters=[@__p_1='?' (DbType = Int32), @__userId_0='?' (DbType = Int32)], CommandType='Text', CommandTimeout='30']
      SELECT TOP(@__p_1) [n].[Id], [n].[CreatedBy], [n].[CreatedDate], [n].[EntityId], [n].[EntityType], [n].[IsDeleted], [n].[IsRead], [n].[Message], [n].[NotificationType], [n].[Title], [n].[UpdatedBy], [n].[UpdatedDate], [n].[UserId]
      FROM [Notifications] AS [n]
      WHERE [n].[UserId] = @__userId_0 OR [n].[UserId] IS NULL
      ORDER BY [n].[CreatedDate] DESC
info: Microsoft.EntityFrameworkCore.Database.Command[20101]
      Executed DbCommand (2ms) [Parameters=[], CommandType='Text', CommandTimeout='30']
      SELECT [o].[Id], [o].[CreatedBy], [o].[CreatedDate], [o].[IsDeleted], [o].[Location], [o].[Name], [o].[Status], [o].[UpdatedBy], [o].[UpdatedDate]
      FROM [OperatingTheaters] AS [o]
      WHERE [o].[IsDeleted] = CAST(0 AS bit)
info: Microsoft.EntityFrameworkCore.Database.Command[20101]
      Executed DbCommand (2ms) [Parameters=[], CommandType='Text', CommandTimeout='30']
      SELECT COUNT(*)
      FROM [ScheduledSurgeries] AS [s]
      WHERE [s].[IsDeleted] = CAST(0 AS bit)
info: Microsoft.EntityFrameworkCore.Database.Command[20101]
      Executed DbCommand (0ms) [Parameters=[], CommandType='Text', CommandTimeout='30']
      SELECT COUNT(*)
      FROM [Patients] AS [p]
      WHERE [p].[IsDeleted] = CAST(0 AS bit)
info: Microsoft.EntityFrameworkCore.Database.Command[20101]
      Executed DbCommand (3ms) [Parameters=[], CommandType='Text', CommandTimeout='30']
      SELECT COUNT(*)
      FROM [Doctors] AS [d]
      WHERE [d].[IsDeleted] = CAST(0 AS bit)
info: Microsoft.EntityFrameworkCore.Database.Command[20101]
      Executed DbCommand (3ms) [Parameters=[@__p_0='?' (DbType = Int32), @__p_1='?' (DbType = Int32)], CommandType='Text', CommandTimeout='30']
      SELECT [t].[Id], [t].[Address], [t].[Allergies], [t].[BloodType], [t].[CreatedBy], [t].[CreatedDate], [t].[DateOfBirth], [t].[Email], [t].[EmergencyContact], [t].[EmergencyPhone], [t].[FullName], [t].[Gender], [t].[InsuranceBalance], [t].[InsuranceCoverageType], [t].[InsurancePlanId], [t].[InsurancePolicyNumber], [t].[InsuranceProviderId], [t].[InsuranceProviderNameManual], [t].[IsActive], [t].[IsDeleted], [t].[MedicalHistory], [t].[NationalId], [t].[PatientCode], [t].[PhoneNumber], [t].[UpdatedBy], [t].[UpdatedDate], [t0].[Id], [t0].[Address], [t0].[ContactPerson], [t0].[CreatedBy], [t0].[CreatedDate], [t0].[Email], [t0].[IsActive], [t0].[IsDeleted], [t0].[Name], [t0].[PhoneNumber], [t0].[TPA], [t0].[UpdatedBy], [t0].[UpdatedDate], [t1].[Id], [t1].[CoPayAmount], [t1].[CoveragePercentage], [t1].[CreatedBy], [t1].[CreatedDate], [t1].[Exclusions], [t1].[InsuranceProviderId], [t1].[IsActive], [t1].[IsDeleted], [t1].[MaxLimit], [t1].[PlanCode], [t1].[PlanName], [t1].[RequiresPreAuth], [t1].[UpdatedBy], [t1].[UpdatedDate]
      FROM (
          SELECT [p].[Id], [p].[Address], [p].[Allergies], [p].[BloodType], [p].[CreatedBy], [p].[CreatedDate], [p].[DateOfBirth], [p].[Email], [p].[EmergencyContact], [p].[EmergencyPhone], [p].[FullName], [p].[Gender], [p].[InsuranceBalance], [p].[InsuranceCoverageType], [p].[InsurancePlanId], [p].[InsurancePolicyNumber], [p].[InsuranceProviderId], [p].[InsuranceProviderNameManual], [p].[IsActive], [p].[IsDeleted], [p].[MedicalHistory], [p].[NationalId], [p].[PatientCode], [p].[PhoneNumber], [p].[UpdatedBy], [p].[UpdatedDate]
          FROM [Patients] AS [p]
          WHERE [p].[IsDeleted] = CAST(0 AS bit)
          ORDER BY [p].[CreatedDate] DESC
          OFFSET @__p_0 ROWS FETCH NEXT @__p_1 ROWS ONLY
      ) AS [t]
      LEFT JOIN (
          SELECT [i].[Id], [i].[Address], [i].[ContactPerson], [i].[CreatedBy], [i].[CreatedDate], [i].[Email], [i].[IsActive], [i].[IsDeleted], [i].[Name], [i].[PhoneNumber], [i].[TPA], [i].[UpdatedBy], [i].[UpdatedDate]
          FROM [InsuranceProviders] AS [i]
          WHERE [i].[IsDeleted] = CAST(0 AS bit)
      ) AS [t0] ON [t].[InsuranceProviderId] = [t0].[Id]
      LEFT JOIN (
          SELECT [i0].[Id], [i0].[CoPayAmount], [i0].[CoveragePercentage], [i0].[CreatedBy], [i0].[CreatedDate], [i0].[Exclusions], [i0].[InsuranceProviderId], [i0].[IsActive], [i0].[IsDeleted], [i0].[MaxLimit], [i0].[PlanCode], [i0].[PlanName], [i0].[RequiresPreAuth], [i0].[UpdatedBy], [i0].[UpdatedDate]
          FROM [InsurancePlans] AS [i0]
          WHERE [i0].[IsDeleted] = CAST(0 AS bit)
      ) AS [t1] ON [t].[InsurancePlanId] = [t1].[Id]
      ORDER BY [t].[CreatedDate] DESC
info: Microsoft.EntityFrameworkCore.Database.Command[20101]
      Executed DbCommand (2ms) [Parameters=[@__p_0='?' (DbType = Int32), @__p_1='?' (DbType = Int32)], CommandType='Text', CommandTimeout='30']
      SELECT [d].[Id], [d].[ConsultationFee], [d].[CreatedBy], [d].[CreatedDate], [d].[DoctorCode], [d].[Email], [d].[EmployeeId], [d].[FullName], [d].[IsActive], [d].[IsDeleted], [d].[LicenseNumber], [d].[PhoneNumber], [d].[Specialization], [d].[SubSpecialization], [d].[UpdatedBy], [d].[UpdatedDate], [d].[WorkingDays], [d].[WorkingHours]
      FROM [Doctors] AS [d]
      WHERE [d].[IsDeleted] = CAST(0 AS bit)
      ORDER BY [d].[CreatedDate] DESC
      OFFSET @__p_0 ROWS FETCH NEXT @__p_1 ROWS ONLY
info: Microsoft.EntityFrameworkCore.Database.Command[20101]
      Executed DbCommand (1ms) [Parameters=[], CommandType='Text', CommandTimeout='30']
      SELECT COUNT(*)
      FROM [Items] AS [i]
      WHERE [i].[IsDeleted] = CAST(0 AS bit)
info: Microsoft.EntityFrameworkCore.Database.Command[20101]
      Executed DbCommand (1ms) [Parameters=[@__p_0='?' (DbType = Int32), @__p_1='?' (DbType = Int32)], CommandType='Text', CommandTimeout='30']
      SELECT [i].[Id], [i].[Barcode], [i].[Category], [i].[CreatedBy], [i].[CreatedDate], [i].[Description], [i].[DosageForm], [i].[GenericName], [i].[IsActive], [i].[IsDeleted], [i].[IsNarcotic], [i].[ItemCode], [i].[ItemName], [i].[ItemNameAr], [i].[PurchasePrice], [i].[RequiresRefrigeration], [i].[SalePrice], [i].[Strength], [i].[TaxRate], [i].[TrackBatches], [i].[Unit], [i].[UpdatedBy], [i].[UpdatedDate]
      FROM [Items] AS [i]
      WHERE [i].[IsDeleted] = CAST(0 AS bit)
      ORDER BY [i].[ItemName]
      OFFSET @__p_0 ROWS FETCH NEXT @__p_1 ROWS ONLY
info: Microsoft.EntityFrameworkCore.Database.Command[20101]
      Executed DbCommand (16ms) [Parameters=[@__p_0='?' (DbType = Int32), @__p_1='?' (DbType = Int32)], CommandType='Text', CommandTimeout='30']
      SELECT [t].[Id], [t].[AnesthetistId], [t].[BedAdmissionId], [t].[CreatedBy], [t].[CreatedDate], [t].[InvoiceId], [t].[IsDeleted], [t].[LeadSurgeonId], [t].[Notes], [t].[OperatingTheaterId], [t].[PatientId], [t].[PostOpDiagnosis], [t].[PreOpDiagnosis], [t].[Priority], [t].[ProcedureName], [t].[ScheduledEndTime], [t].[ScheduledStartTime], [t].[Status], [t].[TotalCost], [t].[UpdatedBy], [t].[UpdatedDate], [t0].[Id], [t0].[Address], [t0].[Allergies], [t0].[BloodType], [t0].[CreatedBy], [t0].[CreatedDate], [t0].[DateOfBirth], [t0].[Email], [t0].[EmergencyContact], [t0].[EmergencyPhone], [t0].[FullName], [t0].[Gender], [t0].[InsuranceBalance], [t0].[InsuranceCoverageType], [t0].[InsurancePlanId], [t0].[InsurancePolicyNumber], [t0].[InsuranceProviderId], [t0].[InsuranceProviderNameManual], [t0].[IsActive], [t0].[IsDeleted], [t0].[MedicalHistory], [t0].[NationalId], [t0].[PatientCode], [t0].[PhoneNumber], [t0].[UpdatedBy], [t0].[UpdatedDate], [t1].[Id], [t1].[ConsultationFee], [t1].[CreatedBy], [t1].[CreatedDate], [t1].[DoctorCode], [t1].[Email], [t1].[EmployeeId], [t1].[FullName], [t1].[IsActive], [t1].[IsDeleted], [t1].[LicenseNumber], [t1].[PhoneNumber], [t1].[Specialization], [t1].[SubSpecialization], [t1].[UpdatedBy], [t1].[UpdatedDate], [t1].[WorkingDays], [t1].[WorkingHours], [t2].[Id], [t2].[ConsultationFee], [t2].[CreatedBy], [t2].[CreatedDate], [t2].[DoctorCode], [t2].[Email], [t2].[EmployeeId], [t2].[FullName], [t2].[IsActive], [t2].[IsDeleted], [t2].[LicenseNumber], [t2].[PhoneNumber], [t2].[Specialization], [t2].[SubSpecialization], [t2].[UpdatedBy], [t2].[UpdatedDate], [t2].[WorkingDays], [t2].[WorkingHours], [t3].[Id], [t3].[CreatedBy], [t3].[CreatedDate], [t3].[IsDeleted], [t3].[Location], [t3].[Name], [t3].[Status], [t3].[UpdatedBy], [t3].[UpdatedDate]
      FROM (
          SELECT [s].[Id], [s].[AnesthetistId], [s].[BedAdmissionId], [s].[CreatedBy], [s].[CreatedDate], [s].[InvoiceId], [s].[IsDeleted], [s].[LeadSurgeonId], [s].[Notes], [s].[OperatingTheaterId], [s].[PatientId], [s].[PostOpDiagnosis], [s].[PreOpDiagnosis], [s].[Priority], [s].[ProcedureName], [s].[ScheduledEndTime], [s].[ScheduledStartTime], [s].[Status], [s].[TotalCost], [s].[UpdatedBy], [s].[UpdatedDate]
          FROM [ScheduledSurgeries] AS [s]
          WHERE [s].[IsDeleted] = CAST(0 AS bit)
          ORDER BY [s].[ScheduledStartTime] DESC
          OFFSET @__p_0 ROWS FETCH NEXT @__p_1 ROWS ONLY
      ) AS [t]
      INNER JOIN (
          SELECT [p].[Id], [p].[Address], [p].[Allergies], [p].[BloodType], [p].[CreatedBy], [p].[CreatedDate], [p].[DateOfBirth], [p].[Email], [p].[EmergencyContact], [p].[EmergencyPhone], [p].[FullName], [p].[Gender], [p].[InsuranceBalance], [p].[InsuranceCoverageType], [p].[InsurancePlanId], [p].[InsurancePolicyNumber], [p].[InsuranceProviderId], [p].[InsuranceProviderNameManual], [p].[IsActive], [p].[IsDeleted], [p].[MedicalHistory], [p].[NationalId], [p].[PatientCode], [p].[PhoneNumber], [p].[UpdatedBy], [p].[UpdatedDate]
          FROM [Patients] AS [p]
          WHERE [p].[IsDeleted] = CAST(0 AS bit)
      ) AS [t0] ON [t].[PatientId] = [t0].[Id]
      INNER JOIN (
          SELECT [d].[Id], [d].[ConsultationFee], [d].[CreatedBy], [d].[CreatedDate], [d].[DoctorCode], [d].[Email], [d].[EmployeeId], [d].[FullName], [d].[IsActive], [d].[IsDeleted], [d].[LicenseNumber], [d].[PhoneNumber], [d].[Specialization], [d].[SubSpecialization], [d].[UpdatedBy], [d].[UpdatedDate], [d].[WorkingDays], [d].[WorkingHours]
          FROM [Doctors] AS [d]
          WHERE [d].[IsDeleted] = CAST(0 AS bit)
      ) AS [t1] ON [t].[LeadSurgeonId] = [t1].[Id]
      LEFT JOIN (
          SELECT [d0].[Id], [d0].[ConsultationFee], [d0].[CreatedBy], [d0].[CreatedDate], [d0].[DoctorCode], [d0].[Email], [d0].[EmployeeId], [d0].[FullName], [d0].[IsActive], [d0].[IsDeleted], [d0].[LicenseNumber], [d0].[PhoneNumber], [d0].[Specialization], [d0].[SubSpecialization], [d0].[UpdatedBy], [d0].[UpdatedDate], [d0].[WorkingDays], [d0].[WorkingHours]
          FROM [Doctors] AS [d0]
          WHERE [d0].[IsDeleted] = CAST(0 AS bit)
      ) AS [t2] ON [t].[AnesthetistId] = [t2].[Id]
      INNER JOIN (
          SELECT [o].[Id], [o].[CreatedBy], [o].[CreatedDate], [o].[IsDeleted], [o].[Location], [o].[Name], [o].[Status], [o].[UpdatedBy], [o].[UpdatedDate]
          FROM [OperatingTheaters] AS [o]
          WHERE [o].[IsDeleted] = CAST(0 AS bit)
      ) AS [t3] ON [t].[OperatingTheaterId] = [t3].[Id]
      ORDER BY [t].[ScheduledStartTime] DESC
info: Microsoft.EntityFrameworkCore.Database.Command[20101]
      Executed DbCommand (1ms) [Parameters=[@__p_1='?' (DbType = Int32), @__userId_0='?' (DbType = Int32)], CommandType='Text', CommandTimeout='30']
      SELECT TOP(@__p_1) [n].[Id], [n].[CreatedBy], [n].[CreatedDate], [n].[EntityId], [n].[EntityType], [n].[IsDeleted], [n].[IsRead], [n].[Message], [n].[NotificationType], [n].[Title], [n].[UpdatedBy], [n].[UpdatedDate], [n].[UserId]
      FROM [Notifications] AS [n]
      WHERE [n].[UserId] = @__userId_0 OR [n].[UserId] IS NULL
      ORDER BY [n].[CreatedDate] DESC
info: Microsoft.EntityFrameworkCore.Database.Command[20101]
      Executed DbCommand (1ms) [Parameters=[@__userId_0='?' (DbType = Int32)], CommandType='Text', CommandTimeout='30']
      SELECT COUNT(*)
      FROM [Notifications] AS [n]
      WHERE ([n].[UserId] = @__userId_0 OR [n].[UserId] IS NULL) AND [n].[IsRead] = CAST(0 AS bit)
info: Microsoft.EntityFrameworkCore.Database.Command[20101]
      Executed DbCommand (2ms) [Parameters=[], CommandType='Text', CommandTimeout='30']
      SELECT COUNT(*)
      FROM [EmergencyAdmissions] AS [e]
      WHERE [e].[IsDeleted] = CAST(0 AS bit) AND [e].[Status] NOT IN (N'Discharged', N'Admitted', N'Expired')
info: Microsoft.EntityFrameworkCore.Database.Command[20101]
      Executed DbCommand (2ms) [Parameters=[], CommandType='Text', CommandTimeout='30']
      SELECT [e].[Id], [e].[ArrivalMode], [e].[ArrivalTime], [e].[AssignedDoctorId], [e].[ChiefComplaint], [e].[CreatedBy], [e].[CreatedDate], [e].[Diagnosis], [e].[Disposition], [e].[DispositionTime], [e].[ERBayNumber], [e].[InitialVitalSigns], [e].[InpatientAdmissionId], [e].[IsDeleted], [e].[Notes], [e].[PatientId], [e].[Status], [e].[TriageCategory], [e].[TriageLevel], [e].[TriageNotes], [e].[TriageNurseId], [e].[TriageTime], [e].[UpdatedBy], [e].[UpdatedDate]
      FROM [EmergencyAdmissions] AS [e]
      WHERE [e].[IsDeleted] = CAST(0 AS bit) AND [e].[Status] NOT IN (N'Discharged', N'Admitted', N'Expired')
info: Microsoft.EntityFrameworkCore.Database.Command[20101]
      Executed DbCommand (7ms) [Parameters=[@__p_0='?' (DbType = Int32), @__p_1='?' (DbType = Int32)], CommandType='Text', CommandTimeout='30']
      SELECT [t].[Id], [t].[ArrivalMode], [t].[ArrivalTime], [t].[AssignedDoctorId], [t].[ChiefComplaint], [t].[CreatedBy], [t].[CreatedDate], [t].[Diagnosis], [t].[Disposition], [t].[DispositionTime], [t].[ERBayNumber], [t].[InitialVitalSigns], [t].[InpatientAdmissionId], [t].[IsDeleted], [t].[Notes], [t].[PatientId], [t].[Status], [t].[TriageCategory], [t].[TriageLevel], [t].[TriageNotes], [t].[TriageNurseId], [t].[TriageTime], [t].[UpdatedBy], [t].[UpdatedDate], [t0].[Id], [t0].[Address], [t0].[Allergies], [t0].[BloodType], [t0].[CreatedBy], [t0].[CreatedDate], [t0].[DateOfBirth], [t0].[Email], [t0].[EmergencyContact], [t0].[EmergencyPhone], [t0].[FullName], [t0].[Gender], [t0].[InsuranceBalance], [t0].[InsuranceCoverageType], [t0].[InsurancePlanId], [t0].[InsurancePolicyNumber], [t0].[InsuranceProviderId], [t0].[InsuranceProviderNameManual], [t0].[IsActive], [t0].[IsDeleted], [t0].[MedicalHistory], [t0].[NationalId], [t0].[PatientCode], [t0].[PhoneNumber], [t0].[UpdatedBy], [t0].[UpdatedDate], [t1].[Id], [t1].[CreatedBy], [t1].[CreatedDate], [t1].[Email], [t1].[FullName], [t1].[IsActive], [t1].[IsDeleted], [t1].[PasswordHash], [t1].[PhoneNumber], [t1].[RefreshToken], [t1].[RefreshTokenExpiry], [t1].[RoleId], [t1].[UpdatedBy], [t1].[UpdatedDate], [t1].[Username]
      FROM (
          SELECT [e].[Id], [e].[ArrivalMode], [e].[ArrivalTime], [e].[AssignedDoctorId], [e].[ChiefComplaint], [e].[CreatedBy], [e].[CreatedDate], [e].[Diagnosis], [e].[Disposition], [e].[DispositionTime], [e].[ERBayNumber], [e].[InitialVitalSigns], [e].[InpatientAdmissionId], [e].[IsDeleted], [e].[Notes], [e].[PatientId], [e].[Status], [e].[TriageCategory], [e].[TriageLevel], [e].[TriageNotes], [e].[TriageNurseId], [e].[TriageTime], [e].[UpdatedBy], [e].[UpdatedDate]
          FROM [EmergencyAdmissions] AS [e]
          WHERE [e].[IsDeleted] = CAST(0 AS bit) AND [e].[Status] NOT IN (N'Discharged', N'Admitted', N'Expired')
          ORDER BY [e].[TriageLevel] DESC, [e].[ArrivalTime]
          OFFSET @__p_0 ROWS FETCH NEXT @__p_1 ROWS ONLY
      ) AS [t]
      INNER JOIN (
          SELECT [p].[Id], [p].[Address], [p].[Allergies], [p].[BloodType], [p].[CreatedBy], [p].[CreatedDate], [p].[DateOfBirth], [p].[Email], [p].[EmergencyContact], [p].[EmergencyPhone], [p].[FullName], [p].[Gender], [p].[InsuranceBalance], [p].[InsuranceCoverageType], [p].[InsurancePlanId], [p].[InsurancePolicyNumber], [p].[InsuranceProviderId], [p].[InsuranceProviderNameManual], [p].[IsActive], [p].[IsDeleted], [p].[MedicalHistory], [p].[NationalId], [p].[PatientCode], [p].[PhoneNumber], [p].[UpdatedBy], [p].[UpdatedDate]
          FROM [Patients] AS [p]
          WHERE [p].[IsDeleted] = CAST(0 AS bit)
      ) AS [t0] ON [t].[PatientId] = [t0].[Id]
      LEFT JOIN (
          SELECT [u].[Id], [u].[CreatedBy], [u].[CreatedDate], [u].[Email], [u].[FullName], [u].[IsActive], [u].[IsDeleted], [u].[PasswordHash], [u].[PhoneNumber], [u].[RefreshToken], [u].[RefreshTokenExpiry], [u].[RoleId], [u].[UpdatedBy], [u].[UpdatedDate], [u].[Username]
          FROM [Users] AS [u]
          WHERE [u].[IsDeleted] = CAST(0 AS bit)
      ) AS [t1] ON [t].[AssignedDoctorId] = [t1].[Id]
      ORDER BY [t].[TriageLevel] DESC, [t].[ArrivalTime]
info: Microsoft.EntityFrameworkCore.Database.Command[20101]
      Executed DbCommand (1ms) [Parameters=[@__userId_0='?' (DbType = Int32)], CommandType='Text', CommandTimeout='30']
      SELECT COUNT(*)
      FROM [Notifications] AS [n]
      WHERE ([n].[UserId] = @__userId_0 OR [n].[UserId] IS NULL) AND [n].[IsRead] = CAST(0 AS bit)
info: Microsoft.EntityFrameworkCore.Database.Command[20101]
      Executed DbCommand (1ms) [Parameters=[@__p_1='?' (DbType = Int32), @__userId_0='?' (DbType = Int32)], CommandType='Text', CommandTimeout='30']
      SELECT TOP(@__p_1) [n].[Id], [n].[CreatedBy], [n].[CreatedDate], [n].[EntityId], [n].[EntityType], [n].[IsDeleted], [n].[IsRead], [n].[Message], [n].[NotificationType], [n].[Title], [n].[UpdatedBy], [n].[UpdatedDate], [n].[UserId]
      FROM [Notifications] AS [n]
      WHERE [n].[UserId] = @__userId_0 OR [n].[UserId] IS NULL
      ORDER BY [n].[CreatedDate] DESC
info: Microsoft.EntityFrameworkCore.Database.Command[20101]
      Executed DbCommand (2ms) [Parameters=[@__status_0='?' (Size = 4000)], CommandType='Text', CommandTimeout='30']
      SELECT COUNT(*)
      FROM [BedAdmissions] AS [b]
      WHERE [b].[IsDeleted] = CAST(0 AS bit) AND [b].[Status] = @__status_0
info: Microsoft.EntityFrameworkCore.Database.Command[20101]
      Executed DbCommand (9ms) [Parameters=[@__status_0='?' (Size = 4000), @__p_1='?' (DbType = Int32), @__p_2='?' (DbType = Int32)], CommandType='Text', CommandTimeout='30']
      SELECT [t].[Id], [t].[BedId], [t0].[BedNumber], [t1].[RoomNumber], [t2].[WardName], [t].[PatientId], [t3].[PatientCode], [t3].[FullName] AS [PatientName], [t].[DoctorId], CASE
          WHEN [t4].[Id] IS NOT NULL THEN N'Dr. ' + COALESCE([t5].[FullName], N'')
          ELSE NULL
      END AS [DoctorName], [t].[AdmissionDate], [t].[DischargeDate], [t].[AdmissionType], [t].[Status], [t].[AdmissionReason], [t].[DischargeNotes], [t].[DailyRate], [t].[Notes], [t].[EmergencyAdmissionId]
      FROM (
          SELECT [b].[Id], [b].[AdmissionDate], [b].[AdmissionReason], [b].[AdmissionType], [b].[BedId], [b].[DailyRate], [b].[DischargeDate], [b].[DischargeNotes], [b].[DoctorId], [b].[EmergencyAdmissionId], [b].[Notes], [b].[PatientId], [b].[Status]
          FROM [BedAdmissions] AS [b]
          WHERE [b].[IsDeleted] = CAST(0 AS bit) AND [b].[Status] = @__status_0
          ORDER BY [b].[AdmissionDate] DESC
          OFFSET @__p_1 ROWS FETCH NEXT @__p_2 ROWS ONLY
      ) AS [t]
      INNER JOIN (
          SELECT [b0].[Id], [b0].[BedNumber], [b0].[RoomId]
          FROM [Beds] AS [b0]
          WHERE [b0].[IsDeleted] = CAST(0 AS bit)
      ) AS [t0] ON [t].[BedId] = [t0].[Id]
      INNER JOIN (
          SELECT [r].[Id], [r].[RoomNumber], [r].[WardId]
          FROM [Rooms] AS [r]
          WHERE [r].[IsDeleted] = CAST(0 AS bit)
      ) AS [t1] ON [t0].[RoomId] = [t1].[Id]
      INNER JOIN (
          SELECT [w].[Id], [w].[WardName]
          FROM [Wards] AS [w]
          WHERE [w].[IsDeleted] = CAST(0 AS bit)
      ) AS [t2] ON [t1].[WardId] = [t2].[Id]
      INNER JOIN (
          SELECT [p].[Id], [p].[FullName], [p].[PatientCode]
          FROM [Patients] AS [p]
          WHERE [p].[IsDeleted] = CAST(0 AS bit)
      ) AS [t3] ON [t].[PatientId] = [t3].[Id]
      LEFT JOIN (
          SELECT [d].[Id], [d].[EmployeeId]
          FROM [Doctors] AS [d]
          WHERE [d].[IsDeleted] = CAST(0 AS bit)
      ) AS [t4] ON [t].[DoctorId] = [t4].[Id]
      LEFT JOIN (
          SELECT [e].[Id], [e].[FullName]
          FROM [Employees] AS [e]
          WHERE [e].[IsDeleted] = CAST(0 AS bit)
      ) AS [t5] ON [t4].[EmployeeId] = [t5].[Id]
      ORDER BY [t].[AdmissionDate] DESC
info: Microsoft.EntityFrameworkCore.Database.Command[20101]
      Executed DbCommand (1ms) [Parameters=[@__p_1='?' (DbType = Int32), @__userId_0='?' (DbType = Int32)], CommandType='Text', CommandTimeout='30']
      SELECT TOP(@__p_1) [n].[Id], [n].[CreatedBy], [n].[CreatedDate], [n].[EntityId], [n].[EntityType], [n].[IsDeleted], [n].[IsRead], [n].[Message], [n].[NotificationType], [n].[Title], [n].[UpdatedBy], [n].[UpdatedDate], [n].[UserId]
      FROM [Notifications] AS [n]
      WHERE [n].[UserId] = @__userId_0 OR [n].[UserId] IS NULL
      ORDER BY [n].[CreatedDate] DESC
info: Microsoft.EntityFrameworkCore.Database.Command[20101]
      Executed DbCommand (1ms) [Parameters=[@__userId_0='?' (DbType = Int32)], CommandType='Text', CommandTimeout='30']
      SELECT COUNT(*)
      FROM [Notifications] AS [n]
      WHERE ([n].[UserId] = @__userId_0 OR [n].[UserId] IS NULL) AND [n].[IsRead] = CAST(0 AS bit)
info: Microsoft.EntityFrameworkCore.Database.Command[20101]
      Executed DbCommand (1ms) [Parameters=[], CommandType='Text', CommandTimeout='30']
      SELECT COUNT(*)
      FROM [Items] AS [i]
      WHERE [i].[IsDeleted] = CAST(0 AS bit)
info: Microsoft.EntityFrameworkCore.Database.Command[20101]
      Executed DbCommand (2ms) [Parameters=[], CommandType='Text', CommandTimeout='30']
      SELECT [w].[Id], [w].[CreatedBy], [w].[CreatedDate], [w].[IsActive], [w].[IsDeleted], [w].[Location], [w].[UpdatedBy], [w].[UpdatedDate], [w].[WarehouseCode], [w].[WarehouseName]
      FROM [Warehouses] AS [w]
      WHERE [w].[IsDeleted] = CAST(0 AS bit)
info: Microsoft.EntityFrameworkCore.Database.Command[20101]
      Executed DbCommand (1ms) [Parameters=[@__p_0='?' (DbType = Int32), @__p_1='?' (DbType = Int32)], CommandType='Text', CommandTimeout='30']
      SELECT [i].[Id], [i].[Barcode], [i].[Category], [i].[CreatedBy], [i].[CreatedDate], [i].[Description], [i].[DosageForm], [i].[GenericName], [i].[IsActive], [i].[IsDeleted], [i].[IsNarcotic], [i].[ItemCode], [i].[ItemName], [i].[ItemNameAr], [i].[PurchasePrice], [i].[RequiresRefrigeration], [i].[SalePrice], [i].[Strength], [i].[TaxRate], [i].[TrackBatches], [i].[Unit], [i].[UpdatedBy], [i].[UpdatedDate]
      FROM [Items] AS [i]
      WHERE [i].[IsDeleted] = CAST(0 AS bit)
      ORDER BY [i].[ItemName]
      OFFSET @__p_0 ROWS FETCH NEXT @__p_1 ROWS ONLY
info: Microsoft.EntityFrameworkCore.Database.Command[20101]
      Executed DbCommand (1ms) [Parameters=[@__userId_0='?' (DbType = Int32)], CommandType='Text', CommandTimeout='30']
      SELECT COUNT(*)
      FROM [Notifications] AS [n]
      WHERE ([n].[UserId] = @__userId_0 OR [n].[UserId] IS NULL) AND [n].[IsRead] = CAST(0 AS bit)
info: Microsoft.EntityFrameworkCore.Database.Command[20101]
      Executed DbCommand (1ms) [Parameters=[@__p_1='?' (DbType = Int32), @__userId_0='?' (DbType = Int32)], CommandType='Text', CommandTimeout='30']
      SELECT TOP(@__p_1) [n].[Id], [n].[CreatedBy], [n].[CreatedDate], [n].[EntityId], [n].[EntityType], [n].[IsDeleted], [n].[IsRead], [n].[Message], [n].[NotificationType], [n].[Title], [n].[UpdatedBy], [n].[UpdatedDate], [n].[UserId]
      FROM [Notifications] AS [n]
      WHERE [n].[UserId] = @__userId_0 OR [n].[UserId] IS NULL
      ORDER BY [n].[CreatedDate] DESC
info: Microsoft.EntityFrameworkCore.Database.Command[20101]
      Executed DbCommand (1ms) [Parameters=[], CommandType='Text', CommandTimeout='30']
      SELECT COUNT(*)
      FROM [Items] AS [i]
      WHERE [i].[IsDeleted] = CAST(0 AS bit)
info: Microsoft.EntityFrameworkCore.Database.Command[20101]
      Executed DbCommand (1ms) [Parameters=[], CommandType='Text', CommandTimeout='30']
      SELECT [w].[Id], [w].[CreatedBy], [w].[CreatedDate], [w].[IsActive], [w].[IsDeleted], [w].[Location], [w].[UpdatedBy], [w].[UpdatedDate], [w].[WarehouseCode], [w].[WarehouseName]
      FROM [Warehouses] AS [w]
      WHERE [w].[IsDeleted] = CAST(0 AS bit)
info: Microsoft.EntityFrameworkCore.Database.Command[20101]
      Executed DbCommand (1ms) [Parameters=[@__p_0='?' (DbType = Int32), @__p_1='?' (DbType = Int32)], CommandType='Text', CommandTimeout='30']
      SELECT [i].[Id], [i].[Barcode], [i].[Category], [i].[CreatedBy], [i].[CreatedDate], [i].[Description], [i].[DosageForm], [i].[GenericName], [i].[IsActive], [i].[IsDeleted], [i].[IsNarcotic], [i].[ItemCode], [i].[ItemName], [i].[ItemNameAr], [i].[PurchasePrice], [i].[RequiresRefrigeration], [i].[SalePrice], [i].[Strength], [i].[TaxRate], [i].[TrackBatches], [i].[Unit], [i].[UpdatedBy], [i].[UpdatedDate]
      FROM [Items] AS [i]
      WHERE [i].[IsDeleted] = CAST(0 AS bit)
      ORDER BY [i].[ItemName]
      OFFSET @__p_0 ROWS FETCH NEXT @__p_1 ROWS ONLY
info: Microsoft.EntityFrameworkCore.Database.Command[20101]
      Executed DbCommand (2ms) [Parameters=[], CommandType='Text', CommandTimeout='30']
      SELECT COUNT(*)
      FROM [Suppliers] AS [s]
      WHERE [s].[IsDeleted] = CAST(0 AS bit)
info: Microsoft.EntityFrameworkCore.Database.Command[20101]
      Executed DbCommand (2ms) [Parameters=[@__p_0='?' (DbType = Int32), @__p_1='?' (DbType = Int32)], CommandType='Text', CommandTimeout='30']
      SELECT [s].[Id], [s].[Address], [s].[Balance], [s].[ContactPerson], [s].[CreatedBy], [s].[CreatedDate], [s].[Email], [s].[IsActive], [s].[IsDeleted], [s].[PhoneNumber], [s].[SupplierCode], [s].[SupplierName], [s].[TaxNumber], [s].[UpdatedBy], [s].[UpdatedDate]
      FROM [Suppliers] AS [s]
      WHERE [s].[IsDeleted] = CAST(0 AS bit)
      ORDER BY [s].[SupplierName]
      OFFSET @__p_0 ROWS FETCH NEXT @__p_1 ROWS ONLY
info: Microsoft.EntityFrameworkCore.Database.Command[20101]
      Executed DbCommand (1ms) [Parameters=[@__userId_0='?' (DbType = Int32)], CommandType='Text', CommandTimeout='30']
      SELECT COUNT(*)
      FROM [Notifications] AS [n]
      WHERE ([n].[UserId] = @__userId_0 OR [n].[UserId] IS NULL) AND [n].[IsRead] = CAST(0 AS bit)
info: Microsoft.EntityFrameworkCore.Database.Command[20101]
      Executed DbCommand (1ms) [Parameters=[@__p_1='?' (DbType = Int32), @__userId_0='?' (DbType = Int32)], CommandType='Text', CommandTimeout='30']
      SELECT TOP(@__p_1) [n].[Id], [n].[CreatedBy], [n].[CreatedDate], [n].[EntityId], [n].[EntityType], [n].[IsDeleted], [n].[IsRead], [n].[Message], [n].[NotificationType], [n].[Title], [n].[UpdatedBy], [n].[UpdatedDate], [n].[UserId]
      FROM [Notifications] AS [n]
      WHERE [n].[UserId] = @__userId_0 OR [n].[UserId] IS NULL
      ORDER BY [n].[CreatedDate] DESC
info: Microsoft.EntityFrameworkCore.Database.Command[20101]
      Executed DbCommand (1ms) [Parameters=[], CommandType='Text', CommandTimeout='30']
      SELECT COUNT(*)
      FROM [Items] AS [i]
      WHERE [i].[IsDeleted] = CAST(0 AS bit)
info: Microsoft.EntityFrameworkCore.Database.Command[20101]
      Executed DbCommand (1ms) [Parameters=[], CommandType='Text', CommandTimeout='30']
      SELECT COUNT(*)
      FROM [Customers] AS [c]
      WHERE [c].[IsDeleted] = CAST(0 AS bit)
info: Microsoft.EntityFrameworkCore.Database.Command[20101]
      Executed DbCommand (1ms) [Parameters=[@__p_0='?' (DbType = Int32), @__p_1='?' (DbType = Int32)], CommandType='Text', CommandTimeout='30']
      SELECT [i].[Id], [i].[Barcode], [i].[Category], [i].[CreatedBy], [i].[CreatedDate], [i].[Description], [i].[DosageForm], [i].[GenericName], [i].[IsActive], [i].[IsDeleted], [i].[IsNarcotic], [i].[ItemCode], [i].[ItemName], [i].[ItemNameAr], [i].[PurchasePrice], [i].[RequiresRefrigeration], [i].[SalePrice], [i].[Strength], [i].[TaxRate], [i].[TrackBatches], [i].[Unit], [i].[UpdatedBy], [i].[UpdatedDate]
      FROM [Items] AS [i]
      WHERE [i].[IsDeleted] = CAST(0 AS bit)
      ORDER BY [i].[ItemName]
      OFFSET @__p_0 ROWS FETCH NEXT @__p_1 ROWS ONLY
info: Microsoft.EntityFrameworkCore.Database.Command[20101]
      Executed DbCommand (1ms) [Parameters=[@__p_0='?' (DbType = Int32), @__p_1='?' (DbType = Int32)], CommandType='Text', CommandTimeout='30']
      SELECT [c].[Id], [c].[Address], [c].[Balance], [c].[ContactPerson], [c].[CreatedBy], [c].[CreatedDate], [c].[CustomerCode], [c].[CustomerName], [c].[Email], [c].[IsActive], [c].[IsDeleted], [c].[PhoneNumber], [c].[TaxNumber], [c].[UpdatedBy], [c].[UpdatedDate]
      FROM [Customers] AS [c]
      WHERE [c].[IsDeleted] = CAST(0 AS bit)
      ORDER BY [c].[CustomerName]
      OFFSET @__p_0 ROWS FETCH NEXT @__p_1 ROWS ONLY
info: Microsoft.EntityFrameworkCore.Database.Command[20101]
      Executed DbCommand (0ms) [Parameters=[], CommandType='Text', CommandTimeout='30']
      SELECT [w].[Id], [w].[CreatedBy], [w].[CreatedDate], [w].[IsActive], [w].[IsDeleted], [w].[Location], [w].[UpdatedBy], [w].[UpdatedDate], [w].[WarehouseCode], [w].[WarehouseName]
      FROM [Warehouses] AS [w]
      WHERE [w].[IsDeleted] = CAST(0 AS bit)
info: Microsoft.EntityFrameworkCore.Database.Command[20101]
      Executed DbCommand (1ms) [Parameters=[@__p_1='?' (DbType = Int32), @__userId_0='?' (DbType = Int32)], CommandType='Text', CommandTimeout='30']
      SELECT TOP(@__p_1) [n].[Id], [n].[CreatedBy], [n].[CreatedDate], [n].[EntityId], [n].[EntityType], [n].[IsDeleted], [n].[IsRead], [n].[Message], [n].[NotificationType], [n].[Title], [n].[UpdatedBy], [n].[UpdatedDate], [n].[UserId]
      FROM [Notifications] AS [n]
      WHERE [n].[UserId] = @__userId_0 OR [n].[UserId] IS NULL
      ORDER BY [n].[CreatedDate] DESC
info: Microsoft.EntityFrameworkCore.Database.Command[20101]
      Executed DbCommand (1ms) [Parameters=[@__userId_0='?' (DbType = Int32)], CommandType='Text', CommandTimeout='30']
      SELECT COUNT(*)
      FROM [Notifications] AS [n]
      WHERE ([n].[UserId] = @__userId_0 OR [n].[UserId] IS NULL) AND [n].[IsRead] = CAST(0 AS bit)
info: Microsoft.EntityFrameworkCore.Database.Command[20101]
      Executed DbCommand (1ms) [Parameters=[], CommandType='Text', CommandTimeout='30']
      SELECT COUNT(*)
      FROM [Employees] AS [e]
      WHERE [e].[IsDeleted] = CAST(0 AS bit)
info: Microsoft.EntityFrameworkCore.Database.Command[20101]
      Executed DbCommand (2ms) [Parameters=[@__p_0='?' (DbType = Int32), @__p_1='?' (DbType = Int32)], CommandType='Text', CommandTimeout='30']
      SELECT [e].[Id], [e].[Allowances], [e].[BasicSalary], [e].[CreatedBy], [e].[CreatedDate], [e].[Deductions], [e].[Department], [e].[Email], [e].[EmployeeCode], [e].[FullName], [e].[HireDate], [e].[IsActive], [e].[IsDeleted], [e].[NationalId], [e].[PhoneNumber], [e].[Position], [e].[UpdatedBy], [e].[UpdatedDate]
      FROM [Employees] AS [e]
      WHERE [e].[IsDeleted] = CAST(0 AS bit)
      ORDER BY [e].[FullName]
      OFFSET @__p_0 ROWS FETCH NEXT @__p_1 ROWS ONLY
info: Microsoft.EntityFrameworkCore.Database.Command[20101]
      Executed DbCommand (1ms) [Parameters=[@__userId_0='?' (DbType = Int32)], CommandType='Text', CommandTimeout='30']
      SELECT COUNT(*)
      FROM [Notifications] AS [n]
      WHERE ([n].[UserId] = @__userId_0 OR [n].[UserId] IS NULL) AND [n].[IsRead] = CAST(0 AS bit)
info: Microsoft.EntityFrameworkCore.Database.Command[20101]
      Executed DbCommand (1ms) [Parameters=[@__p_1='?' (DbType = Int32), @__userId_0='?' (DbType = Int32)], CommandType='Text', CommandTimeout='30']
      SELECT TOP(@__p_1) [n].[Id], [n].[CreatedBy], [n].[CreatedDate], [n].[EntityId], [n].[EntityType], [n].[IsDeleted], [n].[IsRead], [n].[Message], [n].[NotificationType], [n].[Title], [n].[UpdatedBy], [n].[UpdatedDate], [n].[UserId]
      FROM [Notifications] AS [n]
      WHERE [n].[UserId] = @__userId_0 OR [n].[UserId] IS NULL
      ORDER BY [n].[CreatedDate] DESC
info: Microsoft.EntityFrameworkCore.Database.Command[20101]
      Executed DbCommand (5ms) [Parameters=[], CommandType='Text', CommandTimeout='30']
      SELECT [a].[Id], [a].[AccountCode], [a].[AccountName], [a].[AccountNameAr], [a].[AccountType], [a].[ParentAccountId], [t].[AccountName], [a].[Balance], [a].[IsActive], [a].[Description]
      FROM [Accounts] AS [a]
      LEFT JOIN (
          SELECT [a0].[Id], [a0].[AccountName]
          FROM [Accounts] AS [a0]
          WHERE [a0].[IsDeleted] = CAST(0 AS bit)
      ) AS [t] ON [a].[ParentAccountId] = [t].[Id]
      WHERE [a].[IsDeleted] = CAST(0 AS bit)
      ORDER BY [a].[AccountCode]
info: Microsoft.EntityFrameworkCore.Database.Command[20101]
      Executed DbCommand (1ms) [Parameters=[@__userId_0='?' (DbType = Int32)], CommandType='Text', CommandTimeout='30']
      SELECT COUNT(*)
      FROM [Notifications] AS [n]
      WHERE ([n].[UserId] = @__userId_0 OR [n].[UserId] IS NULL) AND [n].[IsRead] = CAST(0 AS bit)
info: Microsoft.EntityFrameworkCore.Database.Command[20101]
      Executed DbCommand (1ms) [Parameters=[@__p_1='?' (DbType = Int32), @__userId_0='?' (DbType = Int32)], CommandType='Text', CommandTimeout='30']
      SELECT TOP(@__p_1) [n].[Id], [n].[CreatedBy], [n].[CreatedDate], [n].[EntityId], [n].[EntityType], [n].[IsDeleted], [n].[IsRead], [n].[Message], [n].[NotificationType], [n].[Title], [n].[UpdatedBy], [n].[UpdatedDate], [n].[UserId]
      FROM [Notifications] AS [n]
      WHERE [n].[UserId] = @__userId_0 OR [n].[UserId] IS NULL
      ORDER BY [n].[CreatedDate] DESC
info: Microsoft.EntityFrameworkCore.Database.Command[20101]
      Executed DbCommand (2ms) [Parameters=[], CommandType='Text', CommandTimeout='30']
      SELECT COUNT(*)
      FROM [Users] AS [u]
      WHERE [u].[IsDeleted] = CAST(0 AS bit)
info: Microsoft.EntityFrameworkCore.Database.Command[20101]
      Executed DbCommand (2ms) [Parameters=[], CommandType='Text', CommandTimeout='30']
      SELECT [r].[Id], [r].[CreatedBy], [r].[CreatedDate], [r].[Description], [r].[IsDeleted], [r].[Name], [r].[UpdatedBy], [r].[UpdatedDate]
      FROM [Roles] AS [r]
      ORDER BY [r].[Name]
info: Microsoft.EntityFrameworkCore.Database.Command[20101]
      Executed DbCommand (3ms) [Parameters=[@__p_0='?' (DbType = Int32), @__p_1='?' (DbType = Int32)], CommandType='Text', CommandTimeout='30']
      SELECT [t].[Id], [t].[CreatedBy], [t].[CreatedDate], [t].[Email], [t].[FullName], [t].[IsActive], [t].[IsDeleted], [t].[PasswordHash], [t].[PhoneNumber], [t].[RefreshToken], [t].[RefreshTokenExpiry], [t].[RoleId], [t].[UpdatedBy], [t].[UpdatedDate], [t].[Username], [r].[Id], [r].[CreatedBy], [r].[CreatedDate], [r].[Description], [r].[IsDeleted], [r].[Name], [r].[UpdatedBy], [r].[UpdatedDate]
      FROM (
          SELECT [u].[Id], [u].[CreatedBy], [u].[CreatedDate], [u].[Email], [u].[FullName], [u].[IsActive], [u].[IsDeleted], [u].[PasswordHash], [u].[PhoneNumber], [u].[RefreshToken], [u].[RefreshTokenExpiry], [u].[RoleId], [u].[UpdatedBy], [u].[UpdatedDate], [u].[Username]
          FROM [Users] AS [u]
          WHERE [u].[IsDeleted] = CAST(0 AS bit)
          ORDER BY [u].[FullName]
          OFFSET @__p_0 ROWS FETCH NEXT @__p_1 ROWS ONLY
      ) AS [t]
      INNER JOIN [Roles] AS [r] ON [t].[RoleId] = [r].[Id]
      ORDER BY [t].[FullName]
info: Microsoft.EntityFrameworkCore.Database.Command[20101]
      Executed DbCommand (1ms) [Parameters=[@__userId_0='?' (DbType = Int32)], CommandType='Text', CommandTimeout='30']
      SELECT COUNT(*)
      FROM [Notifications] AS [n]
      WHERE ([n].[UserId] = @__userId_0 OR [n].[UserId] IS NULL) AND [n].[IsRead] = CAST(0 AS bit)
info: Microsoft.EntityFrameworkCore.Database.Command[20101]
      Executed DbCommand (1ms) [Parameters=[@__p_1='?' (DbType = Int32), @__userId_0='?' (DbType = Int32)], CommandType='Text', CommandTimeout='30']
      SELECT TOP(@__p_1) [n].[Id], [n].[CreatedBy], [n].[CreatedDate], [n].[EntityId], [n].[EntityType], [n].[IsDeleted], [n].[IsRead], [n].[Message], [n].[NotificationType], [n].[Title], [n].[UpdatedBy], [n].[UpdatedDate], [n].[UserId]
      FROM [Notifications] AS [n]
      WHERE [n].[UserId] = @__userId_0 OR [n].[UserId] IS NULL
      ORDER BY [n].[CreatedDate] DESC
info: Microsoft.EntityFrameworkCore.Database.Command[20101]
      Executed DbCommand (1ms) [Parameters=[@__p_1='?' (DbType = Int32), @__userId_0='?' (DbType = Int32)], CommandType='Text', CommandTimeout='30']
      SELECT TOP(@__p_1) [n].[Id], [n].[CreatedBy], [n].[CreatedDate], [n].[EntityId], [n].[EntityType], [n].[IsDeleted], [n].[IsRead], [n].[Message], [n].[NotificationType], [n].[Title], [n].[UpdatedBy], [n].[UpdatedDate], [n].[UserId]
      FROM [Notifications] AS [n]
      WHERE [n].[UserId] = @__userId_0 OR [n].[UserId] IS NULL
      ORDER BY [n].[CreatedDate] DESC
info: Microsoft.EntityFrameworkCore.Database.Command[20101]
      Executed DbCommand (1ms) [Parameters=[@__userId_0='?' (DbType = Int32)], CommandType='Text', CommandTimeout='30']
      SELECT COUNT(*)
      FROM [Notifications] AS [n]
      WHERE ([n].[UserId] = @__userId_0 OR [n].[UserId] IS NULL) AND [n].[IsRead] = CAST(0 AS bit)
info: Microsoft.EntityFrameworkCore.Database.Command[20101]
      Executed DbCommand (2ms) [Parameters=[], CommandType='Text', CommandTimeout='30']
      SELECT COUNT(*)
      FROM [MaintenanceTickets] AS [m]
      WHERE [m].[IsDeleted] = CAST(0 AS bit)
info: Microsoft.EntityFrameworkCore.Database.Command[20101]
      Executed DbCommand (2ms) [Parameters=[], CommandType='Text', CommandTimeout='30']
      SELECT COUNT(*)
      FROM [Assets] AS [a]
      WHERE [a].[IsDeleted] = CAST(0 AS bit)
info: Microsoft.EntityFrameworkCore.Database.Command[20101]
      Executed DbCommand (3ms) [Parameters=[@__p_0='?' (DbType = Int32), @__p_1='?' (DbType = Int32)], CommandType='Text', CommandTimeout='30']
      SELECT [a].[Id], [a].[AssetCode], [a].[AssetName], [a].[Category], [a].[CreatedBy], [a].[CreatedDate], [a].[CurrentValue], [a].[DepreciationRate], [a].[IsBioMedical], [a].[IsDeleted], [a].[LastMaintenanceDate], [a].[Location], [a].[MaintenanceIntervalDays], [a].[Manufacturer], [a].[ModelNumber], [a].[NextMaintenanceDate], [a].[Notes], [a].[PurchaseCost], [a].[PurchaseDate], [a].[SerialNumber], [a].[Status], [a].[UpdatedBy], [a].[UpdatedDate], [a].[WarrantyExpiryDate]
      FROM [Assets] AS [a]
      WHERE [a].[IsDeleted] = CAST(0 AS bit)
      ORDER BY [a].[CreatedDate] DESC
      OFFSET @__p_0 ROWS FETCH NEXT @__p_1 ROWS ONLY
info: Microsoft.EntityFrameworkCore.Database.Command[20101]
      Executed DbCommand (3ms) [Parameters=[@__p_0='?' (DbType = Int32), @__p_1='?' (DbType = Int32)], CommandType='Text', CommandTimeout='30']
      SELECT [t].[Id], [t].[AssetId], [t].[CompletedDate], [t].[Cost], [t].[CreatedBy], [t].[CreatedDate], [t].[Description], [t].[IsDeleted], [t].[Notes], [t].[Priority], [t].[ReportedBy], [t].[ReportedDate], [t].[Resolution], [t].[Status], [t].[TechnicianName], [t].[TicketNumber], [t].[Type], [t].[UpdatedBy], [t].[UpdatedDate], [t0].[Id], [t0].[AssetCode], [t0].[AssetName], [t0].[Category], [t0].[CreatedBy], [t0].[CreatedDate], [t0].[CurrentValue], [t0].[DepreciationRate], [t0].[IsBioMedical], [t0].[IsDeleted], [t0].[LastMaintenanceDate], [t0].[Location], [t0].[MaintenanceIntervalDays], [t0].[Manufacturer], [t0].[ModelNumber], [t0].[NextMaintenanceDate], [t0].[Notes], [t0].[PurchaseCost], [t0].[PurchaseDate], [t0].[SerialNumber], [t0].[Status], [t0].[UpdatedBy], [t0].[UpdatedDate], [t0].[WarrantyExpiryDate]
      FROM (
          SELECT [m].[Id], [m].[AssetId], [m].[CompletedDate], [m].[Cost], [m].[CreatedBy], [m].[CreatedDate], [m].[Description], [m].[IsDeleted], [m].[Notes], [m].[Priority], [m].[ReportedBy], [m].[ReportedDate], [m].[Resolution], [m].[Status], [m].[TechnicianName], [m].[TicketNumber], [m].[Type], [m].[UpdatedBy], [m].[UpdatedDate]
          FROM [MaintenanceTickets] AS [m]
          WHERE [m].[IsDeleted] = CAST(0 AS bit)
          ORDER BY [m].[ReportedDate] DESC
          OFFSET @__p_0 ROWS FETCH NEXT @__p_1 ROWS ONLY
      ) AS [t]
      INNER JOIN (
          SELECT [a].[Id], [a].[AssetCode], [a].[AssetName], [a].[Category], [a].[CreatedBy], [a].[CreatedDate], [a].[CurrentValue], [a].[DepreciationRate], [a].[IsBioMedical], [a].[IsDeleted], [a].[LastMaintenanceDate], [a].[Location], [a].[MaintenanceIntervalDays], [a].[Manufacturer], [a].[ModelNumber], [a].[NextMaintenanceDate], [a].[Notes], [a].[PurchaseCost], [a].[PurchaseDate], [a].[SerialNumber], [a].[Status], [a].[UpdatedBy], [a].[UpdatedDate], [a].[WarrantyExpiryDate]
          FROM [Assets] AS [a]
          WHERE [a].[IsDeleted] = CAST(0 AS bit)
      ) AS [t0] ON [t].[AssetId] = [t0].[Id]
      ORDER BY [t].[ReportedDate] DESC
info: Microsoft.EntityFrameworkCore.Database.Command[20101]
      Executed DbCommand (2ms) [Parameters=[@__userId_0='?' (DbType = Int32)], CommandType='Text', CommandTimeout='30']
      SELECT COUNT(*)
      FROM [Notifications] AS [n]
      WHERE ([n].[UserId] = @__userId_0 OR [n].[UserId] IS NULL) AND [n].[IsRead] = CAST(0 AS bit)
info: Microsoft.EntityFrameworkCore.Database.Command[20101]
      Executed DbCommand (3ms) [Parameters=[@__p_1='?' (DbType = Int32), @__userId_0='?' (DbType = Int32)], CommandType='Text', CommandTimeout='30']
      SELECT TOP(@__p_1) [n].[Id], [n].[CreatedBy], [n].[CreatedDate], [n].[EntityId], [n].[EntityType], [n].[IsDeleted], [n].[IsRead], [n].[Message], [n].[NotificationType], [n].[Title], [n].[UpdatedBy], [n].[UpdatedDate], [n].[UserId]
      FROM [Notifications] AS [n]
      WHERE [n].[UserId] = @__userId_0 OR [n].[UserId] IS NULL
      ORDER BY [n].[CreatedDate] DESC
info: Microsoft.EntityFrameworkCore.Database.Command[20101]
      Executed DbCommand (3ms) [Parameters=[], CommandType='Text', CommandTimeout='30']
      SELECT COUNT(*)
      FROM [RehabPlans] AS [r]
      WHERE [r].[IsDeleted] = CAST(0 AS bit)
info: Microsoft.EntityFrameworkCore.Database.Command[20101]
      Executed DbCommand (4ms) [Parameters=[@__p_0='?' (DbType = Int32), @__p_1='?' (DbType = Int32)], CommandType='Text', CommandTimeout='30']
      SELECT [t].[Id], [t].[PatientId], [t0].[FullName], [t].[Diagnosis], [t].[StartDate], [t].[Status]
      FROM (
          SELECT [r].[Id], [r].[CreatedDate], [r].[Diagnosis], [r].[PatientId], [r].[StartDate], [r].[Status]
          FROM [RehabPlans] AS [r]
          WHERE [r].[IsDeleted] = CAST(0 AS bit)
          ORDER BY [r].[CreatedDate] DESC
          OFFSET @__p_0 ROWS FETCH NEXT @__p_1 ROWS ONLY
      ) AS [t]
      INNER JOIN (
          SELECT [p].[Id], [p].[FullName]
          FROM [Patients] AS [p]
          WHERE [p].[IsDeleted] = CAST(0 AS bit)
      ) AS [t0] ON [t].[PatientId] = [t0].[Id]
      ORDER BY [t].[CreatedDate] DESC
info: Microsoft.EntityFrameworkCore.Database.Command[20101]
      Executed DbCommand (2ms) [Parameters=[@__userId_0='?' (DbType = Int32)], CommandType='Text', CommandTimeout='30']
      SELECT COUNT(*)
      FROM [Notifications] AS [n]
      WHERE ([n].[UserId] = @__userId_0 OR [n].[UserId] IS NULL) AND [n].[IsRead] = CAST(0 AS bit)
info: Microsoft.EntityFrameworkCore.Database.Command[20101]
      Executed DbCommand (2ms) [Parameters=[@__p_1='?' (DbType = Int32), @__userId_0='?' (DbType = Int32)], CommandType='Text', CommandTimeout='30']
      SELECT TOP(@__p_1) [n].[Id], [n].[CreatedBy], [n].[CreatedDate], [n].[EntityId], [n].[EntityType], [n].[IsDeleted], [n].[IsRead], [n].[Message], [n].[NotificationType], [n].[Title], [n].[UpdatedBy], [n].[UpdatedDate], [n].[UserId]
      FROM [Notifications] AS [n]
      WHERE [n].[UserId] = @__userId_0 OR [n].[UserId] IS NULL
      ORDER BY [n].[CreatedDate] DESC
info: Microsoft.EntityFrameworkCore.Database.Command[20101]
      Executed DbCommand (2ms) [Parameters=[@__p_1='?' (DbType = Int32), @__userId_0='?' (DbType = Int32)], CommandType='Text', CommandTimeout='30']
      SELECT TOP(@__p_1) [n].[Id], [n].[CreatedBy], [n].[CreatedDate], [n].[EntityId], [n].[EntityType], [n].[IsDeleted], [n].[IsRead], [n].[Message], [n].[NotificationType], [n].[Title], [n].[UpdatedBy], [n].[UpdatedDate], [n].[UserId]
      FROM [Notifications] AS [n]
      WHERE [n].[UserId] = @__userId_0 OR [n].[UserId] IS NULL
      ORDER BY [n].[CreatedDate] DESC
info: Microsoft.EntityFrameworkCore.Database.Command[20101]
      Executed DbCommand (2ms) [Parameters=[@__userId_0='?' (DbType = Int32)], CommandType='Text', CommandTimeout='30']
      SELECT COUNT(*)
      FROM [Notifications] AS [n]
      WHERE ([n].[UserId] = @__userId_0 OR [n].[UserId] IS NULL) AND [n].[IsRead] = CAST(0 AS bit)
info: Microsoft.EntityFrameworkCore.Database.Command[20101]
      Executed DbCommand (2ms) [Parameters=[], CommandType='Text', CommandTimeout='30']
      SELECT [a].[Id], [a].[VehicleNumber], [a].[Model], [a].[Type], [a].[Status], [a].[CurrentLocation]
      FROM [Ambulances] AS [a]
      WHERE [a].[IsDeleted] = CAST(0 AS bit)
info: Microsoft.EntityFrameworkCore.Database.Command[20101]
      Executed DbCommand (2ms) [Parameters=[], CommandType='Text', CommandTimeout='30']
      SELECT COUNT(*)
      FROM [AmbulanceDispatches] AS [a]
      WHERE [a].[IsDeleted] = CAST(0 AS bit)
info: Microsoft.EntityFrameworkCore.Database.Command[20101]
      Executed DbCommand (2ms) [Parameters=[@__p_0='?' (DbType = Int32), @__p_1='?' (DbType = Int32)], CommandType='Text', CommandTimeout='30']
      SELECT [t].[Id], [t0].[VehicleNumber], [t].[PickupLocation], [t].[DispatchTime]
      FROM (
          SELECT [a].[Id], [a].[AmbulanceId], [a].[DispatchTime], [a].[PickupLocation]
          FROM [AmbulanceDispatches] AS [a]
          WHERE [a].[IsDeleted] = CAST(0 AS bit)
          ORDER BY [a].[DispatchTime] DESC
          OFFSET @__p_0 ROWS FETCH NEXT @__p_1 ROWS ONLY
      ) AS [t]
      INNER JOIN (
          SELECT [a0].[Id], [a0].[VehicleNumber]
          FROM [Ambulances] AS [a0]
          WHERE [a0].[IsDeleted] = CAST(0 AS bit)
      ) AS [t0] ON [t].[AmbulanceId] = [t0].[Id]
      ORDER BY [t].[DispatchTime] DESC
info: Microsoft.EntityFrameworkCore.Database.Command[20101]
      Executed DbCommand (1ms) [Parameters=[@__userId_0='?' (DbType = Int32)], CommandType='Text', CommandTimeout='30']
      SELECT COUNT(*)
      FROM [Notifications] AS [n]
      WHERE ([n].[UserId] = @__userId_0 OR [n].[UserId] IS NULL) AND [n].[IsRead] = CAST(0 AS bit)
info: Microsoft.EntityFrameworkCore.Database.Command[20101]
      Executed DbCommand (1ms) [Parameters=[@__p_1='?' (DbType = Int32), @__userId_0='?' (DbType = Int32)], CommandType='Text', CommandTimeout='30']
      SELECT TOP(@__p_1) [n].[Id], [n].[CreatedBy], [n].[CreatedDate], [n].[EntityId], [n].[EntityType], [n].[IsDeleted], [n].[IsRead], [n].[Message], [n].[NotificationType], [n].[Title], [n].[UpdatedBy], [n].[UpdatedDate], [n].[UserId]
      FROM [Notifications] AS [n]
      WHERE [n].[UserId] = @__userId_0 OR [n].[UserId] IS NULL
      ORDER BY [n].[CreatedDate] DESC
info: Microsoft.EntityFrameworkCore.Database.Command[20101]
      Executed DbCommand (1ms) [Parameters=[], CommandType='Text', CommandTimeout='30']
      SELECT COUNT(*)
      FROM [MealOrders] AS [m]
      WHERE [m].[IsDeleted] = CAST(0 AS bit)
info: Microsoft.EntityFrameworkCore.Database.Command[20101]
      Executed DbCommand (5ms) [Parameters=[@__p_0='?' (DbType = Int32), @__p_1='?' (DbType = Int32)], CommandType='Text', CommandTimeout='30']
      SELECT [t].[Id], [t].[PatientId], [t0].[FullName], [t].[MealType], [t].[Status], [t].[OrderDate]
      FROM (
          SELECT [m].[Id], [m].[MealType], [m].[OrderDate], [m].[PatientId], [m].[Status]
          FROM [MealOrders] AS [m]
          WHERE [m].[IsDeleted] = CAST(0 AS bit)
          ORDER BY [m].[OrderDate] DESC
          OFFSET @__p_0 ROWS FETCH NEXT @__p_1 ROWS ONLY
      ) AS [t]
      INNER JOIN (
          SELECT [p].[Id], [p].[FullName]
          FROM [Patients] AS [p]
          WHERE [p].[IsDeleted] = CAST(0 AS bit)
      ) AS [t0] ON [t].[PatientId] = [t0].[Id]
      ORDER BY [t].[OrderDate] DESC
info: Microsoft.EntityFrameworkCore.Database.Command[20101]
      Executed DbCommand (1ms) [Parameters=[@__p_1='?' (DbType = Int32), @__userId_0='?' (DbType = Int32)], CommandType='Text', CommandTimeout='30']
      SELECT TOP(@__p_1) [n].[Id], [n].[CreatedBy], [n].[CreatedDate], [n].[EntityId], [n].[EntityType], [n].[IsDeleted], [n].[IsRead], [n].[Message], [n].[NotificationType], [n].[Title], [n].[UpdatedBy], [n].[UpdatedDate], [n].[UserId]
      FROM [Notifications] AS [n]
      WHERE [n].[UserId] = @__userId_0 OR [n].[UserId] IS NULL
      ORDER BY [n].[CreatedDate] DESC
info: Microsoft.EntityFrameworkCore.Database.Command[20101]
      Executed DbCommand (0ms) [Parameters=[@__userId_0='?' (DbType = Int32)], CommandType='Text', CommandTimeout='30']
      SELECT COUNT(*)
      FROM [Notifications] AS [n]
      WHERE ([n].[UserId] = @__userId_0 OR [n].[UserId] IS NULL) AND [n].[IsRead] = CAST(0 AS bit)
info: Microsoft.EntityFrameworkCore.Database.Command[20101]
      Executed DbCommand (2ms) [Parameters=[], CommandType='Text', CommandTimeout='30']
      SELECT COUNT(*)
      FROM [HousekeepingTasks] AS [h]
      WHERE [h].[IsDeleted] = CAST(0 AS bit)
info: Microsoft.EntityFrameworkCore.Database.Command[20101]
      Executed DbCommand (5ms) [Parameters=[@__p_0='?' (DbType = Int32), @__p_1='?' (DbType = Int32)], CommandType='Text', CommandTimeout='30']
      SELECT [t].[Id], [t].[BedId], CASE
          WHEN [t0].[Id] IS NOT NULL THEN COALESCE([t1].[RoomNumber], N'') + N'-' + COALESCE([t0].[BedNumber], N'')
          ELSE N'Public Area'
      END, [t].[TaskType], [t].[Status], [t].[AssignedStaffId], [t].[CompletionTime]
      FROM (
          SELECT [h].[Id], [h].[AssignedStaffId], [h].[BedId], [h].[CompletionTime], [h].[CreatedDate], [h].[Status], [h].[TaskType]
          FROM [HousekeepingTasks] AS [h]
          WHERE [h].[IsDeleted] = CAST(0 AS bit)
          ORDER BY [h].[CreatedDate] DESC
          OFFSET @__p_0 ROWS FETCH NEXT @__p_1 ROWS ONLY
      ) AS [t]
      LEFT JOIN (
          SELECT [b].[Id], [b].[BedNumber], [b].[RoomId]
          FROM [Beds] AS [b]
          WHERE [b].[IsDeleted] = CAST(0 AS bit)
      ) AS [t0] ON [t].[BedId] = [t0].[Id]
      LEFT JOIN (
          SELECT [r].[Id], [r].[RoomNumber]
          FROM [Rooms] AS [r]
          WHERE [r].[IsDeleted] = CAST(0 AS bit)
      ) AS [t1] ON [t0].[RoomId] = [t1].[Id]
      ORDER BY [t].[CreatedDate] DESC
info: Microsoft.EntityFrameworkCore.Database.Command[20101]
      Executed DbCommand (1ms) [Parameters=[@__userId_0='?' (DbType = Int32)], CommandType='Text', CommandTimeout='30']
      SELECT COUNT(*)
      FROM [Notifications] AS [n]
      WHERE ([n].[UserId] = @__userId_0 OR [n].[UserId] IS NULL) AND [n].[IsRead] = CAST(0 AS bit)
info: Microsoft.EntityFrameworkCore.Database.Command[20101]
      Executed DbCommand (1ms) [Parameters=[@__p_1='?' (DbType = Int32), @__userId_0='?' (DbType = Int32)], CommandType='Text', CommandTimeout='30']
      SELECT TOP(@__p_1) [n].[Id], [n].[CreatedBy], [n].[CreatedDate], [n].[EntityId], [n].[EntityType], [n].[IsDeleted], [n].[IsRead], [n].[Message], [n].[NotificationType], [n].[Title], [n].[UpdatedBy], [n].[UpdatedDate], [n].[UserId]
      FROM [Notifications] AS [n]
      WHERE [n].[UserId] = @__userId_0 OR [n].[UserId] IS NULL
      ORDER BY [n].[CreatedDate] DESC
info: Microsoft.EntityFrameworkCore.Database.Command[20101]
      Executed DbCommand (2ms) [Parameters=[], CommandType='Text', CommandTimeout='30']
      SELECT COUNT(*)
      FROM [ClinicalIncidents] AS [c]
      WHERE [c].[IsDeleted] = CAST(0 AS bit)
info: Microsoft.EntityFrameworkCore.Database.Command[20101]
      Executed DbCommand (2ms) [Parameters=[], CommandType='Text', CommandTimeout='30']
      SELECT COUNT(*)
      FROM [PatientFeedbacks] AS [p]
      WHERE [p].[IsDeleted] = CAST(0 AS bit)
info: Microsoft.EntityFrameworkCore.Database.Command[20101]
      Executed DbCommand (4ms) [Parameters=[@__p_0='?' (DbType = Int32), @__p_1='?' (DbType = Int32)], CommandType='Text', CommandTimeout='30']
      SELECT [t].[Id], CASE
          WHEN [t].[IsAnonymized] = CAST(1 AS bit) THEN N'Anonymous'
          ELSE [t0].[FullName]
      END, [t].[Rating], COALESCE([t].[Comments], N''), [t].[Department], [t].[CreatedDate]
      FROM (
          SELECT [p].[Id], [p].[Comments], [p].[CreatedDate], [p].[Department], [p].[IsAnonymized], [p].[PatientId], [p].[Rating]
          FROM [PatientFeedbacks] AS [p]
          WHERE [p].[IsDeleted] = CAST(0 AS bit)
          ORDER BY [p].[CreatedDate] DESC
          OFFSET @__p_0 ROWS FETCH NEXT @__p_1 ROWS ONLY
      ) AS [t]
      INNER JOIN (
          SELECT [p0].[Id], [p0].[FullName]
          FROM [Patients] AS [p0]
          WHERE [p0].[IsDeleted] = CAST(0 AS bit)
      ) AS [t0] ON [t].[PatientId] = [t0].[Id]
      ORDER BY [t].[CreatedDate] DESC
info: Microsoft.EntityFrameworkCore.Database.Command[20101]
      Executed DbCommand (4ms) [Parameters=[@__p_0='?' (DbType = Int32), @__p_1='?' (DbType = Int32)], CommandType='Text', CommandTimeout='30']
      SELECT [t].[Id], CASE
          WHEN [t0].[Id] IS NOT NULL THEN [t0].[FullName]
          ELSE N'System'
      END, [t].[IncidentType], [t].[Severity], [t].[Status], [t].[CreatedDate]
      FROM (
          SELECT [c].[Id], [c].[CreatedDate], [c].[IncidentType], [c].[PatientId], [c].[Severity], [c].[Status]
          FROM [ClinicalIncidents] AS [c]
          WHERE [c].[IsDeleted] = CAST(0 AS bit)
          ORDER BY [c].[CreatedDate] DESC
          OFFSET @__p_0 ROWS FETCH NEXT @__p_1 ROWS ONLY
      ) AS [t]
      LEFT JOIN (
          SELECT [p].[Id], [p].[FullName]
          FROM [Patients] AS [p]
          WHERE [p].[IsDeleted] = CAST(0 AS bit)
      ) AS [t0] ON [t].[PatientId] = [t0].[Id]
      ORDER BY [t].[CreatedDate] DESC
info: Microsoft.EntityFrameworkCore.Database.Command[20101]
      Executed DbCommand (1ms) [Parameters=[@__p_1='?' (DbType = Int32), @__userId_0='?' (DbType = Int32)], CommandType='Text', CommandTimeout='30']
      SELECT TOP(@__p_1) [n].[Id], [n].[CreatedBy], [n].[CreatedDate], [n].[EntityId], [n].[EntityType], [n].[IsDeleted], [n].[IsRead], [n].[Message], [n].[NotificationType], [n].[Title], [n].[UpdatedBy], [n].[UpdatedDate], [n].[UserId]
      FROM [Notifications] AS [n]
      WHERE [n].[UserId] = @__userId_0 OR [n].[UserId] IS NULL
      ORDER BY [n].[CreatedDate] DESC
info: Microsoft.EntityFrameworkCore.Database.Command[20101]
      Executed DbCommand (1ms) [Parameters=[@__userId_0='?' (DbType = Int32)], CommandType='Text', CommandTimeout='30']
      SELECT COUNT(*)
      FROM [Notifications] AS [n]
      WHERE ([n].[UserId] = @__userId_0 OR [n].[UserId] IS NULL) AND [n].[IsRead] = CAST(0 AS bit)
info: Microsoft.EntityFrameworkCore.Database.Command[20101]
      Executed DbCommand (2ms) [Parameters=[], CommandType='Text', CommandTimeout='30']
      SELECT COUNT(*)
      FROM [ExternalReferrals] AS [e]
info: Microsoft.EntityFrameworkCore.Database.Command[20101]
      Executed DbCommand (2ms) [Parameters=[], CommandType='Text', CommandTimeout='30']
      SELECT [r].[Id], [r].[Name], [r].[Type], [r].[ContactPerson], [r].[Email], [r].[Phone], [r].[Address]
      FROM [ReferralFacilities] AS [r]
      WHERE [r].[IsActive] = CAST(1 AS bit)
info: Microsoft.EntityFrameworkCore.Database.Command[20101]
      Executed DbCommand (3ms) [Parameters=[@__p_0='?' (DbType = Int32), @__p_1='?' (DbType = Int32)], CommandType='Text', CommandTimeout='30']
      SELECT [t].[Id], [t].[PatientId], [t0].[FullName], [t0].[PatientCode], [t].[FacilityId], [r].[Name], [t].[ReferralType], [t].[Reason], [t].[Status], [t].[ReferralDate], [t].[ClinicalSummary], [t].[ExternalDoctorName]
      FROM (
          SELECT [e].[Id], [e].[ClinicalSummary], [e].[CreatedDate], [e].[ExternalDoctorName], [e].[FacilityId], [e].[PatientId], [e].[Reason], [e].[ReferralDate], [e].[ReferralType], [e].[Status]
          FROM [ExternalReferrals] AS [e]
          ORDER BY [e].[CreatedDate] DESC
          OFFSET @__p_0 ROWS FETCH NEXT @__p_1 ROWS ONLY
      ) AS [t]
      INNER JOIN (
          SELECT [p].[Id], [p].[FullName], [p].[PatientCode]
          FROM [Patients] AS [p]
          WHERE [p].[IsDeleted] = CAST(0 AS bit)
      ) AS [t0] ON [t].[PatientId] = [t0].[Id]
      INNER JOIN [ReferralFacilities] AS [r] ON [t].[FacilityId] = [r].[Id]
      ORDER BY [t].[CreatedDate] DESC
info: Microsoft.EntityFrameworkCore.Database.Command[20101]
      Executed DbCommand (1ms) [Parameters=[@__userId_0='?' (DbType = Int32)], CommandType='Text', CommandTimeout='30']
      SELECT COUNT(*)
      FROM [Notifications] AS [n]
      WHERE ([n].[UserId] = @__userId_0 OR [n].[UserId] IS NULL) AND [n].[IsRead] = CAST(0 AS bit)
info: Microsoft.EntityFrameworkCore.Database.Command[20101]
      Executed DbCommand (1ms) [Parameters=[@__p_1='?' (DbType = Int32), @__userId_0='?' (DbType = Int32)], CommandType='Text', CommandTimeout='30']
      SELECT TOP(@__p_1) [n].[Id], [n].[CreatedBy], [n].[CreatedDate], [n].[EntityId], [n].[EntityType], [n].[IsDeleted], [n].[IsRead], [n].[Message], [n].[NotificationType], [n].[Title], [n].[UpdatedBy], [n].[UpdatedDate], [n].[UserId]
      FROM [Notifications] AS [n]
      WHERE [n].[UserId] = @__userId_0 OR [n].[UserId] IS NULL
      ORDER BY [n].[CreatedDate] DESC
info: Microsoft.EntityFrameworkCore.Database.Command[20101]
      Executed DbCommand (1ms) [Parameters=[], CommandType='Text', CommandTimeout='30']
      SELECT COUNT(*)
      FROM [SterilizationBatches] AS [s]
info: Microsoft.EntityFrameworkCore.Database.Command[20101]
      Executed DbCommand (3ms) [Parameters=[@__p_0='?' (DbType = Int32), @__p_1='?' (DbType = Int32)], CommandType='Text', CommandTimeout='30']
      SELECT [t].[Id], [t].[BatchNumber], [t].[EquipmentName], [t].[CycleStartTime], [t].[CycleEndTime], [t].[Status], [t].[OperatorName], [s0].[ItemName], [s0].[ContainerId], [s0].[ExpiryDate], [s0].[IsBiologicalIndicatorPassed], [s0].[Id]
      FROM (
          SELECT [s].[Id], [s].[BatchNumber], [s].[EquipmentName], [s].[CycleStartTime], [s].[CycleEndTime], [s].[Status], [s].[OperatorName]
          FROM [SterilizationBatches] AS [s]
          ORDER BY [s].[CycleStartTime] DESC
          OFFSET @__p_0 ROWS FETCH NEXT @__p_1 ROWS ONLY
      ) AS [t]
      LEFT JOIN [SterilizedItems] AS [s0] ON [t].[Id] = [s0].[SterilizationBatchId]
      ORDER BY [t].[CycleStartTime] DESC, [t].[Id]
info: Microsoft.EntityFrameworkCore.Database.Command[20101]
      Executed DbCommand (1ms) [Parameters=[@__p_1='?' (DbType = Int32), @__userId_0='?' (DbType = Int32)], CommandType='Text', CommandTimeout='30']
      SELECT TOP(@__p_1) [n].[Id], [n].[CreatedBy], [n].[CreatedDate], [n].[EntityId], [n].[EntityType], [n].[IsDeleted], [n].[IsRead], [n].[Message], [n].[NotificationType], [n].[Title], [n].[UpdatedBy], [n].[UpdatedDate], [n].[UserId]
      FROM [Notifications] AS [n]
      WHERE [n].[UserId] = @__userId_0 OR [n].[UserId] IS NULL
      ORDER BY [n].[CreatedDate] DESC
info: Microsoft.EntityFrameworkCore.Database.Command[20101]
      Executed DbCommand (1ms) [Parameters=[@__userId_0='?' (DbType = Int32)], CommandType='Text', CommandTimeout='30']
      SELECT COUNT(*)
      FROM [Notifications] AS [n]
      WHERE ([n].[UserId] = @__userId_0 OR [n].[UserId] IS NULL) AND [n].[IsRead] = CAST(0 AS bit)
info: Microsoft.EntityFrameworkCore.Database.Command[20101]
      Executed DbCommand (1ms) [Parameters=[], CommandType='Text', CommandTimeout='30']
      SELECT COUNT(*)
      FROM [DeceasedRecords] AS [d]
info: Microsoft.EntityFrameworkCore.Database.Command[20101]
      Executed DbCommand (2ms) [Parameters=[@__p_0='?' (DbType = Int32), @__p_1='?' (DbType = Int32)], CommandType='Text', CommandTimeout='30']
      SELECT [d].[Id], [d].[Name], [d].[DateOfDeath], [d].[CauseOfDeath], [d].[BodyStatus], [d].[ChamberNumber], [d].[ReceivedDate], [d].[ReleasedDate]
      FROM [DeceasedRecords] AS [d]
      ORDER BY [d].[DateOfDeath] DESC
      OFFSET @__p_0 ROWS FETCH NEXT @__p_1 ROWS ONLY
info: Microsoft.EntityFrameworkCore.Database.Command[20101]
      Executed DbCommand (1ms) [Parameters=[@__userId_0='?' (DbType = Int32)], CommandType='Text', CommandTimeout='30']
      SELECT COUNT(*)
      FROM [Notifications] AS [n]
      WHERE ([n].[UserId] = @__userId_0 OR [n].[UserId] IS NULL) AND [n].[IsRead] = CAST(0 AS bit)
info: Microsoft.EntityFrameworkCore.Database.Command[20101]
      Executed DbCommand (1ms) [Parameters=[@__p_1='?' (DbType = Int32), @__userId_0='?' (DbType = Int32)], CommandType='Text', CommandTimeout='30']
      SELECT TOP(@__p_1) [n].[Id], [n].[CreatedBy], [n].[CreatedDate], [n].[EntityId], [n].[EntityType], [n].[IsDeleted], [n].[IsRead], [n].[Message], [n].[NotificationType], [n].[Title], [n].[UpdatedBy], [n].[UpdatedDate], [n].[UserId]
      FROM [Notifications] AS [n]
      WHERE [n].[UserId] = @__userId_0 OR [n].[UserId] IS NULL
      ORDER BY [n].[CreatedDate] DESC
info: Microsoft.EntityFrameworkCore.Database.Command[20101]
      Executed DbCommand (3ms) [Parameters=[], CommandType='Text', CommandTimeout='30']
      SELECT COUNT(*)
      FROM [Appointments] AS [a]
      WHERE [a].[IsDeleted] = CAST(0 AS bit)
info: Microsoft.EntityFrameworkCore.Database.Command[20101]
      Executed DbCommand (4ms) [Parameters=[@__p_0='?' (DbType = Int32), @__p_1='?' (DbType = Int32)], CommandType='Text', CommandTimeout='30']
      SELECT [t].[Id], [t].[AppointmentCode], [t].[AppointmentDate], [t].[AppointmentTime], [t].[CreatedBy], [t].[CreatedDate], [t].[Diagnosis], [t].[DoctorId], [t].[DurationMinutes], [t].[Fee], [t].[IsDeleted], [t].[IsPaid], [t].[IsTelehealth], [t].[MeetingLink], [t].[Notes], [t].[PatientId], [t].[Prescription], [t].[Status], [t].[UpdatedBy], [t].[UpdatedDate], [t].[VirtualWaitingRoomStatus], [t0].[Id], [t0].[Address], [t0].[Allergies], [t0].[BloodType], [t0].[CreatedBy], [t0].[CreatedDate], [t0].[DateOfBirth], [t0].[Email], [t0].[EmergencyContact], [t0].[EmergencyPhone], [t0].[FullName], [t0].[Gender], [t0].[InsuranceBalance], [t0].[InsuranceCoverageType], [t0].[InsurancePlanId], [t0].[InsurancePolicyNumber], [t0].[InsuranceProviderId], [t0].[InsuranceProviderNameManual], [t0].[IsActive], [t0].[IsDeleted], [t0].[MedicalHistory], [t0].[NationalId], [t0].[PatientCode], [t0].[PhoneNumber], [t0].[UpdatedBy], [t0].[UpdatedDate], [t1].[Id], [t1].[ConsultationFee], [t1].[CreatedBy], [t1].[CreatedDate], [t1].[DoctorCode], [t1].[Email], [t1].[EmployeeId], [t1].[FullName], [t1].[IsActive], [t1].[IsDeleted], [t1].[LicenseNumber], [t1].[PhoneNumber], [t1].[Specialization], [t1].[SubSpecialization], [t1].[UpdatedBy], [t1].[UpdatedDate], [t1].[WorkingDays], [t1].[WorkingHours]
      FROM (
          SELECT [a].[Id], [a].[AppointmentCode], [a].[AppointmentDate], [a].[AppointmentTime], [a].[CreatedBy], [a].[CreatedDate], [a].[Diagnosis], [a].[DoctorId], [a].[DurationMinutes], [a].[Fee], [a].[IsDeleted], [a].[IsPaid], [a].[IsTelehealth], [a].[MeetingLink], [a].[Notes], [a].[PatientId], [a].[Prescription], [a].[Status], [a].[UpdatedBy], [a].[UpdatedDate], [a].[VirtualWaitingRoomStatus]
          FROM [Appointments] AS [a]
          WHERE [a].[IsDeleted] = CAST(0 AS bit)
          ORDER BY [a].[AppointmentDate] DESC
          OFFSET @__p_0 ROWS FETCH NEXT @__p_1 ROWS ONLY
      ) AS [t]
      INNER JOIN (
          SELECT [p].[Id], [p].[Address], [p].[Allergies], [p].[BloodType], [p].[CreatedBy], [p].[CreatedDate], [p].[DateOfBirth], [p].[Email], [p].[EmergencyContact], [p].[EmergencyPhone], [p].[FullName], [p].[Gender], [p].[InsuranceBalance], [p].[InsuranceCoverageType], [p].[InsurancePlanId], [p].[InsurancePolicyNumber], [p].[InsuranceProviderId], [p].[InsuranceProviderNameManual], [p].[IsActive], [p].[IsDeleted], [p].[MedicalHistory], [p].[NationalId], [p].[PatientCode], [p].[PhoneNumber], [p].[UpdatedBy], [p].[UpdatedDate]
          FROM [Patients] AS [p]
          WHERE [p].[IsDeleted] = CAST(0 AS bit)
      ) AS [t0] ON [t].[PatientId] = [t0].[Id]
      INNER JOIN (
          SELECT [d].[Id], [d].[ConsultationFee], [d].[CreatedBy], [d].[CreatedDate], [d].[DoctorCode], [d].[Email], [d].[EmployeeId], [d].[FullName], [d].[IsActive], [d].[IsDeleted], [d].[LicenseNumber], [d].[PhoneNumber], [d].[Specialization], [d].[SubSpecialization], [d].[UpdatedBy], [d].[UpdatedDate], [d].[WorkingDays], [d].[WorkingHours]
          FROM [Doctors] AS [d]
          WHERE [d].[IsDeleted] = CAST(0 AS bit)
      ) AS [t1] ON [t].[DoctorId] = [t1].[Id]
      ORDER BY [t].[AppointmentDate] DESC
info: Microsoft.EntityFrameworkCore.Database.Command[20101]
      Executed DbCommand (1ms) [Parameters=[@__p_1='?' (DbType = Int32), @__userId_0='?' (DbType = Int32)], CommandType='Text', CommandTimeout='30']
      SELECT TOP(@__p_1) [n].[Id], [n].[CreatedBy], [n].[CreatedDate], [n].[EntityId], [n].[EntityType], [n].[IsDeleted], [n].[IsRead], [n].[Message], [n].[NotificationType], [n].[Title], [n].[UpdatedBy], [n].[UpdatedDate], [n].[UserId]
      FROM [Notifications] AS [n]
      WHERE [n].[UserId] = @__userId_0 OR [n].[UserId] IS NULL
      ORDER BY [n].[CreatedDate] DESC
info: Microsoft.EntityFrameworkCore.Database.Command[20101]
      Executed DbCommand (1ms) [Parameters=[@__userId_0='?' (DbType = Int32)], CommandType='Text', CommandTimeout='30']
      SELECT COUNT(*)
      FROM [Notifications] AS [n]
      WHERE ([n].[UserId] = @__userId_0 OR [n].[UserId] IS NULL) AND [n].[IsRead] = CAST(0 AS bit)
info: Microsoft.EntityFrameworkCore.Database.Command[20101]
      Executed DbCommand (1ms) [Parameters=[@__userId_0='?' (DbType = Int32)], CommandType='Text', CommandTimeout='30']
      SELECT COUNT(*)
      FROM [Notifications] AS [n]
      WHERE ([n].[UserId] = @__userId_0 OR [n].[UserId] IS NULL) AND [n].[IsRead] = CAST(0 AS bit)
info: Microsoft.EntityFrameworkCore.Database.Command[20101]
      Executed DbCommand (1ms) [Parameters=[@__p_1='?' (DbType = Int32), @__userId_0='?' (DbType = Int32)], CommandType='Text', CommandTimeout='30']
      SELECT TOP(@__p_1) [n].[Id], [n].[CreatedBy], [n].[CreatedDate], [n].[EntityId], [n].[EntityType], [n].[IsDeleted], [n].[IsRead], [n].[Message], [n].[NotificationType], [n].[Title], [n].[UpdatedBy], [n].[UpdatedDate], [n].[UserId]
      FROM [Notifications] AS [n]
      WHERE [n].[UserId] = @__userId_0 OR [n].[UserId] IS NULL
      ORDER BY [n].[CreatedDate] DESC
info: Microsoft.EntityFrameworkCore.Database.Command[20101]
      Executed DbCommand (2ms) [Parameters=[], CommandType='Text', CommandTimeout='30']
      SELECT [a].[Id], [a].[AccountCode], [a].[AccountName], [a].[AccountNameAr], [a].[AccountType], [a].[Balance], [a].[CreatedBy], [a].[CreatedDate], [a].[Description], [a].[IsActive], [a].[IsDeleted], [a].[ParentAccountId], [a].[UpdatedBy], [a].[UpdatedDate]
      FROM [Accounts] AS [a]
      WHERE [a].[IsDeleted] = CAST(0 AS bit) AND [a].[AccountType] = 4 AND [a].[IsActive] = CAST(1 AS bit)
info: Microsoft.EntityFrameworkCore.Database.Command[20101]
      Executed DbCommand (1ms) [Parameters=[], CommandType='Text', CommandTimeout='30']
      SELECT [a].[Id], [a].[AccountCode], [a].[AccountName], [a].[AccountNameAr], [a].[AccountType], [a].[Balance], [a].[CreatedBy], [a].[CreatedDate], [a].[Description], [a].[IsActive], [a].[IsDeleted], [a].[ParentAccountId], [a].[UpdatedBy], [a].[UpdatedDate]
      FROM [Accounts] AS [a]
      WHERE [a].[IsDeleted] = CAST(0 AS bit) AND [a].[AccountType] = 5 AND [a].[IsActive] = CAST(1 AS bit)
info: Microsoft.EntityFrameworkCore.Database.Command[20101]
      Executed DbCommand (2ms) [Parameters=[], CommandType='Text', CommandTimeout='30']
      SELECT COALESCE(SUM([a].[Balance]), 0.0)
      FROM [Accounts] AS [a]
      WHERE [a].[IsDeleted] = CAST(0 AS bit) AND [a].[AccountType] = 1
info: Microsoft.EntityFrameworkCore.Database.Command[20101]
      Executed DbCommand (1ms) [Parameters=[], CommandType='Text', CommandTimeout='30']
      SELECT COALESCE(SUM([a].[Balance]), 0.0)
      FROM [Accounts] AS [a]
      WHERE [a].[IsDeleted] = CAST(0 AS bit) AND [a].[AccountType] = 2
info: Microsoft.EntityFrameworkCore.Database.Command[20101]
      Executed DbCommand (1ms) [Parameters=[], CommandType='Text', CommandTimeout='30']
      SELECT COALESCE(SUM([a].[Balance]), 0.0)
      FROM [Accounts] AS [a]
      WHERE [a].[IsDeleted] = CAST(0 AS bit) AND [a].[AccountType] = 3
info: Microsoft.EntityFrameworkCore.Database.Command[20101]
      Executed DbCommand (1ms) [Parameters=[@__userId_0='?' (DbType = Int32)], CommandType='Text', CommandTimeout='30']
      SELECT COUNT(*)
      FROM [Notifications] AS [n]
      WHERE ([n].[UserId] = @__userId_0 OR [n].[UserId] IS NULL) AND [n].[IsRead] = CAST(0 AS bit)
info: Microsoft.EntityFrameworkCore.Database.Command[20101]
      Executed DbCommand (1ms) [Parameters=[@__p_1='?' (DbType = Int32), @__userId_0='?' (DbType = Int32)], CommandType='Text', CommandTimeout='30']
      SELECT TOP(@__p_1) [n].[Id], [n].[CreatedBy], [n].[CreatedDate], [n].[EntityId], [n].[EntityType], [n].[IsDeleted], [n].[IsRead], [n].[Message], [n].[NotificationType], [n].[Title], [n].[UpdatedBy], [n].[UpdatedDate], [n].[UserId]
      FROM [Notifications] AS [n]
      WHERE [n].[UserId] = @__userId_0 OR [n].[UserId] IS NULL
      ORDER BY [n].[CreatedDate] DESC
info: Microsoft.EntityFrameworkCore.Database.Command[20101]
      Executed DbCommand (1ms) [Parameters=[], CommandType='Text', CommandTimeout='30']
      SELECT COUNT(*)
      FROM [Patients] AS [p]
      WHERE [p].[IsDeleted] = CAST(0 AS bit)
info: Microsoft.EntityFrameworkCore.Database.Command[20101]
      Executed DbCommand (1ms) [Parameters=[@__today_0='?' (DbType = DateTime2)], CommandType='Text', CommandTimeout='30']
      SELECT COUNT(*)
      FROM [Appointments] AS [a]
      WHERE [a].[IsDeleted] = CAST(0 AS bit) AND CONVERT(date, [a].[AppointmentDate]) = @__today_0
info: Microsoft.EntityFrameworkCore.Database.Command[20101]
      Executed DbCommand (3ms) [Parameters=[@__firstDayOfMonth_0='?' (DbType = DateTime2)], CommandType='Text', CommandTimeout='30']
      SELECT COALESCE(SUM([p].[Amount]), 0.0)
      FROM [Payments] AS [p]
      WHERE [p].[IsDeleted] = CAST(0 AS bit) AND [p].[PaymentDate] >= @__firstDayOfMonth_0
info: Microsoft.EntityFrameworkCore.Database.Command[20101]
      Executed DbCommand (2ms) [Parameters=[], CommandType='Text', CommandTimeout='30']
      SELECT COALESCE(SUM([p].[Amount]), 0.0)
      FROM [Payments] AS [p]
      WHERE [p].[IsDeleted] = CAST(0 AS bit)
info: Microsoft.EntityFrameworkCore.Database.Command[20101]
      Executed DbCommand (1ms) [Parameters=[], CommandType='Text', CommandTimeout='30']
      SELECT COUNT(*)
      FROM [Doctors] AS [d]
      WHERE [d].[IsDeleted] = CAST(0 AS bit)
info: Microsoft.EntityFrameworkCore.Database.Command[20101]
      Executed DbCommand (1ms) [Parameters=[], CommandType='Text', CommandTimeout='30']
      SELECT COUNT(*)
      FROM [Employees] AS [e]
      WHERE [e].[IsDeleted] = CAST(0 AS bit)
info: Microsoft.EntityFrameworkCore.Database.Command[20101]
      Executed DbCommand (1ms) [Parameters=[], CommandType='Text', CommandTimeout='30']
      SELECT COUNT(*)
      FROM [Invoices] AS [i]
      WHERE [i].[IsDeleted] = CAST(0 AS bit) AND [i].[Status] = 1
info: Microsoft.EntityFrameworkCore.Database.Command[20101]
      Executed DbCommand (2ms) [Parameters=[], CommandType='Text', CommandTimeout='30']
      SELECT COUNT(*)
      FROM [WarehouseStocks] AS [w]
      WHERE [w].[Quantity] <= [w].[ReorderLevel]
info: Microsoft.EntityFrameworkCore.Database.Command[20101]
      Executed DbCommand (1ms) [Parameters=[@__mStart_0='?' (DbType = DateTime2), @__mEnd_1='?' (DbType = DateTime2)], CommandType='Text', CommandTimeout='30']
      SELECT COALESCE(SUM([p].[Amount]), 0.0)
      FROM [Payments] AS [p]
      WHERE [p].[IsDeleted] = CAST(0 AS bit) AND [p].[PaymentDate] >= @__mStart_0 AND [p].[PaymentDate] < @__mEnd_1
info: Microsoft.EntityFrameworkCore.Database.Command[20101]
      Executed DbCommand (1ms) [Parameters=[@__mStart_0='?' (DbType = DateTime2), @__mEnd_1='?' (DbType = DateTime2)], CommandType='Text', CommandTimeout='30']
      SELECT COALESCE(SUM([e].[Amount]), 0.0)
      FROM [Expenses] AS [e]
      WHERE [e].[IsDeleted] = CAST(0 AS bit) AND [e].[ExpenseDate] >= @__mStart_0 AND [e].[ExpenseDate] < @__mEnd_1
info: Microsoft.EntityFrameworkCore.Database.Command[20101]
      Executed DbCommand (0ms) [Parameters=[@__mStart_0='?' (DbType = DateTime2), @__mEnd_1='?' (DbType = DateTime2)], CommandType='Text', CommandTimeout='30']
      SELECT COALESCE(SUM([p].[Amount]), 0.0)
      FROM [Payments] AS [p]
      WHERE [p].[IsDeleted] = CAST(0 AS bit) AND [p].[PaymentDate] >= @__mStart_0 AND [p].[PaymentDate] < @__mEnd_1
info: Microsoft.EntityFrameworkCore.Database.Command[20101]
      Executed DbCommand (0ms) [Parameters=[@__mStart_0='?' (DbType = DateTime2), @__mEnd_1='?' (DbType = DateTime2)], CommandType='Text', CommandTimeout='30']
      SELECT COALESCE(SUM([e].[Amount]), 0.0)
      FROM [Expenses] AS [e]
      WHERE [e].[IsDeleted] = CAST(0 AS bit) AND [e].[ExpenseDate] >= @__mStart_0 AND [e].[ExpenseDate] < @__mEnd_1
info: Microsoft.EntityFrameworkCore.Database.Command[20101]
      Executed DbCommand (0ms) [Parameters=[@__mStart_0='?' (DbType = DateTime2), @__mEnd_1='?' (DbType = DateTime2)], CommandType='Text', CommandTimeout='30']
      SELECT COALESCE(SUM([p].[Amount]), 0.0)
      FROM [Payments] AS [p]
      WHERE [p].[IsDeleted] = CAST(0 AS bit) AND [p].[PaymentDate] >= @__mStart_0 AND [p].[PaymentDate] < @__mEnd_1
info: Microsoft.EntityFrameworkCore.Database.Command[20101]
      Executed DbCommand (0ms) [Parameters=[@__mStart_0='?' (DbType = DateTime2), @__mEnd_1='?' (DbType = DateTime2)], CommandType='Text', CommandTimeout='30']
      SELECT COALESCE(SUM([e].[Amount]), 0.0)
      FROM [Expenses] AS [e]
      WHERE [e].[IsDeleted] = CAST(0 AS bit) AND [e].[ExpenseDate] >= @__mStart_0 AND [e].[ExpenseDate] < @__mEnd_1
info: Microsoft.EntityFrameworkCore.Database.Command[20101]
      Executed DbCommand (1ms) [Parameters=[@__mStart_0='?' (DbType = DateTime2), @__mEnd_1='?' (DbType = DateTime2)], CommandType='Text', CommandTimeout='30']
      SELECT COALESCE(SUM([p].[Amount]), 0.0)
      FROM [Payments] AS [p]
      WHERE [p].[IsDeleted] = CAST(0 AS bit) AND [p].[PaymentDate] >= @__mStart_0 AND [p].[PaymentDate] < @__mEnd_1
info: Microsoft.EntityFrameworkCore.Database.Command[20101]
      Executed DbCommand (1ms) [Parameters=[@__mStart_0='?' (DbType = DateTime2), @__mEnd_1='?' (DbType = DateTime2)], CommandType='Text', CommandTimeout='30']
      SELECT COALESCE(SUM([e].[Amount]), 0.0)
      FROM [Expenses] AS [e]
      WHERE [e].[IsDeleted] = CAST(0 AS bit) AND [e].[ExpenseDate] >= @__mStart_0 AND [e].[ExpenseDate] < @__mEnd_1
info: Microsoft.EntityFrameworkCore.Database.Command[20101]
      Executed DbCommand (1ms) [Parameters=[@__mStart_0='?' (DbType = DateTime2), @__mEnd_1='?' (DbType = DateTime2)], CommandType='Text', CommandTimeout='30']
      SELECT COALESCE(SUM([p].[Amount]), 0.0)
      FROM [Payments] AS [p]
      WHERE [p].[IsDeleted] = CAST(0 AS bit) AND [p].[PaymentDate] >= @__mStart_0 AND [p].[PaymentDate] < @__mEnd_1
info: Microsoft.EntityFrameworkCore.Database.Command[20101]
      Executed DbCommand (1ms) [Parameters=[@__mStart_0='?' (DbType = DateTime2), @__mEnd_1='?' (DbType = DateTime2)], CommandType='Text', CommandTimeout='30']
      SELECT COALESCE(SUM([e].[Amount]), 0.0)
      FROM [Expenses] AS [e]
      WHERE [e].[IsDeleted] = CAST(0 AS bit) AND [e].[ExpenseDate] >= @__mStart_0 AND [e].[ExpenseDate] < @__mEnd_1
info: Microsoft.EntityFrameworkCore.Database.Command[20101]
      Executed DbCommand (0ms) [Parameters=[@__mStart_0='?' (DbType = DateTime2), @__mEnd_1='?' (DbType = DateTime2)], CommandType='Text', CommandTimeout='30']
      SELECT COALESCE(SUM([p].[Amount]), 0.0)
      FROM [Payments] AS [p]
      WHERE [p].[IsDeleted] = CAST(0 AS bit) AND [p].[PaymentDate] >= @__mStart_0 AND [p].[PaymentDate] < @__mEnd_1
info: Microsoft.EntityFrameworkCore.Database.Command[20101]
      Executed DbCommand (0ms) [Parameters=[@__mStart_0='?' (DbType = DateTime2), @__mEnd_1='?' (DbType = DateTime2)], CommandType='Text', CommandTimeout='30']
      SELECT COALESCE(SUM([e].[Amount]), 0.0)
      FROM [Expenses] AS [e]
      WHERE [e].[IsDeleted] = CAST(0 AS bit) AND [e].[ExpenseDate] >= @__mStart_0 AND [e].[ExpenseDate] < @__mEnd_1
info: Microsoft.EntityFrameworkCore.Database.Command[20101]
      Executed DbCommand (1ms) [Parameters=[@__p_0='?' (DbType = Int32)], CommandType='Text', CommandTimeout='30']
      SELECT TOP(@__p_0) [p].[FullName], [p].[CreatedDate]
      FROM [Patients] AS [p]
      WHERE [p].[IsDeleted] = CAST(0 AS bit)
      ORDER BY [p].[CreatedDate] DESC
info: Microsoft.EntityFrameworkCore.Database.Command[20101]
      Executed DbCommand (8ms) [Parameters=[], CommandType='Text', CommandTimeout='30']
      SELECT [w].[Id], [w].[CreatedBy], [w].[CreatedDate], [w].[Description], [w].[FloorNumber], [w].[IsActive], [w].[IsDeleted], [w].[UpdatedBy], [w].[UpdatedDate], [w].[WardCode], [w].[WardName], [w].[WardNameAr], [w].[WardType], [t0].[Id], [t0].[Capacity], [t0].[CreatedBy], [t0].[CreatedDate], [t0].[IsActive], [t0].[IsDeleted], [t0].[Notes], [t0].[RoomNumber], [t0].[RoomType], [t0].[UpdatedBy], [t0].[UpdatedDate], [t0].[WardId], [t0].[Id0], [t0].[BedNumber], [t0].[CreatedBy0], [t0].[CreatedDate0], [t0].[IsDeleted0], [t0].[RoomId], [t0].[Status], [t0].[UpdatedBy0], [t0].[UpdatedDate0]
      FROM [Wards] AS [w]
      LEFT JOIN (
          SELECT [r].[Id], [r].[Capacity], [r].[CreatedBy], [r].[CreatedDate], [r].[IsActive], [r].[IsDeleted], [r].[Notes], [r].[RoomNumber], [r].[RoomType], [r].[UpdatedBy], [r].[UpdatedDate], [r].[WardId], [t].[Id] AS [Id0], [t].[BedNumber], [t].[CreatedBy] AS [CreatedBy0], [t].[CreatedDate] AS [CreatedDate0], [t].[IsDeleted] AS [IsDeleted0], [t].[RoomId], [t].[Status], [t].[UpdatedBy] AS [UpdatedBy0], [t].[UpdatedDate] AS [UpdatedDate0]
          FROM [Rooms] AS [r]
          LEFT JOIN (
              SELECT [b].[Id], [b].[BedNumber], [b].[CreatedBy], [b].[CreatedDate], [b].[IsDeleted], [b].[RoomId], [b].[Status], [b].[UpdatedBy], [b].[UpdatedDate]
              FROM [Beds] AS [b]
              WHERE [b].[IsDeleted] = CAST(0 AS bit)
          ) AS [t] ON [r].[Id] = [t].[RoomId]
          WHERE [r].[IsDeleted] = CAST(0 AS bit)
      ) AS [t0] ON [w].[Id] = [t0].[WardId]
      WHERE [w].[IsDeleted] = CAST(0 AS bit)
      ORDER BY [w].[Id], [t0].[Id]
info: Microsoft.EntityFrameworkCore.Database.Command[20101]
      Executed DbCommand (3ms) [Parameters=[], CommandType='Text', CommandTimeout='30']
      SELECT [b].[Id], [b].[AdmissionDate], [b].[AdmissionReason], [b].[AdmissionType], [b].[BedId], [b].[CreatedBy], [b].[CreatedDate], [b].[DailyRate], [b].[DischargeDate], [b].[DischargeNotes], [b].[DischargeReason], [b].[DoctorId], [b].[EmergencyAdmissionId], [b].[IsDeleted], [b].[Notes], [b].[PatientId], [b].[Status], [b].[UpdatedBy], [b].[UpdatedDate]
      FROM [BedAdmissions] AS [b]
      WHERE [b].[IsDeleted] = CAST(0 AS bit) AND [b].[DischargeDate] IS NOT NULL
info: Microsoft.EntityFrameworkCore.Database.Command[20101]
      Executed DbCommand (2ms) [Parameters=[], CommandType='Text', CommandTimeout='30']
      SELECT COUNT(*)
      FROM (
          SELECT [b].[PatientId]
          FROM [BedAdmissions] AS [b]
          WHERE [b].[IsDeleted] = CAST(0 AS bit)
          GROUP BY [b].[PatientId]
          HAVING COUNT(*) > 1
      ) AS [t]
info: Microsoft.EntityFrameworkCore.Database.Command[20101]
      Executed DbCommand (1ms) [Parameters=[], CommandType='Text', CommandTimeout='30']
      SELECT COUNT(*)
      FROM (
          SELECT DISTINCT [b].[PatientId]
          FROM [BedAdmissions] AS [b]
          WHERE [b].[IsDeleted] = CAST(0 AS bit)
      ) AS [t]
info: Microsoft.EntityFrameworkCore.Database.Command[20101]
      Executed DbCommand (1ms) [Parameters=[@__userId_0='?' (DbType = Int32)], CommandType='Text', CommandTimeout='30']
      SELECT COUNT(*)
      FROM [Notifications] AS [n]
      WHERE ([n].[UserId] = @__userId_0 OR [n].[UserId] IS NULL) AND [n].[IsRead] = CAST(0 AS bit)
info: Microsoft.EntityFrameworkCore.Database.Command[20101]
      Executed DbCommand (1ms) [Parameters=[@__p_1='?' (DbType = Int32), @__userId_0='?' (DbType = Int32)], CommandType='Text', CommandTimeout='30']
      SELECT TOP(@__p_1) [n].[Id], [n].[CreatedBy], [n].[CreatedDate], [n].[EntityId], [n].[EntityType], [n].[IsDeleted], [n].[IsRead], [n].[Message], [n].[NotificationType], [n].[Title], [n].[UpdatedBy], [n].[UpdatedDate], [n].[UserId]
      FROM [Notifications] AS [n]
      WHERE [n].[UserId] = @__userId_0 OR [n].[UserId] IS NULL
      ORDER BY [n].[CreatedDate] DESC
info: Microsoft.EntityFrameworkCore.Database.Command[20101]
      Executed DbCommand (1ms) [Parameters=[], CommandType='Text', CommandTimeout='30']
      SELECT COUNT(*)
      FROM [Employees] AS [e]
      WHERE [e].[IsDeleted] = CAST(0 AS bit)
info: Microsoft.EntityFrameworkCore.Database.Command[20101]
      Executed DbCommand (1ms) [Parameters=[], CommandType='Text', CommandTimeout='30']
      SELECT [w].[Id], [w].[ShiftName], [w].[StartTime], [w].[EndTime], [w].[ColorCode], [w].[IsActive]
      FROM [WorkShifts] AS [w]
      WHERE [w].[IsActive] = CAST(1 AS bit)
info: Microsoft.EntityFrameworkCore.Database.Command[20101]
      Executed DbCommand (2ms) [Parameters=[@__p_0='?' (DbType = Int32), @__p_1='?' (DbType = Int32)], CommandType='Text', CommandTimeout='30']
      SELECT [e].[Id], [e].[Allowances], [e].[BasicSalary], [e].[CreatedBy], [e].[CreatedDate], [e].[Deductions], [e].[Department], [e].[Email], [e].[EmployeeCode], [e].[FullName], [e].[HireDate], [e].[IsActive], [e].[IsDeleted], [e].[NationalId], [e].[PhoneNumber], [e].[Position], [e].[UpdatedBy], [e].[UpdatedDate]
      FROM [Employees] AS [e]
      WHERE [e].[IsDeleted] = CAST(0 AS bit)
      ORDER BY [e].[FullName]
      OFFSET @__p_0 ROWS FETCH NEXT @__p_1 ROWS ONLY
info: Microsoft.EntityFrameworkCore.Database.Command[20101]
      Executed DbCommand (4ms) [Parameters=[@__start_0='?' (DbType = DateTime2), @__end_1='?' (DbType = DateTime2)], CommandType='Text', CommandTimeout='30']
      SELECT [e].[Id], [e].[EmployeeId], [t].[FullName], [e].[WorkShiftId], [w].[ShiftName], [e].[Date], [e].[Status], [w].[ColorCode]
      FROM [EmployeeRosters] AS [e]
      INNER JOIN (
          SELECT [e0].[Id], [e0].[FullName]
          FROM [Employees] AS [e0]
          WHERE [e0].[IsDeleted] = CAST(0 AS bit)
      ) AS [t] ON [e].[EmployeeId] = [t].[Id]
      INNER JOIN [WorkShifts] AS [w] ON [e].[WorkShiftId] = [w].[Id]
      WHERE [e].[Date] >= @__start_0 AND [e].[Date] <= @__end_1
info: Microsoft.EntityFrameworkCore.Database.Command[20101]
      Executed DbCommand (0ms) [Parameters=[@__userId_0='?' (DbType = Int32)], CommandType='Text', CommandTimeout='30']
      SELECT COUNT(*)
      FROM [Notifications] AS [n]
      WHERE ([n].[UserId] = @__userId_0 OR [n].[UserId] IS NULL) AND [n].[IsRead] = CAST(0 AS bit)
info: Microsoft.EntityFrameworkCore.Database.Command[20101]
      Executed DbCommand (1ms) [Parameters=[@__p_1='?' (DbType = Int32), @__userId_0='?' (DbType = Int32)], CommandType='Text', CommandTimeout='30']
      SELECT TOP(@__p_1) [n].[Id], [n].[CreatedBy], [n].[CreatedDate], [n].[EntityId], [n].[EntityType], [n].[IsDeleted], [n].[IsRead], [n].[Message], [n].[NotificationType], [n].[Title], [n].[UpdatedBy], [n].[UpdatedDate], [n].[UserId]
      FROM [Notifications] AS [n]
      WHERE [n].[UserId] = @__userId_0 OR [n].[UserId] IS NULL
      ORDER BY [n].[CreatedDate] DESC
info: Microsoft.EntityFrameworkCore.Database.Command[20101]
      Executed DbCommand (2ms) [Parameters=[], CommandType='Text', CommandTimeout='30']
      SELECT COUNT(*)
      FROM [LeaveRequests] AS [l]
info: Microsoft.EntityFrameworkCore.Database.Command[20101]
      Executed DbCommand (2ms) [Parameters=[@__p_0='?' (DbType = Int32), @__p_1='?' (DbType = Int32)], CommandType='Text', CommandTimeout='30']
      SELECT [t].[Id], [t].[EmployeeId], [t0].[FullName], [t].[LeaveType], [t].[StartDate], [t].[EndDate], [t].[TotalDays], [t].[Reason], [t].[Status], [t].[Comments]
      FROM (
          SELECT [l].[Id], [l].[Comments], [l].[CreatedDate], [l].[EmployeeId], [l].[EndDate], [l].[LeaveType], [l].[Reason], [l].[StartDate], [l].[Status], [l].[TotalDays]
          FROM [LeaveRequests] AS [l]
          ORDER BY [l].[CreatedDate] DESC
          OFFSET @__p_0 ROWS FETCH NEXT @__p_1 ROWS ONLY
      ) AS [t]
      INNER JOIN (
          SELECT [e].[Id], [e].[FullName]
          FROM [Employees] AS [e]
          WHERE [e].[IsDeleted] = CAST(0 AS bit)
      ) AS [t0] ON [t].[EmployeeId] = [t0].[Id]
      ORDER BY [t].[CreatedDate] DESC
info: Microsoft.EntityFrameworkCore.Database.Command[20101]
      Executed DbCommand (2ms) [Parameters=[@__userId_0='?' (DbType = Int32)], CommandType='Text', CommandTimeout='30']
      SELECT COUNT(*)
      FROM [Notifications] AS [n]
      WHERE ([n].[UserId] = @__userId_0 OR [n].[UserId] IS NULL) AND [n].[IsRead] = CAST(0 AS bit)
info: Microsoft.EntityFrameworkCore.Database.Command[20101]
      Executed DbCommand (2ms) [Parameters=[@__p_1='?' (DbType = Int32), @__userId_0='?' (DbType = Int32)], CommandType='Text', CommandTimeout='30']
      SELECT TOP(@__p_1) [n].[Id], [n].[CreatedBy], [n].[CreatedDate], [n].[EntityId], [n].[EntityType], [n].[IsDeleted], [n].[IsRead], [n].[Message], [n].[NotificationType], [n].[Title], [n].[UpdatedBy], [n].[UpdatedDate], [n].[UserId]
      FROM [Notifications] AS [n]
      WHERE [n].[UserId] = @__userId_0 OR [n].[UserId] IS NULL
      ORDER BY [n].[CreatedDate] DESC
info: Microsoft.EntityFrameworkCore.Database.Command[20101]
      Executed DbCommand (2ms) [Parameters=[], CommandType='Text', CommandTimeout='30']
      SELECT COUNT(*)
      FROM [InsuranceClaims] AS [i]
      WHERE [i].[IsDeleted] = CAST(0 AS bit)
info: Microsoft.EntityFrameworkCore.Database.Command[20101]
      Executed DbCommand (6ms) [Parameters=[], CommandType='Text', CommandTimeout='30']
      SELECT [i].[Id], [i].[Address], [i].[ContactPerson], [i].[CreatedBy], [i].[CreatedDate], [i].[Email], [i].[IsActive], [i].[IsDeleted], [i].[Name], [i].[PhoneNumber], [i].[TPA], [i].[UpdatedBy], [i].[UpdatedDate], [t].[Id], [t].[CoPayAmount], [t].[CoveragePercentage], [t].[CreatedBy], [t].[CreatedDate], [t].[Exclusions], [t].[InsuranceProviderId], [t].[IsActive], [t].[IsDeleted], [t].[MaxLimit], [t].[PlanCode], [t].[PlanName], [t].[RequiresPreAuth], [t].[UpdatedBy], [t].[UpdatedDate]
      FROM [InsuranceProviders] AS [i]
      LEFT JOIN (
          SELECT [i0].[Id], [i0].[CoPayAmount], [i0].[CoveragePercentage], [i0].[CreatedBy], [i0].[CreatedDate], [i0].[Exclusions], [i0].[InsuranceProviderId], [i0].[IsActive], [i0].[IsDeleted], [i0].[MaxLimit], [i0].[PlanCode], [i0].[PlanName], [i0].[RequiresPreAuth], [i0].[UpdatedBy], [i0].[UpdatedDate]
          FROM [InsurancePlans] AS [i0]
          WHERE [i0].[IsDeleted] = CAST(0 AS bit)
      ) AS [t] ON [i].[Id] = [t].[InsuranceProviderId]
      WHERE [i].[IsDeleted] = CAST(0 AS bit)
      ORDER BY [i].[Id]
info: Microsoft.EntityFrameworkCore.Database.Command[20101]
      Executed DbCommand (8ms) [Parameters=[@__p_0='?' (DbType = Int32), @__p_1='?' (DbType = Int32)], CommandType='Text', CommandTimeout='30']
      SELECT [t].[Id], [t].[ApprovedAmount], [t].[AuthCode], [t].[ClaimAmount], [t].[ClaimNumber], [t].[CreatedBy], [t].[CreatedDate], [t].[InsuranceProviderId], [t].[InvoiceId], [t].[IsDeleted], [t].[PatientId], [t].[RejectionReason], [t].[Status], [t].[StatusDate], [t].[SubmissionDate], [t].[UpdatedBy], [t].[UpdatedDate], [t0].[Id], [t0].[CreatedBy], [t0].[CreatedDate], [t0].[CustomerId], [t0].[DiscountAmount], [t0].[DueDate], [t0].[InsuranceShare], [t0].[InvoiceDate], [t0].[InvoiceNumber], [t0].[InvoiceType], [t0].[IsDeleted], [t0].[Notes], [t0].[PaidAmount], [t0].[PatientId], [t0].[PatientShare], [t0].[Status], [t0].[SubTotal], [t0].[TaxAmount], [t0].[TotalAmount], [t0].[UpdatedBy], [t0].[UpdatedDate], [t1].[Id], [t1].[Address], [t1].[Allergies], [t1].[BloodType], [t1].[CreatedBy], [t1].[CreatedDate], [t1].[DateOfBirth], [t1].[Email], [t1].[EmergencyContact], [t1].[EmergencyPhone], [t1].[FullName], [t1].[Gender], [t1].[InsuranceBalance], [t1].[InsuranceCoverageType], [t1].[InsurancePlanId], [t1].[InsurancePolicyNumber], [t1].[InsuranceProviderId], [t1].[InsuranceProviderNameManual], [t1].[IsActive], [t1].[IsDeleted], [t1].[MedicalHistory], [t1].[NationalId], [t1].[PatientCode], [t1].[PhoneNumber], [t1].[UpdatedBy], [t1].[UpdatedDate], [t2].[Id], [t2].[Address], [t2].[ContactPerson], [t2].[CreatedBy], [t2].[CreatedDate], [t2].[Email], [t2].[IsActive], [t2].[IsDeleted], [t2].[Name], [t2].[PhoneNumber], [t2].[TPA], [t2].[UpdatedBy], [t2].[UpdatedDate]
      FROM (
          SELECT [i].[Id], [i].[ApprovedAmount], [i].[AuthCode], [i].[ClaimAmount], [i].[ClaimNumber], [i].[CreatedBy], [i].[CreatedDate], [i].[InsuranceProviderId], [i].[InvoiceId], [i].[IsDeleted], [i].[PatientId], [i].[RejectionReason], [i].[Status], [i].[StatusDate], [i].[SubmissionDate], [i].[UpdatedBy], [i].[UpdatedDate]
          FROM [InsuranceClaims] AS [i]
          WHERE [i].[IsDeleted] = CAST(0 AS bit)
          ORDER BY [i].[CreatedDate] DESC
          OFFSET @__p_0 ROWS FETCH NEXT @__p_1 ROWS ONLY
      ) AS [t]
      INNER JOIN (
          SELECT [i0].[Id], [i0].[CreatedBy], [i0].[CreatedDate], [i0].[CustomerId], [i0].[DiscountAmount], [i0].[DueDate], [i0].[InsuranceShare], [i0].[InvoiceDate], [i0].[InvoiceNumber], [i0].[InvoiceType], [i0].[IsDeleted], [i0].[Notes], [i0].[PaidAmount], [i0].[PatientId], [i0].[PatientShare], [i0].[Status], [i0].[SubTotal], [i0].[TaxAmount], [i0].[TotalAmount], [i0].[UpdatedBy], [i0].[UpdatedDate]
          FROM [Invoices] AS [i0]
          WHERE [i0].[IsDeleted] = CAST(0 AS bit)
      ) AS [t0] ON [t].[InvoiceId] = [t0].[Id]
      INNER JOIN (
          SELECT [p].[Id], [p].[Address], [p].[Allergies], [p].[BloodType], [p].[CreatedBy], [p].[CreatedDate], [p].[DateOfBirth], [p].[Email], [p].[EmergencyContact], [p].[EmergencyPhone], [p].[FullName], [p].[Gender], [p].[InsuranceBalance], [p].[InsuranceCoverageType], [p].[InsurancePlanId], [p].[InsurancePolicyNumber], [p].[InsuranceProviderId], [p].[InsuranceProviderNameManual], [p].[IsActive], [p].[IsDeleted], [p].[MedicalHistory], [p].[NationalId], [p].[PatientCode], [p].[PhoneNumber], [p].[UpdatedBy], [p].[UpdatedDate]
          FROM [Patients] AS [p]
          WHERE [p].[IsDeleted] = CAST(0 AS bit)
      ) AS [t1] ON [t].[PatientId] = [t1].[Id]
      INNER JOIN (
          SELECT [i1].[Id], [i1].[Address], [i1].[ContactPerson], [i1].[CreatedBy], [i1].[CreatedDate], [i1].[Email], [i1].[IsActive], [i1].[IsDeleted], [i1].[Name], [i1].[PhoneNumber], [i1].[TPA], [i1].[UpdatedBy], [i1].[UpdatedDate]
          FROM [InsuranceProviders] AS [i1]
          WHERE [i1].[IsDeleted] = CAST(0 AS bit)
      ) AS [t2] ON [t].[InsuranceProviderId] = [t2].[Id]
      ORDER BY [t].[CreatedDate] DESC
info: Microsoft.EntityFrameworkCore.Database.Command[20101]
      Executed DbCommand (3ms) [Parameters=[@__userId_0='?' (DbType = Int32)], CommandType='Text', CommandTimeout='30']
      SELECT COUNT(*)
      FROM [Notifications] AS [n]
      WHERE ([n].[UserId] = @__userId_0 OR [n].[UserId] IS NULL) AND [n].[IsRead] = CAST(0 AS bit)
info: Microsoft.EntityFrameworkCore.Database.Command[20101]
      Executed DbCommand (3ms) [Parameters=[@__p_1='?' (DbType = Int32), @__userId_0='?' (DbType = Int32)], CommandType='Text', CommandTimeout='30']
      SELECT TOP(@__p_1) [n].[Id], [n].[CreatedBy], [n].[CreatedDate], [n].[EntityId], [n].[EntityType], [n].[IsDeleted], [n].[IsRead], [n].[Message], [n].[NotificationType], [n].[Title], [n].[UpdatedBy], [n].[UpdatedDate], [n].[UserId]
      FROM [Notifications] AS [n]
      WHERE [n].[UserId] = @__userId_0 OR [n].[UserId] IS NULL
      ORDER BY [n].[CreatedDate] DESC
info: Microsoft.EntityFrameworkCore.Database.Command[20101]
      Executed DbCommand (2ms) [Parameters=[], CommandType='Text', CommandTimeout='30']
      SELECT COUNT(*)
      FROM [Patients] AS [p]
      WHERE [p].[IsDeleted] = CAST(0 AS bit)
info: Microsoft.EntityFrameworkCore.Database.Command[20101]
      Executed DbCommand (2ms) [Parameters=[@__today_0='?' (DbType = DateTime2)], CommandType='Text', CommandTimeout='30']
      SELECT COUNT(*)
      FROM [Appointments] AS [a]
      WHERE [a].[IsDeleted] = CAST(0 AS bit) AND CONVERT(date, [a].[AppointmentDate]) = @__today_0
info: Microsoft.EntityFrameworkCore.Database.Command[20101]
      Executed DbCommand (2ms) [Parameters=[], CommandType='Text', CommandTimeout='30']
      SELECT COUNT(*)
      FROM [Appointments] AS [a]
      WHERE [a].[IsDeleted] = CAST(0 AS bit) AND [a].[Status] IN (1, 2)
info: Microsoft.EntityFrameworkCore.Database.Command[20101]
      Executed DbCommand (2ms) [Parameters=[], CommandType='Text', CommandTimeout='30']
      SELECT COUNT(*)
      FROM [Doctors] AS [d]
      WHERE [d].[IsDeleted] = CAST(0 AS bit)
info: Microsoft.EntityFrameworkCore.Database.Command[20101]
      Executed DbCommand (1ms) [Parameters=[], CommandType='Text', CommandTimeout='30']
      SELECT COUNT(*)
      FROM [Employees] AS [e]
      WHERE [e].[IsDeleted] = CAST(0 AS bit)
info: Microsoft.EntityFrameworkCore.Database.Command[20101]
      Executed DbCommand (1ms) [Parameters=[], CommandType='Text', CommandTimeout='30']
      SELECT COUNT(*)
      FROM [WarehouseStocks] AS [w]
      WHERE [w].[Quantity] <= [w].[ReorderLevel]
info: Microsoft.EntityFrameworkCore.Database.Command[20101]
      Executed DbCommand (1ms) [Parameters=[], CommandType='Text', CommandTimeout='30']
      SELECT COUNT(*)
      FROM [Invoices] AS [i]
      WHERE [i].[IsDeleted] = CAST(0 AS bit) AND [i].[Status] = 1
info: Microsoft.EntityFrameworkCore.Database.Command[20101]
      Executed DbCommand (2ms) [Parameters=[@__today_0='?' (DbType = DateTime2), @__expiryThreshold_1='?' (DbType = DateTime2)], CommandType='Text', CommandTimeout='30']
      SELECT COUNT(*)
      FROM [ItemBatches] AS [i]
      WHERE [i].[IsDeleted] = CAST(0 AS bit) AND [i].[Status] = N'Active' AND [i].[ExpiryDate] > @__today_0 AND [i].[ExpiryDate] <= @__expiryThreshold_1
info: Microsoft.EntityFrameworkCore.Database.Command[20101]
      Executed DbCommand (3ms) [Parameters=[@__today_0='?' (DbType = DateTime2)], CommandType='Text', CommandTimeout='30']
      SELECT COALESCE(SUM([p].[Amount]), 0.0)
      FROM [Payments] AS [p]
      WHERE [p].[IsDeleted] = CAST(0 AS bit) AND CONVERT(date, [p].[PaymentDate]) = @__today_0
info: Microsoft.EntityFrameworkCore.Database.Command[20101]
      Executed DbCommand (1ms) [Parameters=[@__monthStart_0='?' (DbType = DateTime2)], CommandType='Text', CommandTimeout='30']
      SELECT COALESCE(SUM([p].[Amount]), 0.0)
      FROM [Payments] AS [p]
      WHERE [p].[IsDeleted] = CAST(0 AS bit) AND [p].[PaymentDate] >= @__monthStart_0
info: Microsoft.EntityFrameworkCore.Database.Command[20101]
      Executed DbCommand (1ms) [Parameters=[], CommandType='Text', CommandTimeout='30']
      SELECT COALESCE(SUM([p].[Amount]), 0.0)
      FROM [Payments] AS [p]
      WHERE [p].[IsDeleted] = CAST(0 AS bit)
info: Microsoft.EntityFrameworkCore.Database.Command[20101]
      Executed DbCommand (4ms) [Parameters=[], CommandType='Text', CommandTimeout='30']
      SELECT COALESCE(SUM([i].[TotalAmount] - [i].[PaidAmount]), 0.0)
      FROM [Invoices] AS [i]
      WHERE [i].[IsDeleted] = CAST(0 AS bit)
info: Microsoft.EntityFrameworkCore.Database.Command[20101]
      Executed DbCommand (2ms) [Parameters=[@__mStart_0='?' (DbType = DateTime2), @__mEnd_1='?' (DbType = DateTime2)], CommandType='Text', CommandTimeout='30']
      SELECT COALESCE(SUM([p].[Amount]), 0.0)
      FROM [Payments] AS [p]
      WHERE [p].[IsDeleted] = CAST(0 AS bit) AND [p].[PaymentDate] >= @__mStart_0 AND [p].[PaymentDate] < @__mEnd_1
info: Microsoft.EntityFrameworkCore.Database.Command[20101]
      Executed DbCommand (1ms) [Parameters=[@__mStart_0='?' (DbType = DateTime2), @__mEnd_1='?' (DbType = DateTime2)], CommandType='Text', CommandTimeout='30']
      SELECT COALESCE(SUM([e].[Amount]), 0.0)
      FROM [Expenses] AS [e]
      WHERE [e].[IsDeleted] = CAST(0 AS bit) AND [e].[ExpenseDate] >= @__mStart_0 AND [e].[ExpenseDate] < @__mEnd_1
info: Microsoft.EntityFrameworkCore.Database.Command[20101]
      Executed DbCommand (0ms) [Parameters=[@__mStart_0='?' (DbType = DateTime2), @__mEnd_1='?' (DbType = DateTime2)], CommandType='Text', CommandTimeout='30']
      SELECT COALESCE(SUM([p].[Amount]), 0.0)
      FROM [Payments] AS [p]
      WHERE [p].[IsDeleted] = CAST(0 AS bit) AND [p].[PaymentDate] >= @__mStart_0 AND [p].[PaymentDate] < @__mEnd_1
info: Microsoft.EntityFrameworkCore.Database.Command[20101]
      Executed DbCommand (0ms) [Parameters=[@__mStart_0='?' (DbType = DateTime2), @__mEnd_1='?' (DbType = DateTime2)], CommandType='Text', CommandTimeout='30']
      SELECT COALESCE(SUM([e].[Amount]), 0.0)
      FROM [Expenses] AS [e]
      WHERE [e].[IsDeleted] = CAST(0 AS bit) AND [e].[ExpenseDate] >= @__mStart_0 AND [e].[ExpenseDate] < @__mEnd_1
info: Microsoft.EntityFrameworkCore.Database.Command[20101]
      Executed DbCommand (1ms) [Parameters=[@__mStart_0='?' (DbType = DateTime2), @__mEnd_1='?' (DbType = DateTime2)], CommandType='Text', CommandTimeout='30']
      SELECT COALESCE(SUM([p].[Amount]), 0.0)
      FROM [Payments] AS [p]
      WHERE [p].[IsDeleted] = CAST(0 AS bit) AND [p].[PaymentDate] >= @__mStart_0 AND [p].[PaymentDate] < @__mEnd_1
info: Microsoft.EntityFrameworkCore.Database.Command[20101]
      Executed DbCommand (1ms) [Parameters=[@__mStart_0='?' (DbType = DateTime2), @__mEnd_1='?' (DbType = DateTime2)], CommandType='Text', CommandTimeout='30']
      SELECT COALESCE(SUM([e].[Amount]), 0.0)
      FROM [Expenses] AS [e]
      WHERE [e].[IsDeleted] = CAST(0 AS bit) AND [e].[ExpenseDate] >= @__mStart_0 AND [e].[ExpenseDate] < @__mEnd_1
info: Microsoft.EntityFrameworkCore.Database.Command[20101]
      Executed DbCommand (0ms) [Parameters=[@__mStart_0='?' (DbType = DateTime2), @__mEnd_1='?' (DbType = DateTime2)], CommandType='Text', CommandTimeout='30']
      SELECT COALESCE(SUM([p].[Amount]), 0.0)
      FROM [Payments] AS [p]
      WHERE [p].[IsDeleted] = CAST(0 AS bit) AND [p].[PaymentDate] >= @__mStart_0 AND [p].[PaymentDate] < @__mEnd_1
info: Microsoft.EntityFrameworkCore.Database.Command[20101]
      Executed DbCommand (0ms) [Parameters=[@__mStart_0='?' (DbType = DateTime2), @__mEnd_1='?' (DbType = DateTime2)], CommandType='Text', CommandTimeout='30']
      SELECT COALESCE(SUM([e].[Amount]), 0.0)
      FROM [Expenses] AS [e]
      WHERE [e].[IsDeleted] = CAST(0 AS bit) AND [e].[ExpenseDate] >= @__mStart_0 AND [e].[ExpenseDate] < @__mEnd_1
info: Microsoft.EntityFrameworkCore.Database.Command[20101]
      Executed DbCommand (0ms) [Parameters=[@__mStart_0='?' (DbType = DateTime2), @__mEnd_1='?' (DbType = DateTime2)], CommandType='Text', CommandTimeout='30']
      SELECT COALESCE(SUM([p].[Amount]), 0.0)
      FROM [Payments] AS [p]
      WHERE [p].[IsDeleted] = CAST(0 AS bit) AND [p].[PaymentDate] >= @__mStart_0 AND [p].[PaymentDate] < @__mEnd_1
info: Microsoft.EntityFrameworkCore.Database.Command[20101]
      Executed DbCommand (0ms) [Parameters=[@__mStart_0='?' (DbType = DateTime2), @__mEnd_1='?' (DbType = DateTime2)], CommandType='Text', CommandTimeout='30']
      SELECT COALESCE(SUM([e].[Amount]), 0.0)
      FROM [Expenses] AS [e]
      WHERE [e].[IsDeleted] = CAST(0 AS bit) AND [e].[ExpenseDate] >= @__mStart_0 AND [e].[ExpenseDate] < @__mEnd_1
info: Microsoft.EntityFrameworkCore.Database.Command[20101]
      Executed DbCommand (0ms) [Parameters=[@__mStart_0='?' (DbType = DateTime2), @__mEnd_1='?' (DbType = DateTime2)], CommandType='Text', CommandTimeout='30']
      SELECT COALESCE(SUM([p].[Amount]), 0.0)
      FROM [Payments] AS [p]
      WHERE [p].[IsDeleted] = CAST(0 AS bit) AND [p].[PaymentDate] >= @__mStart_0 AND [p].[PaymentDate] < @__mEnd_1
info: Microsoft.EntityFrameworkCore.Database.Command[20101]
      Executed DbCommand (0ms) [Parameters=[@__mStart_0='?' (DbType = DateTime2), @__mEnd_1='?' (DbType = DateTime2)], CommandType='Text', CommandTimeout='30']
      SELECT COALESCE(SUM([e].[Amount]), 0.0)
      FROM [Expenses] AS [e]
      WHERE [e].[IsDeleted] = CAST(0 AS bit) AND [e].[ExpenseDate] >= @__mStart_0 AND [e].[ExpenseDate] < @__mEnd_1
info: Microsoft.EntityFrameworkCore.Database.Command[20101]
      Executed DbCommand (0ms) [Parameters=[@__mStart_0='?' (DbType = DateTime2), @__mEnd_1='?' (DbType = DateTime2)], CommandType='Text', CommandTimeout='30']
      SELECT COALESCE(SUM([p].[Amount]), 0.0)
      FROM [Payments] AS [p]
      WHERE [p].[IsDeleted] = CAST(0 AS bit) AND [p].[PaymentDate] >= @__mStart_0 AND [p].[PaymentDate] < @__mEnd_1
info: Microsoft.EntityFrameworkCore.Database.Command[20101]
      Executed DbCommand (0ms) [Parameters=[@__mStart_0='?' (DbType = DateTime2), @__mEnd_1='?' (DbType = DateTime2)], CommandType='Text', CommandTimeout='30']
      SELECT COALESCE(SUM([e].[Amount]), 0.0)
      FROM [Expenses] AS [e]
      WHERE [e].[IsDeleted] = CAST(0 AS bit) AND [e].[ExpenseDate] >= @__mStart_0 AND [e].[ExpenseDate] < @__mEnd_1
info: Microsoft.EntityFrameworkCore.Database.Command[20101]
      Executed DbCommand (0ms) [Parameters=[@__mStart_0='?' (DbType = DateTime2), @__mEnd_1='?' (DbType = DateTime2)], CommandType='Text', CommandTimeout='30']
      SELECT COALESCE(SUM([p].[Amount]), 0.0)
      FROM [Payments] AS [p]
      WHERE [p].[IsDeleted] = CAST(0 AS bit) AND [p].[PaymentDate] >= @__mStart_0 AND [p].[PaymentDate] < @__mEnd_1
info: Microsoft.EntityFrameworkCore.Database.Command[20101]
      Executed DbCommand (0ms) [Parameters=[@__mStart_0='?' (DbType = DateTime2), @__mEnd_1='?' (DbType = DateTime2)], CommandType='Text', CommandTimeout='30']
      SELECT COALESCE(SUM([e].[Amount]), 0.0)
      FROM [Expenses] AS [e]
      WHERE [e].[IsDeleted] = CAST(0 AS bit) AND [e].[ExpenseDate] >= @__mStart_0 AND [e].[ExpenseDate] < @__mEnd_1
info: Microsoft.EntityFrameworkCore.Database.Command[20101]
      Executed DbCommand (0ms) [Parameters=[@__mStart_0='?' (DbType = DateTime2), @__mEnd_1='?' (DbType = DateTime2)], CommandType='Text', CommandTimeout='30']
      SELECT COALESCE(SUM([p].[Amount]), 0.0)
      FROM [Payments] AS [p]
      WHERE [p].[IsDeleted] = CAST(0 AS bit) AND [p].[PaymentDate] >= @__mStart_0 AND [p].[PaymentDate] < @__mEnd_1
info: Microsoft.EntityFrameworkCore.Database.Command[20101]
      Executed DbCommand (0ms) [Parameters=[@__mStart_0='?' (DbType = DateTime2), @__mEnd_1='?' (DbType = DateTime2)], CommandType='Text', CommandTimeout='30']
      SELECT COALESCE(SUM([e].[Amount]), 0.0)
      FROM [Expenses] AS [e]
      WHERE [e].[IsDeleted] = CAST(0 AS bit) AND [e].[ExpenseDate] >= @__mStart_0 AND [e].[ExpenseDate] < @__mEnd_1
info: Microsoft.EntityFrameworkCore.Database.Command[20101]
      Executed DbCommand (0ms) [Parameters=[@__mStart_0='?' (DbType = DateTime2), @__mEnd_1='?' (DbType = DateTime2)], CommandType='Text', CommandTimeout='30']
      SELECT COALESCE(SUM([p].[Amount]), 0.0)
      FROM [Payments] AS [p]
      WHERE [p].[IsDeleted] = CAST(0 AS bit) AND [p].[PaymentDate] >= @__mStart_0 AND [p].[PaymentDate] < @__mEnd_1
info: Microsoft.EntityFrameworkCore.Database.Command[20101]
      Executed DbCommand (0ms) [Parameters=[@__mStart_0='?' (DbType = DateTime2), @__mEnd_1='?' (DbType = DateTime2)], CommandType='Text', CommandTimeout='30']
      SELECT COALESCE(SUM([e].[Amount]), 0.0)
      FROM [Expenses] AS [e]
      WHERE [e].[IsDeleted] = CAST(0 AS bit) AND [e].[ExpenseDate] >= @__mStart_0 AND [e].[ExpenseDate] < @__mEnd_1
info: Microsoft.EntityFrameworkCore.Database.Command[20101]
      Executed DbCommand (0ms) [Parameters=[@__mStart_0='?' (DbType = DateTime2), @__mEnd_1='?' (DbType = DateTime2)], CommandType='Text', CommandTimeout='30']
      SELECT COALESCE(SUM([p].[Amount]), 0.0)
      FROM [Payments] AS [p]
      WHERE [p].[IsDeleted] = CAST(0 AS bit) AND [p].[PaymentDate] >= @__mStart_0 AND [p].[PaymentDate] < @__mEnd_1
info: Microsoft.EntityFrameworkCore.Database.Command[20101]
      Executed DbCommand (0ms) [Parameters=[@__mStart_0='?' (DbType = DateTime2), @__mEnd_1='?' (DbType = DateTime2)], CommandType='Text', CommandTimeout='30']
      SELECT COALESCE(SUM([e].[Amount]), 0.0)
      FROM [Expenses] AS [e]
      WHERE [e].[IsDeleted] = CAST(0 AS bit) AND [e].[ExpenseDate] >= @__mStart_0 AND [e].[ExpenseDate] < @__mEnd_1
info: Microsoft.EntityFrameworkCore.Database.Command[20101]
      Executed DbCommand (0ms) [Parameters=[@__mStart_0='?' (DbType = DateTime2), @__mEnd_1='?' (DbType = DateTime2)], CommandType='Text', CommandTimeout='30']
      SELECT COALESCE(SUM([p].[Amount]), 0.0)
      FROM [Payments] AS [p]
      WHERE [p].[IsDeleted] = CAST(0 AS bit) AND [p].[PaymentDate] >= @__mStart_0 AND [p].[PaymentDate] < @__mEnd_1
info: Microsoft.EntityFrameworkCore.Database.Command[20101]
      Executed DbCommand (1ms) [Parameters=[@__mStart_0='?' (DbType = DateTime2), @__mEnd_1='?' (DbType = DateTime2)], CommandType='Text', CommandTimeout='30']
      SELECT COALESCE(SUM([e].[Amount]), 0.0)
      FROM [Expenses] AS [e]
      WHERE [e].[IsDeleted] = CAST(0 AS bit) AND [e].[ExpenseDate] >= @__mStart_0 AND [e].[ExpenseDate] < @__mEnd_1
info: Microsoft.EntityFrameworkCore.Database.Command[20101]
      Executed DbCommand (3ms) [Parameters=[@__p_0='?' (DbType = Int32)], CommandType='Text', CommandTimeout='30']
      SELECT [t].[AppointmentCode], [t0].[FullName], [t].[CreatedDate]
      FROM (
          SELECT TOP(@__p_0) [a].[AppointmentCode], [a].[CreatedDate], [a].[PatientId]
          FROM [Appointments] AS [a]
          WHERE [a].[IsDeleted] = CAST(0 AS bit)
          ORDER BY [a].[CreatedDate] DESC
      ) AS [t]
      INNER JOIN (
          SELECT [p].[Id], [p].[FullName]
          FROM [Patients] AS [p]
          WHERE [p].[IsDeleted] = CAST(0 AS bit)
      ) AS [t0] ON [t].[PatientId] = [t0].[Id]
      ORDER BY [t].[CreatedDate] DESC
info: Microsoft.EntityFrameworkCore.Database.Command[20101]
      Executed DbCommand (2ms) [Parameters=[@__p_0='?' (DbType = Int32)], CommandType='Text', CommandTimeout='30']
      SELECT TOP(@__p_0) [p].[PaymentNumber], [p].[Amount], [p].[CreatedDate]
      FROM [Payments] AS [p]
      WHERE [p].[IsDeleted] = CAST(0 AS bit)
      ORDER BY [p].[CreatedDate] DESC
info: Microsoft.EntityFrameworkCore.Database.Command[20101]
      Executed DbCommand (5ms) [Parameters=[@__p_1='?' (DbType = Int32), @__today_0='?' (DbType = DateTime2)], CommandType='Text', CommandTimeout='30']
      SELECT [t].[Id], [t].[AppointmentCode], [t].[PatientId], [t0].[FullName], [t].[DoctorId], [t1].[FullName], [t1].[Specialization], [t].[AppointmentDate], [t].[AppointmentTime], [t].[DurationMinutes], [t].[Status], [t].[Notes], [t].[Diagnosis], [t].[Prescription], [t].[Fee], [t].[IsPaid], [t].[CreatedDate]
      FROM (
          SELECT TOP(@__p_1) [a].[Id], [a].[AppointmentCode], [a].[AppointmentDate], [a].[AppointmentTime], [a].[CreatedDate], [a].[Diagnosis], [a].[DoctorId], [a].[DurationMinutes], [a].[Fee], [a].[IsPaid], [a].[Notes], [a].[PatientId], [a].[Prescription], [a].[Status]
          FROM [Appointments] AS [a]
          WHERE [a].[IsDeleted] = CAST(0 AS bit) AND CONVERT(date, [a].[AppointmentDate]) = @__today_0
          ORDER BY [a].[AppointmentTime]
      ) AS [t]
      INNER JOIN (
          SELECT [p].[Id], [p].[FullName]
          FROM [Patients] AS [p]
          WHERE [p].[IsDeleted] = CAST(0 AS bit)
      ) AS [t0] ON [t].[PatientId] = [t0].[Id]
      INNER JOIN (
          SELECT [d].[Id], [d].[FullName], [d].[Specialization]
          FROM [Doctors] AS [d]
          WHERE [d].[IsDeleted] = CAST(0 AS bit)
      ) AS [t1] ON [t].[DoctorId] = [t1].[Id]
      ORDER BY [t].[AppointmentTime]
info: Microsoft.EntityFrameworkCore.Database.Command[20101]
      Executed DbCommand (3ms) [Parameters=[@__p_0='?' (DbType = Int32)], CommandType='Text', CommandTimeout='30']
      SELECT TOP(@__p_0) [t].[FullName] AS [DoctorName], [t].[Specialization], COUNT(*) AS [AppointmentCount]
      FROM [Appointments] AS [a]
      INNER JOIN (
          SELECT [d].[Id], [d].[FullName], [d].[Specialization]
          FROM [Doctors] AS [d]
          WHERE [d].[IsDeleted] = CAST(0 AS bit)
      ) AS [t] ON [a].[DoctorId] = [t].[Id]
      WHERE [a].[IsDeleted] = CAST(0 AS bit)
      GROUP BY [a].[DoctorId], [t].[FullName], [t].[Specialization]
      ORDER BY COUNT(*) DESC
info: Microsoft.EntityFrameworkCore.Database.Command[20101]
      Executed DbCommand (3ms) [Parameters=[], CommandType='Text', CommandTimeout='30']
      SELECT COUNT(*)
      FROM [Prescriptions] AS [p]
      WHERE [p].[IsDeleted] = CAST(0 AS bit) AND [p].[Status] IN (N'Pending', N'Partially Dispensed')
info: Microsoft.EntityFrameworkCore.Database.Command[20101]
      Executed DbCommand (2ms) [Parameters=[], CommandType='Text', CommandTimeout='30']
      SELECT COUNT(*)
      FROM [LabRequests] AS [l]
      WHERE [l].[IsDeleted] = CAST(0 AS bit) AND [l].[Status] IN (N'Pending', N'Partial')
info: Microsoft.EntityFrameworkCore.Database.Command[20101]
      Executed DbCommand (1ms) [Parameters=[], CommandType='Text', CommandTimeout='30']
      SELECT COUNT(*)
      FROM [RadiologyRequests] AS [r]
      WHERE [r].[IsDeleted] = CAST(0 AS bit) AND [r].[Status] = N'Pending'
info: Microsoft.EntityFrameworkCore.Database.Command[20101]
      Executed DbCommand (4ms) [Parameters=[@__monthStart_0='?' (DbType = DateTime2)], CommandType='Text', CommandTimeout='30']
      SELECT COALESCE(SUM([t].[Quantity] * [t0].[SalePrice]), 0.0)
      FROM [Prescriptions] AS [p]
      INNER JOIN (
          SELECT [p0].[ItemId], [p0].[PrescriptionId], [p0].[Quantity]
          FROM [PrescriptionItems] AS [p0]
          WHERE [p0].[IsDeleted] = CAST(0 AS bit)
      ) AS [t] ON [p].[Id] = [t].[PrescriptionId]
      INNER JOIN (
          SELECT [i].[Id], [i].[SalePrice]
          FROM [Items] AS [i]
          WHERE [i].[IsDeleted] = CAST(0 AS bit)
      ) AS [t0] ON [t].[ItemId] = [t0].[Id]
      WHERE [p].[IsDeleted] = CAST(0 AS bit) AND [p].[PrescriptionDate] >= @__monthStart_0
info: Microsoft.EntityFrameworkCore.Database.Command[20101]
      Executed DbCommand (2ms) [Parameters=[], CommandType='Text', CommandTimeout='30']
      SELECT COALESCE(SUM([w].[Quantity] * [t].[PurchasePrice]), 0.0)
      FROM [WarehouseStocks] AS [w]
      INNER JOIN (
          SELECT [i].[Id], [i].[PurchasePrice]
          FROM [Items] AS [i]
          WHERE [i].[IsDeleted] = CAST(0 AS bit)
      ) AS [t] ON [w].[ItemId] = [t].[Id]
info: Microsoft.EntityFrameworkCore.Database.Command[20101]
      Executed DbCommand (1ms) [Parameters=[], CommandType='Text', CommandTimeout='30']
      SELECT COUNT(*)
      FROM [Beds] AS [b]
      WHERE [b].[IsDeleted] = CAST(0 AS bit)
info: Microsoft.EntityFrameworkCore.Database.Command[20101]
      Executed DbCommand (1ms) [Parameters=[], CommandType='Text', CommandTimeout='30']
      SELECT COUNT(*)
      FROM [Beds] AS [b]
      WHERE [b].[IsDeleted] = CAST(0 AS bit) AND [b].[Status] = N'Occupied'
info: Microsoft.EntityFrameworkCore.Database.Command[20101]
      Executed DbCommand (1ms) [Parameters=[], CommandType='Text', CommandTimeout='30']
      SELECT COUNT(*)
      FROM [Patients] AS [p]
      WHERE [p].[IsDeleted] = CAST(0 AS bit)
info: Microsoft.EntityFrameworkCore.Database.Command[20101]
      Executed DbCommand (1ms) [Parameters=[@__today_0='?' (DbType = DateTime2)], CommandType='Text', CommandTimeout='30']
      SELECT COUNT(*)
      FROM [Appointments] AS [a]
      WHERE [a].[IsDeleted] = CAST(0 AS bit) AND CONVERT(date, [a].[AppointmentDate]) = @__today_0
info: Microsoft.EntityFrameworkCore.Database.Command[20101]
      Executed DbCommand (0ms) [Parameters=[], CommandType='Text', CommandTimeout='30']
      SELECT COUNT(*)
      FROM [Appointments] AS [a]
      WHERE [a].[IsDeleted] = CAST(0 AS bit) AND [a].[Status] IN (1, 2)
info: Microsoft.EntityFrameworkCore.Database.Command[20101]
      Executed DbCommand (0ms) [Parameters=[], CommandType='Text', CommandTimeout='30']
      SELECT COUNT(*)
      FROM [Doctors] AS [d]
      WHERE [d].[IsDeleted] = CAST(0 AS bit)
info: Microsoft.EntityFrameworkCore.Database.Command[20101]
      Executed DbCommand (0ms) [Parameters=[], CommandType='Text', CommandTimeout='30']
      SELECT COUNT(*)
      FROM [Employees] AS [e]
      WHERE [e].[IsDeleted] = CAST(0 AS bit)
info: Microsoft.EntityFrameworkCore.Database.Command[20101]
      Executed DbCommand (0ms) [Parameters=[], CommandType='Text', CommandTimeout='30']
      SELECT COUNT(*)
      FROM [WarehouseStocks] AS [w]
      WHERE [w].[Quantity] <= [w].[ReorderLevel]
info: Microsoft.EntityFrameworkCore.Database.Command[20101]
      Executed DbCommand (0ms) [Parameters=[], CommandType='Text', CommandTimeout='30']
      SELECT COUNT(*)
      FROM [Invoices] AS [i]
      WHERE [i].[IsDeleted] = CAST(0 AS bit) AND [i].[Status] = 1
info: Microsoft.EntityFrameworkCore.Database.Command[20101]
      Executed DbCommand (0ms) [Parameters=[@__today_0='?' (DbType = DateTime2), @__expiryThreshold_1='?' (DbType = DateTime2)], CommandType='Text', CommandTimeout='30']
      SELECT COUNT(*)
      FROM [ItemBatches] AS [i]
      WHERE [i].[IsDeleted] = CAST(0 AS bit) AND [i].[Status] = N'Active' AND [i].[ExpiryDate] > @__today_0 AND [i].[ExpiryDate] <= @__expiryThreshold_1
info: Microsoft.EntityFrameworkCore.Database.Command[20101]
      Executed DbCommand (0ms) [Parameters=[@__today_0='?' (DbType = DateTime2)], CommandType='Text', CommandTimeout='30']
      SELECT COALESCE(SUM([p].[Amount]), 0.0)
      FROM [Payments] AS [p]
      WHERE [p].[IsDeleted] = CAST(0 AS bit) AND CONVERT(date, [p].[PaymentDate]) = @__today_0
info: Microsoft.EntityFrameworkCore.Database.Command[20101]
      Executed DbCommand (0ms) [Parameters=[@__monthStart_0='?' (DbType = DateTime2)], CommandType='Text', CommandTimeout='30']
      SELECT COALESCE(SUM([p].[Amount]), 0.0)
      FROM [Payments] AS [p]
      WHERE [p].[IsDeleted] = CAST(0 AS bit) AND [p].[PaymentDate] >= @__monthStart_0
info: Microsoft.EntityFrameworkCore.Database.Command[20101]
      Executed DbCommand (0ms) [Parameters=[], CommandType='Text', CommandTimeout='30']
      SELECT COALESCE(SUM([p].[Amount]), 0.0)
      FROM [Payments] AS [p]
      WHERE [p].[IsDeleted] = CAST(0 AS bit)
info: Microsoft.EntityFrameworkCore.Database.Command[20101]
      Executed DbCommand (0ms) [Parameters=[], CommandType='Text', CommandTimeout='30']
      SELECT COALESCE(SUM([i].[TotalAmount] - [i].[PaidAmount]), 0.0)
      FROM [Invoices] AS [i]
      WHERE [i].[IsDeleted] = CAST(0 AS bit)
info: Microsoft.EntityFrameworkCore.Database.Command[20101]
      Executed DbCommand (0ms) [Parameters=[@__mStart_0='?' (DbType = DateTime2), @__mEnd_1='?' (DbType = DateTime2)], CommandType='Text', CommandTimeout='30']
      SELECT COALESCE(SUM([p].[Amount]), 0.0)
      FROM [Payments] AS [p]
      WHERE [p].[IsDeleted] = CAST(0 AS bit) AND [p].[PaymentDate] >= @__mStart_0 AND [p].[PaymentDate] < @__mEnd_1
info: Microsoft.EntityFrameworkCore.Database.Command[20101]
      Executed DbCommand (0ms) [Parameters=[@__mStart_0='?' (DbType = DateTime2), @__mEnd_1='?' (DbType = DateTime2)], CommandType='Text', CommandTimeout='30']
      SELECT COALESCE(SUM([e].[Amount]), 0.0)
      FROM [Expenses] AS [e]
      WHERE [e].[IsDeleted] = CAST(0 AS bit) AND [e].[ExpenseDate] >= @__mStart_0 AND [e].[ExpenseDate] < @__mEnd_1
info: Microsoft.EntityFrameworkCore.Database.Command[20101]
      Executed DbCommand (0ms) [Parameters=[@__mStart_0='?' (DbType = DateTime2), @__mEnd_1='?' (DbType = DateTime2)], CommandType='Text', CommandTimeout='30']
      SELECT COALESCE(SUM([p].[Amount]), 0.0)
      FROM [Payments] AS [p]
      WHERE [p].[IsDeleted] = CAST(0 AS bit) AND [p].[PaymentDate] >= @__mStart_0 AND [p].[PaymentDate] < @__mEnd_1
info: Microsoft.EntityFrameworkCore.Database.Command[20101]
      Executed DbCommand (0ms) [Parameters=[@__mStart_0='?' (DbType = DateTime2), @__mEnd_1='?' (DbType = DateTime2)], CommandType='Text', CommandTimeout='30']
      SELECT COALESCE(SUM([e].[Amount]), 0.0)
      FROM [Expenses] AS [e]
      WHERE [e].[IsDeleted] = CAST(0 AS bit) AND [e].[ExpenseDate] >= @__mStart_0 AND [e].[ExpenseDate] < @__mEnd_1
info: Microsoft.EntityFrameworkCore.Database.Command[20101]
      Executed DbCommand (0ms) [Parameters=[@__mStart_0='?' (DbType = DateTime2), @__mEnd_1='?' (DbType = DateTime2)], CommandType='Text', CommandTimeout='30']
      SELECT COALESCE(SUM([p].[Amount]), 0.0)
      FROM [Payments] AS [p]
      WHERE [p].[IsDeleted] = CAST(0 AS bit) AND [p].[PaymentDate] >= @__mStart_0 AND [p].[PaymentDate] < @__mEnd_1
info: Microsoft.EntityFrameworkCore.Database.Command[20101]
      Executed DbCommand (0ms) [Parameters=[@__mStart_0='?' (DbType = DateTime2), @__mEnd_1='?' (DbType = DateTime2)], CommandType='Text', CommandTimeout='30']
      SELECT COALESCE(SUM([e].[Amount]), 0.0)
      FROM [Expenses] AS [e]
      WHERE [e].[IsDeleted] = CAST(0 AS bit) AND [e].[ExpenseDate] >= @__mStart_0 AND [e].[ExpenseDate] < @__mEnd_1
info: Microsoft.EntityFrameworkCore.Database.Command[20101]
      Executed DbCommand (0ms) [Parameters=[@__mStart_0='?' (DbType = DateTime2), @__mEnd_1='?' (DbType = DateTime2)], CommandType='Text', CommandTimeout='30']
      SELECT COALESCE(SUM([p].[Amount]), 0.0)
      FROM [Payments] AS [p]
      WHERE [p].[IsDeleted] = CAST(0 AS bit) AND [p].[PaymentDate] >= @__mStart_0 AND [p].[PaymentDate] < @__mEnd_1
info: Microsoft.EntityFrameworkCore.Database.Command[20101]
      Executed DbCommand (0ms) [Parameters=[@__mStart_0='?' (DbType = DateTime2), @__mEnd_1='?' (DbType = DateTime2)], CommandType='Text', CommandTimeout='30']
      SELECT COALESCE(SUM([e].[Amount]), 0.0)
      FROM [Expenses] AS [e]
      WHERE [e].[IsDeleted] = CAST(0 AS bit) AND [e].[ExpenseDate] >= @__mStart_0 AND [e].[ExpenseDate] < @__mEnd_1
info: Microsoft.EntityFrameworkCore.Database.Command[20101]
      Executed DbCommand (0ms) [Parameters=[@__mStart_0='?' (DbType = DateTime2), @__mEnd_1='?' (DbType = DateTime2)], CommandType='Text', CommandTimeout='30']
      SELECT COALESCE(SUM([p].[Amount]), 0.0)
      FROM [Payments] AS [p]
      WHERE [p].[IsDeleted] = CAST(0 AS bit) AND [p].[PaymentDate] >= @__mStart_0 AND [p].[PaymentDate] < @__mEnd_1
info: Microsoft.EntityFrameworkCore.Database.Command[20101]
      Executed DbCommand (0ms) [Parameters=[@__mStart_0='?' (DbType = DateTime2), @__mEnd_1='?' (DbType = DateTime2)], CommandType='Text', CommandTimeout='30']
      SELECT COALESCE(SUM([e].[Amount]), 0.0)
      FROM [Expenses] AS [e]
      WHERE [e].[IsDeleted] = CAST(0 AS bit) AND [e].[ExpenseDate] >= @__mStart_0 AND [e].[ExpenseDate] < @__mEnd_1
info: Microsoft.EntityFrameworkCore.Database.Command[20101]
      Executed DbCommand (0ms) [Parameters=[@__mStart_0='?' (DbType = DateTime2), @__mEnd_1='?' (DbType = DateTime2)], CommandType='Text', CommandTimeout='30']
      SELECT COALESCE(SUM([p].[Amount]), 0.0)
      FROM [Payments] AS [p]
      WHERE [p].[IsDeleted] = CAST(0 AS bit) AND [p].[PaymentDate] >= @__mStart_0 AND [p].[PaymentDate] < @__mEnd_1
info: Microsoft.EntityFrameworkCore.Database.Command[20101]
      Executed DbCommand (0ms) [Parameters=[@__mStart_0='?' (DbType = DateTime2), @__mEnd_1='?' (DbType = DateTime2)], CommandType='Text', CommandTimeout='30']
      SELECT COALESCE(SUM([e].[Amount]), 0.0)
      FROM [Expenses] AS [e]
      WHERE [e].[IsDeleted] = CAST(0 AS bit) AND [e].[ExpenseDate] >= @__mStart_0 AND [e].[ExpenseDate] < @__mEnd_1
info: Microsoft.EntityFrameworkCore.Database.Command[20101]
      Executed DbCommand (1ms) [Parameters=[@__mStart_0='?' (DbType = DateTime2), @__mEnd_1='?' (DbType = DateTime2)], CommandType='Text', CommandTimeout='30']
      SELECT COALESCE(SUM([p].[Amount]), 0.0)
      FROM [Payments] AS [p]
      WHERE [p].[IsDeleted] = CAST(0 AS bit) AND [p].[PaymentDate] >= @__mStart_0 AND [p].[PaymentDate] < @__mEnd_1
info: Microsoft.EntityFrameworkCore.Database.Command[20101]
      Executed DbCommand (1ms) [Parameters=[@__mStart_0='?' (DbType = DateTime2), @__mEnd_1='?' (DbType = DateTime2)], CommandType='Text', CommandTimeout='30']
      SELECT COALESCE(SUM([e].[Amount]), 0.0)
      FROM [Expenses] AS [e]
      WHERE [e].[IsDeleted] = CAST(0 AS bit) AND [e].[ExpenseDate] >= @__mStart_0 AND [e].[ExpenseDate] < @__mEnd_1
info: Microsoft.EntityFrameworkCore.Database.Command[20101]
      Executed DbCommand (0ms) [Parameters=[@__mStart_0='?' (DbType = DateTime2), @__mEnd_1='?' (DbType = DateTime2)], CommandType='Text', CommandTimeout='30']
      SELECT COALESCE(SUM([p].[Amount]), 0.0)
      FROM [Payments] AS [p]
      WHERE [p].[IsDeleted] = CAST(0 AS bit) AND [p].[PaymentDate] >= @__mStart_0 AND [p].[PaymentDate] < @__mEnd_1
info: Microsoft.EntityFrameworkCore.Database.Command[20101]
      Executed DbCommand (0ms) [Parameters=[@__mStart_0='?' (DbType = DateTime2), @__mEnd_1='?' (DbType = DateTime2)], CommandType='Text', CommandTimeout='30']
      SELECT COALESCE(SUM([e].[Amount]), 0.0)
      FROM [Expenses] AS [e]
      WHERE [e].[IsDeleted] = CAST(0 AS bit) AND [e].[ExpenseDate] >= @__mStart_0 AND [e].[ExpenseDate] < @__mEnd_1
info: Microsoft.EntityFrameworkCore.Database.Command[20101]
      Executed DbCommand (0ms) [Parameters=[@__mStart_0='?' (DbType = DateTime2), @__mEnd_1='?' (DbType = DateTime2)], CommandType='Text', CommandTimeout='30']
      SELECT COALESCE(SUM([p].[Amount]), 0.0)
      FROM [Payments] AS [p]
      WHERE [p].[IsDeleted] = CAST(0 AS bit) AND [p].[PaymentDate] >= @__mStart_0 AND [p].[PaymentDate] < @__mEnd_1
info: Microsoft.EntityFrameworkCore.Database.Command[20101]
      Executed DbCommand (0ms) [Parameters=[@__mStart_0='?' (DbType = DateTime2), @__mEnd_1='?' (DbType = DateTime2)], CommandType='Text', CommandTimeout='30']
      SELECT COALESCE(SUM([e].[Amount]), 0.0)
      FROM [Expenses] AS [e]
      WHERE [e].[IsDeleted] = CAST(0 AS bit) AND [e].[ExpenseDate] >= @__mStart_0 AND [e].[ExpenseDate] < @__mEnd_1
info: Microsoft.EntityFrameworkCore.Database.Command[20101]
      Executed DbCommand (0ms) [Parameters=[@__mStart_0='?' (DbType = DateTime2), @__mEnd_1='?' (DbType = DateTime2)], CommandType='Text', CommandTimeout='30']
      SELECT COALESCE(SUM([p].[Amount]), 0.0)
      FROM [Payments] AS [p]
      WHERE [p].[IsDeleted] = CAST(0 AS bit) AND [p].[PaymentDate] >= @__mStart_0 AND [p].[PaymentDate] < @__mEnd_1
info: Microsoft.EntityFrameworkCore.Database.Command[20101]
      Executed DbCommand (0ms) [Parameters=[@__mStart_0='?' (DbType = DateTime2), @__mEnd_1='?' (DbType = DateTime2)], CommandType='Text', CommandTimeout='30']
      SELECT COALESCE(SUM([e].[Amount]), 0.0)
      FROM [Expenses] AS [e]
      WHERE [e].[IsDeleted] = CAST(0 AS bit) AND [e].[ExpenseDate] >= @__mStart_0 AND [e].[ExpenseDate] < @__mEnd_1
info: Microsoft.EntityFrameworkCore.Database.Command[20101]
      Executed DbCommand (0ms) [Parameters=[@__mStart_0='?' (DbType = DateTime2), @__mEnd_1='?' (DbType = DateTime2)], CommandType='Text', CommandTimeout='30']
      SELECT COALESCE(SUM([p].[Amount]), 0.0)
      FROM [Payments] AS [p]
      WHERE [p].[IsDeleted] = CAST(0 AS bit) AND [p].[PaymentDate] >= @__mStart_0 AND [p].[PaymentDate] < @__mEnd_1
info: Microsoft.EntityFrameworkCore.Database.Command[20101]
      Executed DbCommand (0ms) [Parameters=[@__mStart_0='?' (DbType = DateTime2), @__mEnd_1='?' (DbType = DateTime2)], CommandType='Text', CommandTimeout='30']
      SELECT COALESCE(SUM([e].[Amount]), 0.0)
      FROM [Expenses] AS [e]
      WHERE [e].[IsDeleted] = CAST(0 AS bit) AND [e].[ExpenseDate] >= @__mStart_0 AND [e].[ExpenseDate] < @__mEnd_1
info: Microsoft.EntityFrameworkCore.Database.Command[20101]
      Executed DbCommand (0ms) [Parameters=[@__mStart_0='?' (DbType = DateTime2), @__mEnd_1='?' (DbType = DateTime2)], CommandType='Text', CommandTimeout='30']
      SELECT COALESCE(SUM([p].[Amount]), 0.0)
      FROM [Payments] AS [p]
      WHERE [p].[IsDeleted] = CAST(0 AS bit) AND [p].[PaymentDate] >= @__mStart_0 AND [p].[PaymentDate] < @__mEnd_1
info: Microsoft.EntityFrameworkCore.Database.Command[20101]
      Executed DbCommand (0ms) [Parameters=[@__mStart_0='?' (DbType = DateTime2), @__mEnd_1='?' (DbType = DateTime2)], CommandType='Text', CommandTimeout='30']
      SELECT COALESCE(SUM([e].[Amount]), 0.0)
      FROM [Expenses] AS [e]
      WHERE [e].[IsDeleted] = CAST(0 AS bit) AND [e].[ExpenseDate] >= @__mStart_0 AND [e].[ExpenseDate] < @__mEnd_1
info: Microsoft.EntityFrameworkCore.Database.Command[20101]
      Executed DbCommand (0ms) [Parameters=[@__p_0='?' (DbType = Int32)], CommandType='Text', CommandTimeout='30']
      SELECT [t].[AppointmentCode], [t0].[FullName], [t].[CreatedDate]
      FROM (
          SELECT TOP(@__p_0) [a].[AppointmentCode], [a].[CreatedDate], [a].[PatientId]
          FROM [Appointments] AS [a]
          WHERE [a].[IsDeleted] = CAST(0 AS bit)
          ORDER BY [a].[CreatedDate] DESC
      ) AS [t]
      INNER JOIN (
          SELECT [p].[Id], [p].[FullName]
          FROM [Patients] AS [p]
          WHERE [p].[IsDeleted] = CAST(0 AS bit)
      ) AS [t0] ON [t].[PatientId] = [t0].[Id]
      ORDER BY [t].[CreatedDate] DESC
info: Microsoft.EntityFrameworkCore.Database.Command[20101]
      Executed DbCommand (0ms) [Parameters=[@__p_0='?' (DbType = Int32)], CommandType='Text', CommandTimeout='30']
      SELECT TOP(@__p_0) [p].[PaymentNumber], [p].[Amount], [p].[CreatedDate]
      FROM [Payments] AS [p]
      WHERE [p].[IsDeleted] = CAST(0 AS bit)
      ORDER BY [p].[CreatedDate] DESC
info: Microsoft.EntityFrameworkCore.Database.Command[20101]
      Executed DbCommand (0ms) [Parameters=[@__p_1='?' (DbType = Int32), @__today_0='?' (DbType = DateTime2)], CommandType='Text', CommandTimeout='30']
      SELECT [t].[Id], [t].[AppointmentCode], [t].[PatientId], [t0].[FullName], [t].[DoctorId], [t1].[FullName], [t1].[Specialization], [t].[AppointmentDate], [t].[AppointmentTime], [t].[DurationMinutes], [t].[Status], [t].[Notes], [t].[Diagnosis], [t].[Prescription], [t].[Fee], [t].[IsPaid], [t].[CreatedDate]
      FROM (
          SELECT TOP(@__p_1) [a].[Id], [a].[AppointmentCode], [a].[AppointmentDate], [a].[AppointmentTime], [a].[CreatedDate], [a].[Diagnosis], [a].[DoctorId], [a].[DurationMinutes], [a].[Fee], [a].[IsPaid], [a].[Notes], [a].[PatientId], [a].[Prescription], [a].[Status]
          FROM [Appointments] AS [a]
          WHERE [a].[IsDeleted] = CAST(0 AS bit) AND CONVERT(date, [a].[AppointmentDate]) = @__today_0
          ORDER BY [a].[AppointmentTime]
      ) AS [t]
      INNER JOIN (
          SELECT [p].[Id], [p].[FullName]
          FROM [Patients] AS [p]
          WHERE [p].[IsDeleted] = CAST(0 AS bit)
      ) AS [t0] ON [t].[PatientId] = [t0].[Id]
      INNER JOIN (
          SELECT [d].[Id], [d].[FullName], [d].[Specialization]
          FROM [Doctors] AS [d]
          WHERE [d].[IsDeleted] = CAST(0 AS bit)
      ) AS [t1] ON [t].[DoctorId] = [t1].[Id]
      ORDER BY [t].[AppointmentTime]
info: Microsoft.EntityFrameworkCore.Database.Command[20101]
      Executed DbCommand (0ms) [Parameters=[@__p_0='?' (DbType = Int32)], CommandType='Text', CommandTimeout='30']
      SELECT TOP(@__p_0) [t].[FullName] AS [DoctorName], [t].[Specialization], COUNT(*) AS [AppointmentCount]
      FROM [Appointments] AS [a]
      INNER JOIN (
          SELECT [d].[Id], [d].[FullName], [d].[Specialization]
          FROM [Doctors] AS [d]
          WHERE [d].[IsDeleted] = CAST(0 AS bit)
      ) AS [t] ON [a].[DoctorId] = [t].[Id]
      WHERE [a].[IsDeleted] = CAST(0 AS bit)
      GROUP BY [a].[DoctorId], [t].[FullName], [t].[Specialization]
      ORDER BY COUNT(*) DESC
info: Microsoft.EntityFrameworkCore.Database.Command[20101]
      Executed DbCommand (0ms) [Parameters=[], CommandType='Text', CommandTimeout='30']
      SELECT COUNT(*)
      FROM [Prescriptions] AS [p]
      WHERE [p].[IsDeleted] = CAST(0 AS bit) AND [p].[Status] IN (N'Pending', N'Partially Dispensed')
info: Microsoft.EntityFrameworkCore.Database.Command[20101]
      Executed DbCommand (0ms) [Parameters=[], CommandType='Text', CommandTimeout='30']
      SELECT COUNT(*)
      FROM [LabRequests] AS [l]
      WHERE [l].[IsDeleted] = CAST(0 AS bit) AND [l].[Status] IN (N'Pending', N'Partial')
info: Microsoft.EntityFrameworkCore.Database.Command[20101]
      Executed DbCommand (0ms) [Parameters=[], CommandType='Text', CommandTimeout='30']
      SELECT COUNT(*)
      FROM [RadiologyRequests] AS [r]
      WHERE [r].[IsDeleted] = CAST(0 AS bit) AND [r].[Status] = N'Pending'
info: Microsoft.EntityFrameworkCore.Database.Command[20101]
      Executed DbCommand (0ms) [Parameters=[@__monthStart_0='?' (DbType = DateTime2)], CommandType='Text', CommandTimeout='30']
      SELECT COALESCE(SUM([t].[Quantity] * [t0].[SalePrice]), 0.0)
      FROM [Prescriptions] AS [p]
      INNER JOIN (
          SELECT [p0].[ItemId], [p0].[PrescriptionId], [p0].[Quantity]
          FROM [PrescriptionItems] AS [p0]
          WHERE [p0].[IsDeleted] = CAST(0 AS bit)
      ) AS [t] ON [p].[Id] = [t].[PrescriptionId]
      INNER JOIN (
          SELECT [i].[Id], [i].[SalePrice]
          FROM [Items] AS [i]
          WHERE [i].[IsDeleted] = CAST(0 AS bit)
      ) AS [t0] ON [t].[ItemId] = [t0].[Id]
      WHERE [p].[IsDeleted] = CAST(0 AS bit) AND [p].[PrescriptionDate] >= @__monthStart_0
info: Microsoft.EntityFrameworkCore.Database.Command[20101]
      Executed DbCommand (0ms) [Parameters=[], CommandType='Text', CommandTimeout='30']
      SELECT COALESCE(SUM([w].[Quantity] * [t].[PurchasePrice]), 0.0)
      FROM [WarehouseStocks] AS [w]
      INNER JOIN (
          SELECT [i].[Id], [i].[PurchasePrice]
          FROM [Items] AS [i]
          WHERE [i].[IsDeleted] = CAST(0 AS bit)
      ) AS [t] ON [w].[ItemId] = [t].[Id]
info: Microsoft.EntityFrameworkCore.Database.Command[20101]
      Executed DbCommand (0ms) [Parameters=[], CommandType='Text', CommandTimeout='30']
      SELECT COUNT(*)
      FROM [Beds] AS [b]
      WHERE [b].[IsDeleted] = CAST(0 AS bit)
info: Microsoft.EntityFrameworkCore.Database.Command[20101]
      Executed DbCommand (1ms) [Parameters=[], CommandType='Text', CommandTimeout='30']
      SELECT COUNT(*)
      FROM [Beds] AS [b]
      WHERE [b].[IsDeleted] = CAST(0 AS bit) AND [b].[Status] = N'Occupied'
info: Microsoft.EntityFrameworkCore.Database.Command[20101]
      Executed DbCommand (0ms) [Parameters=[], CommandType='Text', CommandTimeout='30']
      SELECT COUNT(*)
      FROM [Patients] AS [p]
      WHERE [p].[IsDeleted] = CAST(0 AS bit)
info: Microsoft.EntityFrameworkCore.Database.Command[20101]
      Executed DbCommand (0ms) [Parameters=[@__today_0='?' (DbType = DateTime2)], CommandType='Text', CommandTimeout='30']
      SELECT COUNT(*)
      FROM [Appointments] AS [a]
      WHERE [a].[IsDeleted] = CAST(0 AS bit) AND CONVERT(date, [a].[AppointmentDate]) = @__today_0
info: Microsoft.EntityFrameworkCore.Database.Command[20101]
      Executed DbCommand (0ms) [Parameters=[], CommandType='Text', CommandTimeout='30']
      SELECT COUNT(*)
      FROM [Appointments] AS [a]
      WHERE [a].[IsDeleted] = CAST(0 AS bit) AND [a].[Status] IN (1, 2)
info: Microsoft.EntityFrameworkCore.Database.Command[20101]
      Executed DbCommand (0ms) [Parameters=[], CommandType='Text', CommandTimeout='30']
      SELECT COUNT(*)
      FROM [Doctors] AS [d]
      WHERE [d].[IsDeleted] = CAST(0 AS bit)
info: Microsoft.EntityFrameworkCore.Database.Command[20101]
      Executed DbCommand (0ms) [Parameters=[], CommandType='Text', CommandTimeout='30']
      SELECT COUNT(*)
      FROM [Employees] AS [e]
      WHERE [e].[IsDeleted] = CAST(0 AS bit)
info: Microsoft.EntityFrameworkCore.Database.Command[20101]
      Executed DbCommand (0ms) [Parameters=[], CommandType='Text', CommandTimeout='30']
      SELECT COUNT(*)
      FROM [WarehouseStocks] AS [w]
      WHERE [w].[Quantity] <= [w].[ReorderLevel]
info: Microsoft.EntityFrameworkCore.Database.Command[20101]
      Executed DbCommand (0ms) [Parameters=[], CommandType='Text', CommandTimeout='30']
      SELECT COUNT(*)
      FROM [Invoices] AS [i]
      WHERE [i].[IsDeleted] = CAST(0 AS bit) AND [i].[Status] = 1
info: Microsoft.EntityFrameworkCore.Database.Command[20101]
      Executed DbCommand (0ms) [Parameters=[@__today_0='?' (DbType = DateTime2), @__expiryThreshold_1='?' (DbType = DateTime2)], CommandType='Text', CommandTimeout='30']
      SELECT COUNT(*)
      FROM [ItemBatches] AS [i]
      WHERE [i].[IsDeleted] = CAST(0 AS bit) AND [i].[Status] = N'Active' AND [i].[ExpiryDate] > @__today_0 AND [i].[ExpiryDate] <= @__expiryThreshold_1
info: Microsoft.EntityFrameworkCore.Database.Command[20101]
      Executed DbCommand (0ms) [Parameters=[@__today_0='?' (DbType = DateTime2)], CommandType='Text', CommandTimeout='30']
      SELECT COALESCE(SUM([p].[Amount]), 0.0)
      FROM [Payments] AS [p]
      WHERE [p].[IsDeleted] = CAST(0 AS bit) AND CONVERT(date, [p].[PaymentDate]) = @__today_0
info: Microsoft.EntityFrameworkCore.Database.Command[20101]
      Executed DbCommand (0ms) [Parameters=[@__monthStart_0='?' (DbType = DateTime2)], CommandType='Text', CommandTimeout='30']
      SELECT COALESCE(SUM([p].[Amount]), 0.0)
      FROM [Payments] AS [p]
      WHERE [p].[IsDeleted] = CAST(0 AS bit) AND [p].[PaymentDate] >= @__monthStart_0
info: Microsoft.EntityFrameworkCore.Database.Command[20101]
      Executed DbCommand (0ms) [Parameters=[], CommandType='Text', CommandTimeout='30']
      SELECT COALESCE(SUM([p].[Amount]), 0.0)
      FROM [Payments] AS [p]
      WHERE [p].[IsDeleted] = CAST(0 AS bit)
info: Microsoft.EntityFrameworkCore.Database.Command[20101]
      Executed DbCommand (0ms) [Parameters=[], CommandType='Text', CommandTimeout='30']
      SELECT COALESCE(SUM([i].[TotalAmount] - [i].[PaidAmount]), 0.0)
      FROM [Invoices] AS [i]
      WHERE [i].[IsDeleted] = CAST(0 AS bit)
info: Microsoft.EntityFrameworkCore.Database.Command[20101]
      Executed DbCommand (0ms) [Parameters=[@__mStart_0='?' (DbType = DateTime2), @__mEnd_1='?' (DbType = DateTime2)], CommandType='Text', CommandTimeout='30']
      SELECT COALESCE(SUM([p].[Amount]), 0.0)
      FROM [Payments] AS [p]
      WHERE [p].[IsDeleted] = CAST(0 AS bit) AND [p].[PaymentDate] >= @__mStart_0 AND [p].[PaymentDate] < @__mEnd_1
info: Microsoft.EntityFrameworkCore.Database.Command[20101]
      Executed DbCommand (0ms) [Parameters=[@__mStart_0='?' (DbType = DateTime2), @__mEnd_1='?' (DbType = DateTime2)], CommandType='Text', CommandTimeout='30']
      SELECT COALESCE(SUM([e].[Amount]), 0.0)
      FROM [Expenses] AS [e]
      WHERE [e].[IsDeleted] = CAST(0 AS bit) AND [e].[ExpenseDate] >= @__mStart_0 AND [e].[ExpenseDate] < @__mEnd_1
info: Microsoft.EntityFrameworkCore.Database.Command[20101]
      Executed DbCommand (0ms) [Parameters=[@__mStart_0='?' (DbType = DateTime2), @__mEnd_1='?' (DbType = DateTime2)], CommandType='Text', CommandTimeout='30']
      SELECT COALESCE(SUM([p].[Amount]), 0.0)
      FROM [Payments] AS [p]
      WHERE [p].[IsDeleted] = CAST(0 AS bit) AND [p].[PaymentDate] >= @__mStart_0 AND [p].[PaymentDate] < @__mEnd_1
info: Microsoft.EntityFrameworkCore.Database.Command[20101]
      Executed DbCommand (0ms) [Parameters=[@__mStart_0='?' (DbType = DateTime2), @__mEnd_1='?' (DbType = DateTime2)], CommandType='Text', CommandTimeout='30']
      SELECT COALESCE(SUM([e].[Amount]), 0.0)
      FROM [Expenses] AS [e]
      WHERE [e].[IsDeleted] = CAST(0 AS bit) AND [e].[ExpenseDate] >= @__mStart_0 AND [e].[ExpenseDate] < @__mEnd_1
info: Microsoft.EntityFrameworkCore.Database.Command[20101]
      Executed DbCommand (1ms) [Parameters=[@__mStart_0='?' (DbType = DateTime2), @__mEnd_1='?' (DbType = DateTime2)], CommandType='Text', CommandTimeout='30']
      SELECT COALESCE(SUM([p].[Amount]), 0.0)
      FROM [Payments] AS [p]
      WHERE [p].[IsDeleted] = CAST(0 AS bit) AND [p].[PaymentDate] >= @__mStart_0 AND [p].[PaymentDate] < @__mEnd_1
info: Microsoft.EntityFrameworkCore.Database.Command[20101]
      Executed DbCommand (1ms) [Parameters=[@__mStart_0='?' (DbType = DateTime2), @__mEnd_1='?' (DbType = DateTime2)], CommandType='Text', CommandTimeout='30']
      SELECT COALESCE(SUM([e].[Amount]), 0.0)
      FROM [Expenses] AS [e]
      WHERE [e].[IsDeleted] = CAST(0 AS bit) AND [e].[ExpenseDate] >= @__mStart_0 AND [e].[ExpenseDate] < @__mEnd_1
info: Microsoft.EntityFrameworkCore.Database.Command[20101]
      Executed DbCommand (0ms) [Parameters=[@__mStart_0='?' (DbType = DateTime2), @__mEnd_1='?' (DbType = DateTime2)], CommandType='Text', CommandTimeout='30']
      SELECT COALESCE(SUM([p].[Amount]), 0.0)
      FROM [Payments] AS [p]
      WHERE [p].[IsDeleted] = CAST(0 AS bit) AND [p].[PaymentDate] >= @__mStart_0 AND [p].[PaymentDate] < @__mEnd_1
info: Microsoft.EntityFrameworkCore.Database.Command[20101]
      Executed DbCommand (0ms) [Parameters=[@__mStart_0='?' (DbType = DateTime2), @__mEnd_1='?' (DbType = DateTime2)], CommandType='Text', CommandTimeout='30']
      SELECT COALESCE(SUM([e].[Amount]), 0.0)
      FROM [Expenses] AS [e]
      WHERE [e].[IsDeleted] = CAST(0 AS bit) AND [e].[ExpenseDate] >= @__mStart_0 AND [e].[ExpenseDate] < @__mEnd_1
info: Microsoft.EntityFrameworkCore.Database.Command[20101]
      Executed DbCommand (0ms) [Parameters=[@__mStart_0='?' (DbType = DateTime2), @__mEnd_1='?' (DbType = DateTime2)], CommandType='Text', CommandTimeout='30']
      SELECT COALESCE(SUM([p].[Amount]), 0.0)
      FROM [Payments] AS [p]
      WHERE [p].[IsDeleted] = CAST(0 AS bit) AND [p].[PaymentDate] >= @__mStart_0 AND [p].[PaymentDate] < @__mEnd_1
info: Microsoft.EntityFrameworkCore.Database.Command[20101]
      Executed DbCommand (0ms) [Parameters=[@__mStart_0='?' (DbType = DateTime2), @__mEnd_1='?' (DbType = DateTime2)], CommandType='Text', CommandTimeout='30']
      SELECT COALESCE(SUM([e].[Amount]), 0.0)
      FROM [Expenses] AS [e]
      WHERE [e].[IsDeleted] = CAST(0 AS bit) AND [e].[ExpenseDate] >= @__mStart_0 AND [e].[ExpenseDate] < @__mEnd_1
info: Microsoft.EntityFrameworkCore.Database.Command[20101]
      Executed DbCommand (0ms) [Parameters=[@__mStart_0='?' (DbType = DateTime2), @__mEnd_1='?' (DbType = DateTime2)], CommandType='Text', CommandTimeout='30']
      SELECT COALESCE(SUM([p].[Amount]), 0.0)
      FROM [Payments] AS [p]
      WHERE [p].[IsDeleted] = CAST(0 AS bit) AND [p].[PaymentDate] >= @__mStart_0 AND [p].[PaymentDate] < @__mEnd_1
info: Microsoft.EntityFrameworkCore.Database.Command[20101]
      Executed DbCommand (0ms) [Parameters=[@__mStart_0='?' (DbType = DateTime2), @__mEnd_1='?' (DbType = DateTime2)], CommandType='Text', CommandTimeout='30']
      SELECT COALESCE(SUM([e].[Amount]), 0.0)
      FROM [Expenses] AS [e]
      WHERE [e].[IsDeleted] = CAST(0 AS bit) AND [e].[ExpenseDate] >= @__mStart_0 AND [e].[ExpenseDate] < @__mEnd_1
info: Microsoft.EntityFrameworkCore.Database.Command[20101]
      Executed DbCommand (0ms) [Parameters=[@__mStart_0='?' (DbType = DateTime2), @__mEnd_1='?' (DbType = DateTime2)], CommandType='Text', CommandTimeout='30']
      SELECT COALESCE(SUM([p].[Amount]), 0.0)
      FROM [Payments] AS [p]
      WHERE [p].[IsDeleted] = CAST(0 AS bit) AND [p].[PaymentDate] >= @__mStart_0 AND [p].[PaymentDate] < @__mEnd_1
info: Microsoft.EntityFrameworkCore.Database.Command[20101]
      Executed DbCommand (0ms) [Parameters=[@__mStart_0='?' (DbType = DateTime2), @__mEnd_1='?' (DbType = DateTime2)], CommandType='Text', CommandTimeout='30']
      SELECT COALESCE(SUM([e].[Amount]), 0.0)
      FROM [Expenses] AS [e]
      WHERE [e].[IsDeleted] = CAST(0 AS bit) AND [e].[ExpenseDate] >= @__mStart_0 AND [e].[ExpenseDate] < @__mEnd_1
info: Microsoft.EntityFrameworkCore.Database.Command[20101]
      Executed DbCommand (0ms) [Parameters=[@__mStart_0='?' (DbType = DateTime2), @__mEnd_1='?' (DbType = DateTime2)], CommandType='Text', CommandTimeout='30']
      SELECT COALESCE(SUM([p].[Amount]), 0.0)
      FROM [Payments] AS [p]
      WHERE [p].[IsDeleted] = CAST(0 AS bit) AND [p].[PaymentDate] >= @__mStart_0 AND [p].[PaymentDate] < @__mEnd_1
info: Microsoft.EntityFrameworkCore.Database.Command[20101]
      Executed DbCommand (0ms) [Parameters=[@__mStart_0='?' (DbType = DateTime2), @__mEnd_1='?' (DbType = DateTime2)], CommandType='Text', CommandTimeout='30']
      SELECT COALESCE(SUM([e].[Amount]), 0.0)
      FROM [Expenses] AS [e]
      WHERE [e].[IsDeleted] = CAST(0 AS bit) AND [e].[ExpenseDate] >= @__mStart_0 AND [e].[ExpenseDate] < @__mEnd_1
info: Microsoft.EntityFrameworkCore.Database.Command[20101]
      Executed DbCommand (0ms) [Parameters=[@__mStart_0='?' (DbType = DateTime2), @__mEnd_1='?' (DbType = DateTime2)], CommandType='Text', CommandTimeout='30']
      SELECT COALESCE(SUM([p].[Amount]), 0.0)
      FROM [Payments] AS [p]
      WHERE [p].[IsDeleted] = CAST(0 AS bit) AND [p].[PaymentDate] >= @__mStart_0 AND [p].[PaymentDate] < @__mEnd_1
info: Microsoft.EntityFrameworkCore.Database.Command[20101]
      Executed DbCommand (0ms) [Parameters=[@__mStart_0='?' (DbType = DateTime2), @__mEnd_1='?' (DbType = DateTime2)], CommandType='Text', CommandTimeout='30']
      SELECT COALESCE(SUM([e].[Amount]), 0.0)
      FROM [Expenses] AS [e]
      WHERE [e].[IsDeleted] = CAST(0 AS bit) AND [e].[ExpenseDate] >= @__mStart_0 AND [e].[ExpenseDate] < @__mEnd_1
info: Microsoft.EntityFrameworkCore.Database.Command[20101]
      Executed DbCommand (0ms) [Parameters=[@__mStart_0='?' (DbType = DateTime2), @__mEnd_1='?' (DbType = DateTime2)], CommandType='Text', CommandTimeout='30']
      SELECT COALESCE(SUM([p].[Amount]), 0.0)
      FROM [Payments] AS [p]
      WHERE [p].[IsDeleted] = CAST(0 AS bit) AND [p].[PaymentDate] >= @__mStart_0 AND [p].[PaymentDate] < @__mEnd_1
info: Microsoft.EntityFrameworkCore.Database.Command[20101]
      Executed DbCommand (0ms) [Parameters=[@__mStart_0='?' (DbType = DateTime2), @__mEnd_1='?' (DbType = DateTime2)], CommandType='Text', CommandTimeout='30']
      SELECT COALESCE(SUM([e].[Amount]), 0.0)
      FROM [Expenses] AS [e]
      WHERE [e].[IsDeleted] = CAST(0 AS bit) AND [e].[ExpenseDate] >= @__mStart_0 AND [e].[ExpenseDate] < @__mEnd_1
info: Microsoft.EntityFrameworkCore.Database.Command[20101]
      Executed DbCommand (0ms) [Parameters=[@__mStart_0='?' (DbType = DateTime2), @__mEnd_1='?' (DbType = DateTime2)], CommandType='Text', CommandTimeout='30']
      SELECT COALESCE(SUM([p].[Amount]), 0.0)
      FROM [Payments] AS [p]
      WHERE [p].[IsDeleted] = CAST(0 AS bit) AND [p].[PaymentDate] >= @__mStart_0 AND [p].[PaymentDate] < @__mEnd_1
info: Microsoft.EntityFrameworkCore.Database.Command[20101]
      Executed DbCommand (0ms) [Parameters=[@__mStart_0='?' (DbType = DateTime2), @__mEnd_1='?' (DbType = DateTime2)], CommandType='Text', CommandTimeout='30']
      SELECT COALESCE(SUM([e].[Amount]), 0.0)
      FROM [Expenses] AS [e]
      WHERE [e].[IsDeleted] = CAST(0 AS bit) AND [e].[ExpenseDate] >= @__mStart_0 AND [e].[ExpenseDate] < @__mEnd_1
info: Microsoft.EntityFrameworkCore.Database.Command[20101]
      Executed DbCommand (0ms) [Parameters=[@__mStart_0='?' (DbType = DateTime2), @__mEnd_1='?' (DbType = DateTime2)], CommandType='Text', CommandTimeout='30']
      SELECT COALESCE(SUM([p].[Amount]), 0.0)
      FROM [Payments] AS [p]
      WHERE [p].[IsDeleted] = CAST(0 AS bit) AND [p].[PaymentDate] >= @__mStart_0 AND [p].[PaymentDate] < @__mEnd_1
info: Microsoft.EntityFrameworkCore.Database.Command[20101]
      Executed DbCommand (0ms) [Parameters=[@__mStart_0='?' (DbType = DateTime2), @__mEnd_1='?' (DbType = DateTime2)], CommandType='Text', CommandTimeout='30']
      SELECT COALESCE(SUM([e].[Amount]), 0.0)
      FROM [Expenses] AS [e]
      WHERE [e].[IsDeleted] = CAST(0 AS bit) AND [e].[ExpenseDate] >= @__mStart_0 AND [e].[ExpenseDate] < @__mEnd_1
info: Microsoft.EntityFrameworkCore.Database.Command[20101]
      Executed DbCommand (0ms) [Parameters=[@__p_0='?' (DbType = Int32)], CommandType='Text', CommandTimeout='30']
      SELECT [t].[AppointmentCode], [t0].[FullName], [t].[CreatedDate]
      FROM (
          SELECT TOP(@__p_0) [a].[AppointmentCode], [a].[CreatedDate], [a].[PatientId]
          FROM [Appointments] AS [a]
          WHERE [a].[IsDeleted] = CAST(0 AS bit)
          ORDER BY [a].[CreatedDate] DESC
      ) AS [t]
      INNER JOIN (
          SELECT [p].[Id], [p].[FullName]
          FROM [Patients] AS [p]
          WHERE [p].[IsDeleted] = CAST(0 AS bit)
      ) AS [t0] ON [t].[PatientId] = [t0].[Id]
      ORDER BY [t].[CreatedDate] DESC
info: Microsoft.EntityFrameworkCore.Database.Command[20101]
      Executed DbCommand (1ms) [Parameters=[@__p_0='?' (DbType = Int32)], CommandType='Text', CommandTimeout='30']
      SELECT TOP(@__p_0) [p].[PaymentNumber], [p].[Amount], [p].[CreatedDate]
      FROM [Payments] AS [p]
      WHERE [p].[IsDeleted] = CAST(0 AS bit)
      ORDER BY [p].[CreatedDate] DESC
info: Microsoft.EntityFrameworkCore.Database.Command[20101]
      Executed DbCommand (1ms) [Parameters=[@__p_1='?' (DbType = Int32), @__today_0='?' (DbType = DateTime2)], CommandType='Text', CommandTimeout='30']
      SELECT [t].[Id], [t].[AppointmentCode], [t].[PatientId], [t0].[FullName], [t].[DoctorId], [t1].[FullName], [t1].[Specialization], [t].[AppointmentDate], [t].[AppointmentTime], [t].[DurationMinutes], [t].[Status], [t].[Notes], [t].[Diagnosis], [t].[Prescription], [t].[Fee], [t].[IsPaid], [t].[CreatedDate]
      FROM (
          SELECT TOP(@__p_1) [a].[Id], [a].[AppointmentCode], [a].[AppointmentDate], [a].[AppointmentTime], [a].[CreatedDate], [a].[Diagnosis], [a].[DoctorId], [a].[DurationMinutes], [a].[Fee], [a].[IsPaid], [a].[Notes], [a].[PatientId], [a].[Prescription], [a].[Status]
          FROM [Appointments] AS [a]
          WHERE [a].[IsDeleted] = CAST(0 AS bit) AND CONVERT(date, [a].[AppointmentDate]) = @__today_0
          ORDER BY [a].[AppointmentTime]
      ) AS [t]
      INNER JOIN (
          SELECT [p].[Id], [p].[FullName]
          FROM [Patients] AS [p]
          WHERE [p].[IsDeleted] = CAST(0 AS bit)
      ) AS [t0] ON [t].[PatientId] = [t0].[Id]
      INNER JOIN (
          SELECT [d].[Id], [d].[FullName], [d].[Specialization]
          FROM [Doctors] AS [d]
          WHERE [d].[IsDeleted] = CAST(0 AS bit)
      ) AS [t1] ON [t].[DoctorId] = [t1].[Id]
      ORDER BY [t].[AppointmentTime]
info: Microsoft.EntityFrameworkCore.Database.Command[20101]
      Executed DbCommand (1ms) [Parameters=[@__p_0='?' (DbType = Int32)], CommandType='Text', CommandTimeout='30']
      SELECT TOP(@__p_0) [t].[FullName] AS [DoctorName], [t].[Specialization], COUNT(*) AS [AppointmentCount]
      FROM [Appointments] AS [a]
      INNER JOIN (
          SELECT [d].[Id], [d].[FullName], [d].[Specialization]
          FROM [Doctors] AS [d]
          WHERE [d].[IsDeleted] = CAST(0 AS bit)
      ) AS [t] ON [a].[DoctorId] = [t].[Id]
      WHERE [a].[IsDeleted] = CAST(0 AS bit)
      GROUP BY [a].[DoctorId], [t].[FullName], [t].[Specialization]
      ORDER BY COUNT(*) DESC
info: Microsoft.EntityFrameworkCore.Database.Command[20101]
      Executed DbCommand (0ms) [Parameters=[], CommandType='Text', CommandTimeout='30']
      SELECT COUNT(*)
      FROM [Prescriptions] AS [p]
      WHERE [p].[IsDeleted] = CAST(0 AS bit) AND [p].[Status] IN (N'Pending', N'Partially Dispensed')
info: Microsoft.EntityFrameworkCore.Database.Command[20101]
      Executed DbCommand (0ms) [Parameters=[], CommandType='Text', CommandTimeout='30']
      SELECT COUNT(*)
      FROM [LabRequests] AS [l]
      WHERE [l].[IsDeleted] = CAST(0 AS bit) AND [l].[Status] IN (N'Pending', N'Partial')
info: Microsoft.EntityFrameworkCore.Database.Command[20101]
      Executed DbCommand (0ms) [Parameters=[], CommandType='Text', CommandTimeout='30']
      SELECT COUNT(*)
      FROM [RadiologyRequests] AS [r]
      WHERE [r].[IsDeleted] = CAST(0 AS bit) AND [r].[Status] = N'Pending'
info: Microsoft.EntityFrameworkCore.Database.Command[20101]
      Executed DbCommand (0ms) [Parameters=[@__monthStart_0='?' (DbType = DateTime2)], CommandType='Text', CommandTimeout='30']
      SELECT COALESCE(SUM([t].[Quantity] * [t0].[SalePrice]), 0.0)
      FROM [Prescriptions] AS [p]
      INNER JOIN (
          SELECT [p0].[ItemId], [p0].[PrescriptionId], [p0].[Quantity]
          FROM [PrescriptionItems] AS [p0]
          WHERE [p0].[IsDeleted] = CAST(0 AS bit)
      ) AS [t] ON [p].[Id] = [t].[PrescriptionId]
      INNER JOIN (
          SELECT [i].[Id], [i].[SalePrice]
          FROM [Items] AS [i]
          WHERE [i].[IsDeleted] = CAST(0 AS bit)
      ) AS [t0] ON [t].[ItemId] = [t0].[Id]
      WHERE [p].[IsDeleted] = CAST(0 AS bit) AND [p].[PrescriptionDate] >= @__monthStart_0
info: Microsoft.EntityFrameworkCore.Database.Command[20101]
      Executed DbCommand (0ms) [Parameters=[], CommandType='Text', CommandTimeout='30']
      SELECT COALESCE(SUM([w].[Quantity] * [t].[PurchasePrice]), 0.0)
      FROM [WarehouseStocks] AS [w]
      INNER JOIN (
          SELECT [i].[Id], [i].[PurchasePrice]
          FROM [Items] AS [i]
          WHERE [i].[IsDeleted] = CAST(0 AS bit)
      ) AS [t] ON [w].[ItemId] = [t].[Id]
info: Microsoft.EntityFrameworkCore.Database.Command[20101]
      Executed DbCommand (0ms) [Parameters=[], CommandType='Text', CommandTimeout='30']
      SELECT COUNT(*)
      FROM [Beds] AS [b]
      WHERE [b].[IsDeleted] = CAST(0 AS bit)
info: Microsoft.EntityFrameworkCore.Database.Command[20101]
      Executed DbCommand (0ms) [Parameters=[], CommandType='Text', CommandTimeout='30']
      SELECT COUNT(*)
      FROM [Beds] AS [b]
      WHERE [b].[IsDeleted] = CAST(0 AS bit) AND [b].[Status] = N'Occupied'
